tanggal,caturwulan,moda,id_prasarana,nama_prasarana,provinsi,lat,lon,tipe,armada_datang,penumpang_datang,armada_berangkat,penumpang_berangkat,total_penumpang,total_armada,peran_baris
2026-04-17,T1,ASDP,4256,Maccini Baji,Sulawesi Selatan,-4.9317017,119.515625,,0,0,1,0,0,1,Baris Riil Transaksi Aktif
2026-04-17,T1,ASDP,4256,Maccini Baji,Sulawesi Selatan,-4.9317017,119.515625,,0,0,1,8,8,1,Baris Riil Transaksi Aktif
2026-05-01,T2,ASDP,4256,Maccini Baji,Sulawesi Selatan,-4.9317017,119.515625,,0,0,1,1,1,1,Baris Riil Transaksi Aktif
2026-05-01,T2,ASDP,4256,Maccini Baji,Sulawesi Selatan,-4.9317017,119.515625,,0,0,1,7,7,1,Baris Riil Transaksi Aktif
2026-05-03,T2,ASDP,4256,Maccini Baji,Sulawesi Selatan,-4.9317017,119.515625,,0,0,1,3,3,1,Baris Riil Transaksi Aktif
2026-05-03,T2,ASDP,4256,Maccini Baji,Sulawesi Selatan,-4.9317017,119.515625,,0,0,1,13,13,1,Baris Riil Transaksi Aktif
2026-04-17,T1,ASDP,4247,Sabutung,Sulawesi Selatan,,,,0,0,1,1,1,1,Baris Riil Transaksi Aktif
2026-04-17,T1,ASDP,4247,Sabutung,Sulawesi Selatan,,,,0,0,1,9,9,1,Baris Riil Transaksi Aktif
2026-05-01,T2,ASDP,4247,Sabutung,Sulawesi Selatan,,,,0,0,2,4,4,2,Baris Riil Transaksi Aktif
2026-05-01,T2,ASDP,4247,Sabutung,Sulawesi Selatan,,,,0,0,1,6,6,1,Baris Riil Transaksi Aktif
2026-05-03,T2,ASDP,4247,Sabutung,Sulawesi Selatan,,,,0,0,1,29,29,1,Baris Riil Transaksi Aktif
2026-05-03,T2,ASDP,4247,Sabutung,Sulawesi Selatan,,,,0,0,1,51,51,1,Baris Riil Transaksi Aktif
2026-09-13,T3,KA,ARB,ARASKABU,Sumatera Utara,3.61279,98.84784,,6,36,7,34,70,13,Baris Riil Transaksi Aktif
2026-09-13,T3,KA,ARB,ARASKABU,Sumatera Utara,3.61279,98.84784,,2,78,2,104,182,4,Baris Riil Transaksi Aktif
2026-09-14,T3,KA,ARB,ARASKABU,Sumatera Utara,3.61279,98.84784,,4,14,6,29,43,10,Baris Riil Transaksi Aktif
2026-09-14,T3,KA,ARB,ARASKABU,Sumatera Utara,3.61279,98.84784,,2,14,2,52,66,4,Baris Riil Transaksi Aktif
2026-09-15,T3,KA,ARB,ARASKABU,Sumatera Utara,3.61279,98.84784,,7,22,7,34,56,14,Baris Riil Transaksi Aktif
2026-09-15,T3,KA,ARB,ARASKABU,Sumatera Utara,3.61279,98.84784,,1,26,2,51,77,3,Baris Riil Transaksi Aktif
2026-09-16,T3,KA,ARB,ARASKABU,Sumatera Utara,3.61279,98.84784,,1,16,2,45,61,3,Baris Riil Transaksi Aktif
2026-09-16,T3,KA,ARB,ARASKABU,Sumatera Utara,3.61279,98.84784,,6,25,6,20,45,12,Baris Riil Transaksi Aktif
2026-09-17,T3,KA,ARB,ARASKABU,Sumatera Utara,3.61279,98.84784,,6,23,6,25,48,12,Baris Riil Transaksi Aktif
2026-09-17,T3,KA,ARB,ARASKABU,Sumatera Utara,3.61279,98.84784,,2,25,2,34,59,4,Baris Riil Transaksi Aktif
2026-09-18,T3,KA,ARB,ARASKABU,Sumatera Utara,3.61279,98.84784,,2,9,2,59,68,4,Baris Riil Transaksi Aktif
2026-09-18,T3,KA,ARB,ARASKABU,Sumatera Utara,3.61279,98.84784,,7,33,7,33,66,14,Baris Riil Transaksi Aktif
2026-09-19,T3,KA,ARB,ARASKABU,Sumatera Utara,3.61279,98.84784,,7,30,7,25,55,14,Baris Riil Transaksi Aktif
2026-09-19,T3,KA,ARB,ARASKABU,Sumatera Utara,3.61279,98.84784,,2,33,2,63,96,4,Baris Riil Transaksi Aktif
2026-09-20,T3,KA,ARB,ARASKABU,Sumatera Utara,3.61279,98.84784,,7,19,8,21,40,15,Baris Riil Transaksi Aktif
2026-09-20,T3,KA,ARB,ARASKABU,Sumatera Utara,3.61279,98.84784,,2,49,2,106,155,4,Baris Riil Transaksi Aktif
2026-09-21,T3,KA,ARB,ARASKABU,Sumatera Utara,3.61279,98.84784,,2,23,2,41,64,4,Baris Riil Transaksi Aktif
2026-09-21,T3,KA,ARB,ARASKABU,Sumatera Utara,3.61279,98.84784,,5,40,5,25,65,10,Baris Riil Transaksi Aktif
2026-09-22,T3,KA,ARB,ARASKABU,Sumatera Utara,3.61279,98.84784,,5,26,5,16,42,10,Baris Riil Transaksi Aktif
2026-09-22,T3,KA,ARB,ARASKABU,Sumatera Utara,3.61279,98.84784,,2,26,2,40,66,4,Baris Riil Transaksi Aktif
2026-09-23,T3,KA,ARB,ARASKABU,Sumatera Utara,3.61279,98.84784,,2,4,2,34,38,4,Baris Riil Transaksi Aktif
2026-09-23,T3,KA,ARB,ARASKABU,Sumatera Utara,3.61279,98.84784,,8,25,6,16,41,14,Baris Riil Transaksi Aktif
2026-09-24,T3,KA,ARB,ARASKABU,Sumatera Utara,3.61279,98.84784,,2,15,2,44,59,4,Baris Riil Transaksi Aktif
2026-09-24,T3,KA,ARB,ARASKABU,Sumatera Utara,3.61279,98.84784,,6,23,4,11,34,10,Baris Riil Transaksi Aktif
2026-09-25,T3,KA,ARB,ARASKABU,Sumatera Utara,3.61279,98.84784,,6,18,7,29,47,13,Baris Riil Transaksi Aktif
2026-09-25,T3,KA,ARB,ARASKABU,Sumatera Utara,3.61279,98.84784,,2,23,2,39,62,4,Baris Riil Transaksi Aktif
2026-09-26,T3,KA,ARB,ARASKABU,Sumatera Utara,3.61279,98.84784,,5,20,4,12,32,9,Baris Riil Transaksi Aktif
2026-09-26,T3,KA,ARB,ARASKABU,Sumatera Utara,3.61279,98.84784,,2,32,2,64,96,4,Baris Riil Transaksi Aktif
2026-09-27,T3,KA,ARB,ARASKABU,Sumatera Utara,3.61279,98.84784,,6,26,7,24,50,13,Baris Riil Transaksi Aktif
2026-09-27,T3,KA,ARB,ARASKABU,Sumatera Utara,3.61279,98.84784,,2,27,2,96,123,4,Baris Riil Transaksi Aktif
2026-09-28,T3,KA,ARB,ARASKABU,Sumatera Utara,3.61279,98.84784,,2,21,2,50,71,4,Baris Riil Transaksi Aktif
2026-09-28,T3,KA,ARB,ARASKABU,Sumatera Utara,3.61279,98.84784,,8,36,7,39,75,15,Baris Riil Transaksi Aktif
2026-09-29,T3,KA,ARB,ARASKABU,Sumatera Utara,3.61279,98.84784,,1,2,2,39,41,3,Baris Riil Transaksi Aktif
2026-09-29,T3,KA,ARB,ARASKABU,Sumatera Utara,3.61279,98.84784,,5,15,5,13,28,10,Baris Riil Transaksi Aktif
2026-09-13,T3,KA,BAP,BANDARHALIPAH,Sumatera Utara,3.594270828,98.75707415,,4,15,2,35,50,6,Baris Riil Transaksi Aktif
2026-09-13,T3,KA,BAP,BANDARHALIPAH,Sumatera Utara,3.594270828,98.75707415,,6,260,7,234,494,13,Baris Riil Transaksi Aktif
2026-09-14,T3,KA,BAP,BANDARHALIPAH,Sumatera Utara,3.594270828,98.75707415,,3,5,2,24,29,5,Baris Riil Transaksi Aktif
2026-09-14,T3,KA,BAP,BANDARHALIPAH,Sumatera Utara,3.594270828,98.75707415,,6,171,6,214,385,12,Baris Riil Transaksi Aktif
2026-09-15,T3,KA,BAP,BANDARHALIPAH,Sumatera Utara,3.594270828,98.75707415,,2,2,3,17,19,5,Baris Riil Transaksi Aktif
2026-09-15,T3,KA,BAP,BANDARHALIPAH,Sumatera Utara,3.594270828,98.75707415,,6,138,6,206,344,12,Baris Riil Transaksi Aktif
2026-09-16,T3,KA,BAP,BANDARHALIPAH,Sumatera Utara,3.594270828,98.75707415,,1,1,2,14,15,3,Baris Riil Transaksi Aktif
2026-09-16,T3,KA,BAP,BANDARHALIPAH,Sumatera Utara,3.594270828,98.75707415,,7,125,6,153,278,13,Baris Riil Transaksi Aktif
2026-09-17,T3,KA,BAP,BANDARHALIPAH,Sumatera Utara,3.594270828,98.75707415,,1,1,2,20,21,3,Baris Riil Transaksi Aktif
2026-09-17,T3,KA,BAP,BANDARHALIPAH,Sumatera Utara,3.594270828,98.75707415,,6,125,7,167,292,13,Baris Riil Transaksi Aktif
2026-09-18,T3,KA,BAP,BANDARHALIPAH,Sumatera Utara,3.594270828,98.75707415,,1,4,2,16,20,3,Baris Riil Transaksi Aktif
2026-09-18,T3,KA,BAP,BANDARHALIPAH,Sumatera Utara,3.594270828,98.75707415,,9,177,6,231,408,15,Baris Riil Transaksi Aktif
2026-09-19,T3,KA,BAP,BANDARHALIPAH,Sumatera Utara,3.594270828,98.75707415,,3,11,3,12,23,6,Baris Riil Transaksi Aktif
2026-09-19,T3,KA,BAP,BANDARHALIPAH,Sumatera Utara,3.594270828,98.75707415,,6,173,6,245,418,12,Baris Riil Transaksi Aktif
2026-09-20,T3,KA,BAP,BANDARHALIPAH,Sumatera Utara,3.594270828,98.75707415,,3,8,4,24,32,7,Baris Riil Transaksi Aktif
2026-09-20,T3,KA,BAP,BANDARHALIPAH,Sumatera Utara,3.594270828,98.75707415,,7,499,7,405,904,14,Baris Riil Transaksi Aktif
2026-09-21,T3,KA,BAP,BANDARHALIPAH,Sumatera Utara,3.594270828,98.75707415,,2,3,2,13,16,4,Baris Riil Transaksi Aktif
2026-09-21,T3,KA,BAP,BANDARHALIPAH,Sumatera Utara,3.594270828,98.75707415,,6,186,6,243,429,12,Baris Riil Transaksi Aktif
2026-09-22,T3,KA,BAP,BANDARHALIPAH,Sumatera Utara,3.594270828,98.75707415,,3,4,3,25,29,6,Baris Riil Transaksi Aktif
2026-09-22,T3,KA,BAP,BANDARHALIPAH,Sumatera Utara,3.594270828,98.75707415,,6,130,6,198,328,12,Baris Riil Transaksi Aktif
2026-09-23,T3,KA,BAP,BANDARHALIPAH,Sumatera Utara,3.594270828,98.75707415,,2,7,2,24,31,4,Baris Riil Transaksi Aktif
2026-09-23,T3,KA,BAP,BANDARHALIPAH,Sumatera Utara,3.594270828,98.75707415,,6,163,6,137,300,12,Baris Riil Transaksi Aktif
2026-09-24,T3,KA,BAP,BANDARHALIPAH,Sumatera Utara,3.594270828,98.75707415,,2,3,2,21,24,4,Baris Riil Transaksi Aktif
2026-09-24,T3,KA,BAP,BANDARHALIPAH,Sumatera Utara,3.594270828,98.75707415,,6,156,6,180,336,12,Baris Riil Transaksi Aktif
2026-09-25,T3,KA,BAP,BANDARHALIPAH,Sumatera Utara,3.594270828,98.75707415,,2,7,2,19,26,4,Baris Riil Transaksi Aktif
2026-09-25,T3,KA,BAP,BANDARHALIPAH,Sumatera Utara,3.594270828,98.75707415,,6,185,7,219,404,13,Baris Riil Transaksi Aktif
2026-09-26,T3,KA,BAP,BANDARHALIPAH,Sumatera Utara,3.594270828,98.75707415,,2,2,2,24,26,4,Baris Riil Transaksi Aktif
2026-09-26,T3,KA,BAP,BANDARHALIPAH,Sumatera Utara,3.594270828,98.75707415,,6,130,6,228,358,12,Baris Riil Transaksi Aktif
2026-09-27,T3,KA,BAP,BANDARHALIPAH,Sumatera Utara,3.594270828,98.75707415,,1,10,2,34,44,3,Baris Riil Transaksi Aktif
2026-09-27,T3,KA,BAP,BANDARHALIPAH,Sumatera Utara,3.594270828,98.75707415,,6,221,6,235,456,12,Baris Riil Transaksi Aktif
2026-09-28,T3,KA,BAP,BANDARHALIPAH,Sumatera Utara,3.594270828,98.75707415,,2,3,2,16,19,4,Baris Riil Transaksi Aktif
2026-09-28,T3,KA,BAP,BANDARHALIPAH,Sumatera Utara,3.594270828,98.75707415,,6,193,6,216,409,12,Baris Riil Transaksi Aktif
2026-09-29,T3,KA,BAP,BANDARHALIPAH,Sumatera Utara,3.594270828,98.75707415,,1,1,1,11,12,2,Baris Riil Transaksi Aktif
2026-09-29,T3,KA,BAP,BANDARHALIPAH,Sumatera Utara,3.594270828,98.75707415,,6,124,5,137,261,11,Baris Riil Transaksi Aktif
2026-09-13,T3,KA,BTK,BATANGKUIS,Sumatera Utara,3.59424,98.75623,,1,9,2,83,92,3,Baris Riil Transaksi Aktif
2026-09-13,T3,KA,BTK,BATANGKUIS,Sumatera Utara,3.59424,98.75623,,5,53,6,57,110,11,Baris Riil Transaksi Aktif
2026-09-14,T3,KA,BTK,BATANGKUIS,Sumatera Utara,3.59424,98.75623,,2,24,2,29,53,4,Baris Riil Transaksi Aktif
2026-09-14,T3,KA,BTK,BATANGKUIS,Sumatera Utara,3.59424,98.75623,,5,63,4,75,138,9,Baris Riil Transaksi Aktif
2026-09-15,T3,KA,BTK,BATANGKUIS,Sumatera Utara,3.59424,98.75623,,2,5,2,23,28,4,Baris Riil Transaksi Aktif
2026-09-15,T3,KA,BTK,BATANGKUIS,Sumatera Utara,3.59424,98.75623,,4,32,4,48,80,8,Baris Riil Transaksi Aktif
2026-09-16,T3,KA,BTK,BATANGKUIS,Sumatera Utara,3.59424,98.75623,,1,11,1,27,38,2,Baris Riil Transaksi Aktif
2026-09-16,T3,KA,BTK,BATANGKUIS,Sumatera Utara,3.59424,98.75623,,4,40,3,47,87,7,Baris Riil Transaksi Aktif
2026-09-17,T3,KA,BTK,BATANGKUIS,Sumatera Utara,3.59424,98.75623,,2,5,2,24,29,4,Baris Riil Transaksi Aktif
2026-09-17,T3,KA,BTK,BATANGKUIS,Sumatera Utara,3.59424,98.75623,,5,33,5,30,63,10,Baris Riil Transaksi Aktif
2026-09-18,T3,KA,BTK,BATANGKUIS,Sumatera Utara,3.59424,98.75623,,2,7,2,34,41,4,Baris Riil Transaksi Aktif
2026-09-18,T3,KA,BTK,BATANGKUIS,Sumatera Utara,3.59424,98.75623,,5,79,4,82,161,9,Baris Riil Transaksi Aktif
2026-09-19,T3,KA,BTK,BATANGKUIS,Sumatera Utara,3.59424,98.75623,,2,6,3,33,39,5,Baris Riil Transaksi Aktif
2026-09-19,T3,KA,BTK,BATANGKUIS,Sumatera Utara,3.59424,98.75623,,4,74,3,47,121,7,Baris Riil Transaksi Aktif
2026-09-20,T3,KA,BTK,BATANGKUIS,Sumatera Utara,3.59424,98.75623,,2,13,2,25,38,4,Baris Riil Transaksi Aktif
2026-09-20,T3,KA,BTK,BATANGKUIS,Sumatera Utara,3.59424,98.75623,,6,118,6,93,211,12,Baris Riil Transaksi Aktif
2026-09-21,T3,KA,BTK,BATANGKUIS,Sumatera Utara,3.59424,98.75623,,1,9,2,34,43,3,Baris Riil Transaksi Aktif
2026-09-21,T3,KA,BTK,BATANGKUIS,Sumatera Utara,3.59424,98.75623,,4,29,4,65,94,8,Baris Riil Transaksi Aktif
2026-09-22,T3,KA,BTK,BATANGKUIS,Sumatera Utara,3.59424,98.75623,,1,3,2,30,33,3,Baris Riil Transaksi Aktif
2026-09-22,T3,KA,BTK,BATANGKUIS,Sumatera Utara,3.59424,98.75623,,3,35,4,46,81,7,Baris Riil Transaksi Aktif
2026-09-23,T3,KA,BTK,BATANGKUIS,Sumatera Utara,3.59424,98.75623,,2,3,2,28,31,4,Baris Riil Transaksi Aktif
2026-09-23,T3,KA,BTK,BATANGKUIS,Sumatera Utara,3.59424,98.75623,,3,40,7,55,95,10,Baris Riil Transaksi Aktif
2026-09-24,T3,KA,BTK,BATANGKUIS,Sumatera Utara,3.59424,98.75623,,1,8,2,24,32,3,Baris Riil Transaksi Aktif
2026-09-24,T3,KA,BTK,BATANGKUIS,Sumatera Utara,3.59424,98.75623,,4,27,4,37,64,8,Baris Riil Transaksi Aktif
2026-09-25,T3,KA,BTK,BATANGKUIS,Sumatera Utara,3.59424,98.75623,,2,4,2,20,24,4,Baris Riil Transaksi Aktif
2026-09-25,T3,KA,BTK,BATANGKUIS,Sumatera Utara,3.59424,98.75623,,4,49,4,31,80,8,Baris Riil Transaksi Aktif
2026-09-26,T3,KA,BTK,BATANGKUIS,Sumatera Utara,3.59424,98.75623,,1,6,2,25,31,3,Baris Riil Transaksi Aktif
2026-09-26,T3,KA,BTK,BATANGKUIS,Sumatera Utara,3.59424,98.75623,,5,36,4,41,77,9,Baris Riil Transaksi Aktif
2026-09-27,T3,KA,BTK,BATANGKUIS,Sumatera Utara,3.59424,98.75623,,1,8,2,67,75,3,Baris Riil Transaksi Aktif
2026-09-27,T3,KA,BTK,BATANGKUIS,Sumatera Utara,3.59424,98.75623,,3,23,5,46,69,8,Baris Riil Transaksi Aktif
2026-09-28,T3,KA,BTK,BATANGKUIS,Sumatera Utara,3.59424,98.75623,,2,4,2,24,28,4,Baris Riil Transaksi Aktif
2026-09-28,T3,KA,BTK,BATANGKUIS,Sumatera Utara,3.59424,98.75623,,5,38,3,65,103,8,Baris Riil Transaksi Aktif
2026-09-13,T3,KA,MDN,MEDAN,Sumatera Utara,3.592077149,98.67885399,,2,220,3,324,544,5,Baris Riil Transaksi Aktif
2026-09-13,T3,KA,MDN,MEDAN,Sumatera Utara,3.592077149,98.67885399,,6,2334,6,2308,4642,12,Baris Riil Transaksi Aktif
2026-09-14,T3,KA,MDN,MEDAN,Sumatera Utara,3.592077149,98.67885399,,2,103,3,265,368,5,Baris Riil Transaksi Aktif
2026-09-14,T3,KA,MDN,MEDAN,Sumatera Utara,3.592077149,98.67885399,,6,1967,6,1974,3941,12,Baris Riil Transaksi Aktif
2026-09-15,T3,KA,MDN,MEDAN,Sumatera Utara,3.592077149,98.67885399,,2,88,3,254,342,5,Baris Riil Transaksi Aktif
2026-09-15,T3,KA,MDN,MEDAN,Sumatera Utara,3.592077149,98.67885399,,6,1636,6,1784,3420,12,Baris Riil Transaksi Aktif
2026-09-16,T3,KA,MDN,MEDAN,Sumatera Utara,3.592077149,98.67885399,,2,85,2,251,336,4,Baris Riil Transaksi Aktif
2026-09-16,T3,KA,MDN,MEDAN,Sumatera Utara,3.592077149,98.67885399,,6,1687,6,1636,3323,12,Baris Riil Transaksi Aktif
2026-09-17,T3,KA,MDN,MEDAN,Sumatera Utara,3.592077149,98.67885399,,2,77,3,254,331,5,Baris Riil Transaksi Aktif
2026-09-17,T3,KA,MDN,MEDAN,Sumatera Utara,3.592077149,98.67885399,,6,1929,6,1726,3655,12,Baris Riil Transaksi Aktif
2026-09-18,T3,KA,MDN,MEDAN,Sumatera Utara,3.592077149,98.67885399,,2,109,3,244,353,5,Baris Riil Transaksi Aktif
2026-09-18,T3,KA,MDN,MEDAN,Sumatera Utara,3.592077149,98.67885399,,6,2309,6,2011,4320,12,Baris Riil Transaksi Aktif
2026-09-19,T3,KA,MDN,MEDAN,Sumatera Utara,3.592077149,98.67885399,,2,101,3,267,368,5,Baris Riil Transaksi Aktif
2026-09-19,T3,KA,MDN,MEDAN,Sumatera Utara,3.592077149,98.67885399,,6,2144,6,1919,4063,12,Baris Riil Transaksi Aktif
2026-09-20,T3,KA,MDN,MEDAN,Sumatera Utara,3.592077149,98.67885399,,2,146,3,285,431,5,Baris Riil Transaksi Aktif
2026-09-20,T3,KA,MDN,MEDAN,Sumatera Utara,3.592077149,98.67885399,,6,1948,6,2122,4070,12,Baris Riil Transaksi Aktif
2026-09-21,T3,KA,MDN,MEDAN,Sumatera Utara,3.592077149,98.67885399,,2,86,3,257,343,5,Baris Riil Transaksi Aktif
2026-09-21,T3,KA,MDN,MEDAN,Sumatera Utara,3.592077149,98.67885399,,6,1907,6,1966,3873,12,Baris Riil Transaksi Aktif
2026-09-22,T3,KA,MDN,MEDAN,Sumatera Utara,3.592077149,98.67885399,,2,92,3,254,346,5,Baris Riil Transaksi Aktif
2026-09-22,T3,KA,MDN,MEDAN,Sumatera Utara,3.592077149,98.67885399,,6,1686,6,1728,3414,12,Baris Riil Transaksi Aktif
2026-09-23,T3,KA,MDN,MEDAN,Sumatera Utara,3.592077149,98.67885399,,2,86,3,238,324,5,Baris Riil Transaksi Aktif
2026-09-23,T3,KA,MDN,MEDAN,Sumatera Utara,3.592077149,98.67885399,,6,1582,6,1610,3192,12,Baris Riil Transaksi Aktif
2026-09-24,T3,KA,MDN,MEDAN,Sumatera Utara,3.592077149,98.67885399,,2,86,3,247,333,5,Baris Riil Transaksi Aktif
2026-09-24,T3,KA,MDN,MEDAN,Sumatera Utara,3.592077149,98.67885399,,6,2058,6,1713,3771,12,Baris Riil Transaksi Aktif
2026-09-25,T3,KA,MDN,MEDAN,Sumatera Utara,3.592077149,98.67885399,,2,75,3,255,330,5,Baris Riil Transaksi Aktif
2026-09-25,T3,KA,MDN,MEDAN,Sumatera Utara,3.592077149,98.67885399,,6,2446,6,2115,4561,12,Baris Riil Transaksi Aktif
2026-09-26,T3,KA,MDN,MEDAN,Sumatera Utara,3.592077149,98.67885399,,2,112,3,263,375,5,Baris Riil Transaksi Aktif
2026-09-26,T3,KA,MDN,MEDAN,Sumatera Utara,3.592077149,98.67885399,,6,2202,6,2045,4247,12,Baris Riil Transaksi Aktif
2026-09-27,T3,KA,MDN,MEDAN,Sumatera Utara,3.592077149,98.67885399,,2,197,3,269,466,5,Baris Riil Transaksi Aktif
2026-09-27,T3,KA,MDN,MEDAN,Sumatera Utara,3.592077149,98.67885399,,6,2268,6,2279,4547,12,Baris Riil Transaksi Aktif
2026-09-28,T3,KA,MDN,MEDAN,Sumatera Utara,3.592077149,98.67885399,,2,86,3,248,334,5,Baris Riil Transaksi Aktif
2026-09-28,T3,KA,MDN,MEDAN,Sumatera Utara,3.592077149,98.67885399,,6,1979,6,2067,4046,12,Baris Riil Transaksi Aktif
2026-09-29,T3,KA,MDN,MEDAN,Sumatera Utara,3.592077149,98.67885399,,2,60,2,226,286,4,Baris Riil Transaksi Aktif
2026-09-29,T3,KA,MDN,MEDAN,Sumatera Utara,3.592077149,98.67885399,,6,1329,6,1336,2665,12,Baris Riil Transaksi Aktif
2026-01-01,T1,KA,YK,YOGYAKARTA,D.I. Yogyakarta,-7.789210678,110.3634382,,13,1529,12,1538,3067,25,Baris Riil Transaksi Aktif
2026-01-01,T1,KA,YK,YOGYAKARTA,D.I. Yogyakarta,-7.789210678,110.3634382,,93,12213,93,15662,27875,186,Baris Riil Transaksi Aktif
2026-01-02,T1,KA,YK,YOGYAKARTA,D.I. Yogyakarta,-7.789210678,110.3634382,,13,1639,12,1529,3168,25,Baris Riil Transaksi Aktif
2026-01-02,T1,KA,YK,YOGYAKARTA,D.I. Yogyakarta,-7.789210678,110.3634382,,96,11519,93,15701,27220,189,Baris Riil Transaksi Aktif
2026-01-03,T1,KA,YK,YOGYAKARTA,D.I. Yogyakarta,-7.789210678,110.3634382,,13,1772,12,1524,3296,25,Baris Riil Transaksi Aktif
2026-01-03,T1,KA,YK,YOGYAKARTA,D.I. Yogyakarta,-7.789210678,110.3634382,,92,10968,93,15190,26158,185,Baris Riil Transaksi Aktif
2026-01-04,T1,KA,YK,YOGYAKARTA,D.I. Yogyakarta,-7.789210678,110.3634382,,13,2210,12,1890,4100,25,Baris Riil Transaksi Aktif
2026-01-04,T1,KA,YK,YOGYAKARTA,D.I. Yogyakarta,-7.789210678,110.3634382,,94,12398,94,15556,27954,188,Baris Riil Transaksi Aktif
2026-01-05,T1,KA,YK,YOGYAKARTA,D.I. Yogyakarta,-7.789210678,110.3634382,,13,1527,12,1619,3146,25,Baris Riil Transaksi Aktif
2026-01-05,T1,KA,YK,YOGYAKARTA,D.I. Yogyakarta,-7.789210678,110.3634382,,84,8525,83,10168,18693,167,Baris Riil Transaksi Aktif
2026-01-06,T1,KA,YK,YOGYAKARTA,D.I. Yogyakarta,-7.789210678,110.3634382,,13,1212,12,1144,2356,25,Baris Riil Transaksi Aktif
2026-01-06,T1,KA,YK,YOGYAKARTA,D.I. Yogyakarta,-7.789210678,110.3634382,,78,6900,78,7939,14839,156,Baris Riil Transaksi Aktif
2026-01-07,T1,KA,YK,YOGYAKARTA,D.I. Yogyakarta,-7.789210678,110.3634382,,13,1225,12,1073,2298,25,Baris Riil Transaksi Aktif
2026-01-07,T1,KA,YK,YOGYAKARTA,D.I. Yogyakarta,-7.789210678,110.3634382,,79,7498,77,7334,14832,156,Baris Riil Transaksi Aktif
2026-01-08,T1,KA,YK,YOGYAKARTA,D.I. Yogyakarta,-7.789210678,110.3634382,,13,1544,12,1024,2568,25,Baris Riil Transaksi Aktif
2026-01-08,T1,KA,YK,YOGYAKARTA,D.I. Yogyakarta,-7.789210678,110.3634382,,82,8662,81,7327,15989,163,Baris Riil Transaksi Aktif
2026-01-09,T1,KA,YK,YOGYAKARTA,D.I. Yogyakarta,-7.789210678,110.3634382,,13,1529,12,1138,2667,25,Baris Riil Transaksi Aktif
2026-01-09,T1,KA,YK,YOGYAKARTA,D.I. Yogyakarta,-7.789210678,110.3634382,,82,10473,80,8853,19326,162,Baris Riil Transaksi Aktif
2026-01-10,T1,KA,YK,YOGYAKARTA,D.I. Yogyakarta,-7.789210678,110.3634382,,13,1593,12,1290,2883,25,Baris Riil Transaksi Aktif
2026-01-10,T1,KA,YK,YOGYAKARTA,D.I. Yogyakarta,-7.789210678,110.3634382,,80,7942,79,9126,17068,159,Baris Riil Transaksi Aktif
2026-01-11,T1,KA,YK,YOGYAKARTA,D.I. Yogyakarta,-7.789210678,110.3634382,,13,1339,12,1337,2676,25,Baris Riil Transaksi Aktif
2026-01-11,T1,KA,YK,YOGYAKARTA,D.I. Yogyakarta,-7.789210678,110.3634382,,80,7408,81,12894,20302,161,Baris Riil Transaksi Aktif
2026-01-12,T1,KA,YK,YOGYAKARTA,D.I. Yogyakarta,-7.789210678,110.3634382,,13,1356,12,1033,2389,25,Baris Riil Transaksi Aktif
2026-01-12,T1,KA,YK,YOGYAKARTA,D.I. Yogyakarta,-7.789210678,110.3634382,,80,6820,79,6768,13588,159,Baris Riil Transaksi Aktif
2026-01-13,T1,KA,YK,YOGYAKARTA,D.I. Yogyakarta,-7.789210678,110.3634382,,13,1205,12,925,2130,25,Baris Riil Transaksi Aktif
2026-01-13,T1,KA,YK,YOGYAKARTA,D.I. Yogyakarta,-7.789210678,110.3634382,,81,6369,79,5689,12058,160,Baris Riil Transaksi Aktif
2026-01-14,T1,KA,YK,YOGYAKARTA,D.I. Yogyakarta,-7.789210678,110.3634382,,13,1332,12,1032,2364,25,Baris Riil Transaksi Aktif
2026-01-14,T1,KA,YK,YOGYAKARTA,D.I. Yogyakarta,-7.789210678,110.3634382,,78,8229,77,5977,14206,155,Baris Riil Transaksi Aktif
2026-01-15,T1,KA,YK,YOGYAKARTA,D.I. Yogyakarta,-7.789210678,110.3634382,,13,2094,12,1413,3507,25,Baris Riil Transaksi Aktif
2026-01-15,T1,KA,YK,YOGYAKARTA,D.I. Yogyakarta,-7.789210678,110.3634382,,83,14236,81,9697,23933,164,Baris Riil Transaksi Aktif
2026-01-16,T1,KA,YK,YOGYAKARTA,D.I. Yogyakarta,-7.789210678,110.3634382,,13,1735,12,1312,3047,25,Baris Riil Transaksi Aktif
2026-01-16,T1,KA,YK,YOGYAKARTA,D.I. Yogyakarta,-7.789210678,110.3634382,,81,13479,80,8237,21716,161,Baris Riil Transaksi Aktif
2026-01-17,T1,KA,YK,YOGYAKARTA,D.I. Yogyakarta,-7.789210678,110.3634382,,13,918,12,850,1768,25,Baris Riil Transaksi Aktif
2026-01-17,T1,KA,YK,YOGYAKARTA,D.I. Yogyakarta,-7.789210678,110.3634382,,82,6919,79,10646,17565,161,Baris Riil Transaksi Aktif
2026-01-18,T1,KA,YK,YOGYAKARTA,D.I. Yogyakarta,-7.789210678,110.3634382,,13,1512,12,1550,3062,25,Baris Riil Transaksi Aktif
2026-01-18,T1,KA,YK,YOGYAKARTA,D.I. Yogyakarta,-7.789210678,110.3634382,,77,10003,78,16589,26592,155,Baris Riil Transaksi Aktif
2026-01-19,T1,KA,YK,YOGYAKARTA,D.I. Yogyakarta,-7.789210678,110.3634382,,13,1094,12,1233,2327,25,Baris Riil Transaksi Aktif
2026-01-19,T1,KA,YK,YOGYAKARTA,D.I. Yogyakarta,-7.789210678,110.3634382,,77,6914,76,9588,16502,153,Baris Riil Transaksi Aktif
2026-01-20,T1,KA,YK,YOGYAKARTA,D.I. Yogyakarta,-7.789210678,110.3634382,,13,1117,12,849,1966,25,Baris Riil Transaksi Aktif
2026-01-20,T1,KA,YK,YOGYAKARTA,D.I. Yogyakarta,-7.789210678,110.3634382,,78,6572,76,5717,12289,154,Baris Riil Transaksi Aktif
2026-01-21,T1,KA,YK,YOGYAKARTA,D.I. Yogyakarta,-7.789210678,110.3634382,,13,1086,12,799,1885,25,Baris Riil Transaksi Aktif
2026-01-21,T1,KA,YK,YOGYAKARTA,D.I. Yogyakarta,-7.789210678,110.3634382,,76,6644,74,5771,12415,150,Baris Riil Transaksi Aktif
2026-01-22,T1,KA,YK,YOGYAKARTA,D.I. Yogyakarta,-7.789210678,110.3634382,,13,1012,12,1010,2022,25,Baris Riil Transaksi Aktif
2026-01-22,T1,KA,YK,YOGYAKARTA,D.I. Yogyakarta,-7.789210678,110.3634382,,79,7056,78,6270,13326,157,Baris Riil Transaksi Aktif
2026-01-23,T1,KA,YK,YOGYAKARTA,D.I. Yogyakarta,-7.789210678,110.3634382,,13,1021,12,1103,2124,25,Baris Riil Transaksi Aktif
2026-01-23,T1,KA,YK,YOGYAKARTA,D.I. Yogyakarta,-7.789210678,110.3634382,,82,10391,78,8187,18578,160,Baris Riil Transaksi Aktif
2026-01-24,T1,KA,YK,YOGYAKARTA,D.I. Yogyakarta,-7.789210678,110.3634382,,13,983,12,1043,2026,25,Baris Riil Transaksi Aktif
2026-01-24,T1,KA,YK,YOGYAKARTA,D.I. Yogyakarta,-7.789210678,110.3634382,,80,6976,80,8485,15461,160,Baris Riil Transaksi Aktif
2026-01-25,T1,KA,YK,YOGYAKARTA,D.I. Yogyakarta,-7.789210678,110.3634382,,13,1238,12,1180,2418,25,Baris Riil Transaksi Aktif
2026-01-25,T1,KA,YK,YOGYAKARTA,D.I. Yogyakarta,-7.789210678,110.3634382,,80,7570,82,13086,20656,162,Baris Riil Transaksi Aktif
2026-01-26,T1,KA,YK,YOGYAKARTA,D.I. Yogyakarta,-7.789210678,110.3634382,,13,940,12,937,1877,25,Baris Riil Transaksi Aktif
2026-01-26,T1,KA,YK,YOGYAKARTA,D.I. Yogyakarta,-7.789210678,110.3634382,,79,6667,78,6759,13426,157,Baris Riil Transaksi Aktif
2026-01-27,T1,KA,YK,YOGYAKARTA,D.I. Yogyakarta,-7.789210678,110.3634382,,13,740,12,657,1397,25,Baris Riil Transaksi Aktif
2026-01-27,T1,KA,YK,YOGYAKARTA,D.I. Yogyakarta,-7.789210678,110.3634382,,81,5774,79,5618,11392,160,Baris Riil Transaksi Aktif
2026-01-28,T1,KA,YK,YOGYAKARTA,D.I. Yogyakarta,-7.789210678,110.3634382,,13,1325,12,780,2105,25,Baris Riil Transaksi Aktif
2026-01-28,T1,KA,YK,YOGYAKARTA,D.I. Yogyakarta,-7.789210678,110.3634382,,81,6278,79,5714,11992,160,Baris Riil Transaksi Aktif
2026-01-29,T1,KA,YK,YOGYAKARTA,D.I. Yogyakarta,-7.789210678,110.3634382,,13,1078,12,842,1920,25,Baris Riil Transaksi Aktif
2026-01-29,T1,KA,YK,YOGYAKARTA,D.I. Yogyakarta,-7.789210678,110.3634382,,81,7326,80,6280,13606,161,Baris Riil Transaksi Aktif
2026-01-30,T1,KA,YK,YOGYAKARTA,D.I. Yogyakarta,-7.789210678,110.3634382,,13,1010,12,1000,2010,25,Baris Riil Transaksi Aktif
2026-01-30,T1,KA,YK,YOGYAKARTA,D.I. Yogyakarta,-7.789210678,110.3634382,,83,9779,80,8560,18339,163,Baris Riil Transaksi Aktif
2026-01-31,T1,KA,YK,YOGYAKARTA,D.I. Yogyakarta,-7.789210678,110.3634382,,13,1310,12,871,2181,25,Baris Riil Transaksi Aktif
2026-01-31,T1,KA,YK,YOGYAKARTA,D.I. Yogyakarta,-7.789210678,110.3634382,,80,7180,78,7467,14647,158,Baris Riil Transaksi Aktif
2026-02-01,T1,KA,YK,YOGYAKARTA,D.I. Yogyakarta,-7.789210678,110.3634382,,13,1457,12,1159,2616,25,Baris Riil Transaksi Aktif
2026-02-01,T1,KA,YK,YOGYAKARTA,D.I. Yogyakarta,-7.789210678,110.3634382,,56,4576,57,7346,11922,113,Baris Riil Transaksi Aktif
2026-02-02,T1,KA,YK,YOGYAKARTA,D.I. Yogyakarta,-7.789210678,110.3634382,,13,904,12,961,1865,25,Baris Riil Transaksi Aktif
2026-02-02,T1,KA,YK,YOGYAKARTA,D.I. Yogyakarta,-7.789210678,110.3634382,,51,3713,50,3530,7243,101,Baris Riil Transaksi Aktif
2026-02-03,T1,KA,YK,YOGYAKARTA,D.I. Yogyakarta,-7.789210678,110.3634382,,13,1287,12,919,2206,25,Baris Riil Transaksi Aktif
2026-02-03,T1,KA,YK,YOGYAKARTA,D.I. Yogyakarta,-7.789210678,110.3634382,,75,6342,73,5222,11564,148,Baris Riil Transaksi Aktif
2026-02-04,T1,KA,YK,YOGYAKARTA,D.I. Yogyakarta,-7.789210678,110.3634382,,13,1466,12,934,2400,25,Baris Riil Transaksi Aktif
2026-02-04,T1,KA,YK,YOGYAKARTA,D.I. Yogyakarta,-7.789210678,110.3634382,,74,7103,75,5615,12718,149,Baris Riil Transaksi Aktif
2026-02-05,T1,KA,YK,YOGYAKARTA,D.I. Yogyakarta,-7.789210678,110.3634382,,13,1486,12,989,2475,25,Baris Riil Transaksi Aktif
2026-02-05,T1,KA,YK,YOGYAKARTA,D.I. Yogyakarta,-7.789210678,110.3634382,,79,9229,80,7018,16247,159,Baris Riil Transaksi Aktif
2026-02-06,T1,KA,YK,YOGYAKARTA,D.I. Yogyakarta,-7.789210678,110.3634382,,13,1479,12,1146,2625,25,Baris Riil Transaksi Aktif
2026-02-06,T1,KA,YK,YOGYAKARTA,D.I. Yogyakarta,-7.789210678,110.3634382,,84,11624,80,8419,20043,164,Baris Riil Transaksi Aktif
2026-02-07,T1,KA,YK,YOGYAKARTA,D.I. Yogyakarta,-7.789210678,110.3634382,,13,1683,12,1078,2761,25,Baris Riil Transaksi Aktif
2026-02-07,T1,KA,YK,YOGYAKARTA,D.I. Yogyakarta,-7.789210678,110.3634382,,81,9504,80,8052,17556,161,Baris Riil Transaksi Aktif
2026-02-08,T1,KA,YK,YOGYAKARTA,D.I. Yogyakarta,-7.789210678,110.3634382,,13,2017,12,1485,3502,25,Baris Riil Transaksi Aktif
2026-02-08,T1,KA,YK,YOGYAKARTA,D.I. Yogyakarta,-7.789210678,110.3634382,,82,10896,82,13687,24583,164,Baris Riil Transaksi Aktif
2026-02-09,T1,KA,YK,YOGYAKARTA,D.I. Yogyakarta,-7.789210678,110.3634382,,13,1520,12,1100,2620,25,Baris Riil Transaksi Aktif
2026-02-09,T1,KA,YK,YOGYAKARTA,D.I. Yogyakarta,-7.789210678,110.3634382,,77,7524,77,7609,15133,154,Baris Riil Transaksi Aktif
2026-02-10,T1,KA,YK,YOGYAKARTA,D.I. Yogyakarta,-7.789210678,110.3634382,,13,1341,12,966,2307,25,Baris Riil Transaksi Aktif
2026-02-10,T1,KA,YK,YOGYAKARTA,D.I. Yogyakarta,-7.789210678,110.3634382,,78,7074,77,6590,13664,155,Baris Riil Transaksi Aktif
2026-02-11,T1,KA,YK,YOGYAKARTA,D.I. Yogyakarta,-7.789210678,110.3634382,,13,1617,12,1145,2762,25,Baris Riil Transaksi Aktif
2026-02-11,T1,KA,YK,YOGYAKARTA,D.I. Yogyakarta,-7.789210678,110.3634382,,78,8155,75,6773,14928,153,Baris Riil Transaksi Aktif
2026-02-12,T1,KA,YK,YOGYAKARTA,D.I. Yogyakarta,-7.789210678,110.3634382,,13,1625,12,1070,2695,25,Baris Riil Transaksi Aktif
2026-02-12,T1,KA,YK,YOGYAKARTA,D.I. Yogyakarta,-7.789210678,110.3634382,,80,9438,80,8009,17447,160,Baris Riil Transaksi Aktif
2026-02-13,T1,KA,YK,YOGYAKARTA,D.I. Yogyakarta,-7.789210678,110.3634382,,13,2159,12,1818,3977,25,Baris Riil Transaksi Aktif
2026-02-13,T1,KA,YK,YOGYAKARTA,D.I. Yogyakarta,-7.789210678,110.3634382,,83,13567,82,11949,25516,165,Baris Riil Transaksi Aktif
2026-02-14,T1,KA,YK,YOGYAKARTA,D.I. Yogyakarta,-7.789210678,110.3634382,,13,1976,12,1672,3648,25,Baris Riil Transaksi Aktif
2026-02-14,T1,KA,YK,YOGYAKARTA,D.I. Yogyakarta,-7.789210678,110.3634382,,82,14664,81,12062,26726,163,Baris Riil Transaksi Aktif
2026-02-15,T1,KA,YK,YOGYAKARTA,D.I. Yogyakarta,-7.789210678,110.3634382,,13,1761,12,1657,3418,25,Baris Riil Transaksi Aktif
2026-02-15,T1,KA,YK,YOGYAKARTA,D.I. Yogyakarta,-7.789210678,110.3634382,,84,11499,82,12032,23531,166,Baris Riil Transaksi Aktif
2026-02-16,T1,KA,YK,YOGYAKARTA,D.I. Yogyakarta,-7.789210678,110.3634382,,13,1272,12,1464,2736,25,Baris Riil Transaksi Aktif
2026-02-16,T1,KA,YK,YOGYAKARTA,D.I. Yogyakarta,-7.789210678,110.3634382,,80,7962,81,14242,22204,161,Baris Riil Transaksi Aktif
2026-02-17,T1,KA,YK,YOGYAKARTA,D.I. Yogyakarta,-7.789210678,110.3634382,,13,1072,12,1404,2476,25,Baris Riil Transaksi Aktif
2026-02-17,T1,KA,YK,YOGYAKARTA,D.I. Yogyakarta,-7.789210678,110.3634382,,82,8928,83,15225,24153,165,Baris Riil Transaksi Aktif
2026-02-18,T1,KA,YK,YOGYAKARTA,D.I. Yogyakarta,-7.789210678,110.3634382,,13,719,12,1119,1838,25,Baris Riil Transaksi Aktif
2026-02-18,T1,KA,YK,YOGYAKARTA,D.I. Yogyakarta,-7.789210678,110.3634382,,78,5261,80,8369,13630,158,Baris Riil Transaksi Aktif
2026-02-19,T1,KA,YK,YOGYAKARTA,D.I. Yogyakarta,-7.789210678,110.3634382,,13,629,12,709,1338,25,Baris Riil Transaksi Aktif
2026-02-19,T1,KA,YK,YOGYAKARTA,D.I. Yogyakarta,-7.789210678,110.3634382,,80,4449,78,4289,8738,158,Baris Riil Transaksi Aktif
2026-02-20,T1,KA,YK,YOGYAKARTA,D.I. Yogyakarta,-7.789210678,110.3634382,,13,676,12,650,1326,25,Baris Riil Transaksi Aktif
2026-02-20,T1,KA,YK,YOGYAKARTA,D.I. Yogyakarta,-7.789210678,110.3634382,,79,5197,80,4726,9923,159,Baris Riil Transaksi Aktif
2026-02-21,T1,KA,YK,YOGYAKARTA,D.I. Yogyakarta,-7.789210678,110.3634382,,13,773,12,648,1421,25,Baris Riil Transaksi Aktif
2026-02-21,T1,KA,YK,YOGYAKARTA,D.I. Yogyakarta,-7.789210678,110.3634382,,81,4287,76,4424,8711,157,Baris Riil Transaksi Aktif
2026-02-22,T1,KA,YK,YOGYAKARTA,D.I. Yogyakarta,-7.789210678,110.3634382,,13,821,12,1006,1827,25,Baris Riil Transaksi Aktif
2026-02-22,T1,KA,YK,YOGYAKARTA,D.I. Yogyakarta,-7.789210678,110.3634382,,77,5697,81,7203,12900,158,Baris Riil Transaksi Aktif
2026-02-23,T1,KA,YK,YOGYAKARTA,D.I. Yogyakarta,-7.789210678,110.3634382,,13,490,12,632,1122,25,Baris Riil Transaksi Aktif
2026-02-23,T1,KA,YK,YOGYAKARTA,D.I. Yogyakarta,-7.789210678,110.3634382,,76,3542,78,3723,7265,154,Baris Riil Transaksi Aktif
2026-02-24,T1,KA,YK,YOGYAKARTA,D.I. Yogyakarta,-7.789210678,110.3634382,,13,473,12,502,975,25,Baris Riil Transaksi Aktif
2026-02-24,T1,KA,YK,YOGYAKARTA,D.I. Yogyakarta,-7.789210678,110.3634382,,76,3422,77,3173,6595,153,Baris Riil Transaksi Aktif
2026-02-25,T1,KA,YK,YOGYAKARTA,D.I. Yogyakarta,-7.789210678,110.3634382,,13,611,12,618,1229,25,Baris Riil Transaksi Aktif
2026-02-25,T1,KA,YK,YOGYAKARTA,D.I. Yogyakarta,-7.789210678,110.3634382,,81,3354,78,3366,6720,159,Baris Riil Transaksi Aktif
2026-02-26,T1,KA,YK,YOGYAKARTA,D.I. Yogyakarta,-7.789210678,110.3634382,,13,673,12,566,1239,25,Baris Riil Transaksi Aktif
2026-02-26,T1,KA,YK,YOGYAKARTA,D.I. Yogyakarta,-7.789210678,110.3634382,,84,3860,83,3834,7694,167,Baris Riil Transaksi Aktif
2026-02-27,T1,KA,YK,YOGYAKARTA,D.I. Yogyakarta,-7.789210678,110.3634382,,13,782,12,739,1521,25,Baris Riil Transaksi Aktif
2026-02-27,T1,KA,YK,YOGYAKARTA,D.I. Yogyakarta,-7.789210678,110.3634382,,85,6229,84,4900,11129,169,Baris Riil Transaksi Aktif
2026-02-28,T1,KA,YK,YOGYAKARTA,D.I. Yogyakarta,-7.789210678,110.3634382,,13,579,12,732,1311,25,Baris Riil Transaksi Aktif
2026-02-28,T1,KA,YK,YOGYAKARTA,D.I. Yogyakarta,-7.789210678,110.3634382,,83,3777,80,4110,7887,163,Baris Riil Transaksi Aktif
2026-03-01,T1,KA,YK,YOGYAKARTA,D.I. Yogyakarta,-7.789210678,110.3634382,,13,215,12,553,768,25,Baris Riil Transaksi Aktif
2026-03-01,T1,KA,YK,YOGYAKARTA,D.I. Yogyakarta,-7.789210678,110.3634382,,72,2104,73,4596,6700,145,Baris Riil Transaksi Aktif
2026-03-02,T1,KA,YK,YOGYAKARTA,D.I. Yogyakarta,-7.789210678,110.3634382,,13,540,12,698,1238,25,Baris Riil Transaksi Aktif
2026-03-02,T1,KA,YK,YOGYAKARTA,D.I. Yogyakarta,-7.789210678,110.3634382,,81,3458,78,3826,7284,159,Baris Riil Transaksi Aktif
2026-03-03,T1,KA,YK,YOGYAKARTA,D.I. Yogyakarta,-7.789210678,110.3634382,,13,456,12,529,985,25,Baris Riil Transaksi Aktif
2026-03-03,T1,KA,YK,YOGYAKARTA,D.I. Yogyakarta,-7.789210678,110.3634382,,80,3330,78,3351,6681,158,Baris Riil Transaksi Aktif
2026-03-04,T1,KA,YK,YOGYAKARTA,D.I. Yogyakarta,-7.789210678,110.3634382,,13,863,12,666,1529,25,Baris Riil Transaksi Aktif
2026-03-04,T1,KA,YK,YOGYAKARTA,D.I. Yogyakarta,-7.789210678,110.3634382,,76,4087,76,3541,7628,152,Baris Riil Transaksi Aktif
2026-03-05,T1,KA,YK,YOGYAKARTA,D.I. Yogyakarta,-7.789210678,110.3634382,,13,617,12,525,1142,25,Baris Riil Transaksi Aktif
2026-03-05,T1,KA,YK,YOGYAKARTA,D.I. Yogyakarta,-7.789210678,110.3634382,,80,4145,82,3721,7866,162,Baris Riil Transaksi Aktif
2026-03-06,T1,KA,YK,YOGYAKARTA,D.I. Yogyakarta,-7.789210678,110.3634382,,13,890,12,1003,1893,25,Baris Riil Transaksi Aktif
2026-03-06,T1,KA,YK,YOGYAKARTA,D.I. Yogyakarta,-7.789210678,110.3634382,,84,6372,83,5636,12008,167,Baris Riil Transaksi Aktif
2026-03-07,T1,KA,YK,YOGYAKARTA,D.I. Yogyakarta,-7.789210678,110.3634382,,13,704,12,838,1542,25,Baris Riil Transaksi Aktif
2026-03-07,T1,KA,YK,YOGYAKARTA,D.I. Yogyakarta,-7.789210678,110.3634382,,82,4373,79,6027,10400,161,Baris Riil Transaksi Aktif
2026-03-08,T1,KA,YK,YOGYAKARTA,D.I. Yogyakarta,-7.789210678,110.3634382,,13,839,12,1076,1915,25,Baris Riil Transaksi Aktif
2026-03-08,T1,KA,YK,YOGYAKARTA,D.I. Yogyakarta,-7.789210678,110.3634382,,82,4633,85,8527,13160,167,Baris Riil Transaksi Aktif
2026-03-09,T1,KA,YK,YOGYAKARTA,D.I. Yogyakarta,-7.789210678,110.3634382,,13,751,12,765,1516,25,Baris Riil Transaksi Aktif
2026-03-09,T1,KA,YK,YOGYAKARTA,D.I. Yogyakarta,-7.789210678,110.3634382,,82,3784,80,4535,8319,162,Baris Riil Transaksi Aktif
2026-03-10,T1,KA,YK,YOGYAKARTA,D.I. Yogyakarta,-7.789210678,110.3634382,,13,620,12,690,1310,25,Baris Riil Transaksi Aktif
2026-03-10,T1,KA,YK,YOGYAKARTA,D.I. Yogyakarta,-7.789210678,110.3634382,,85,3565,81,4239,7804,166,Baris Riil Transaksi Aktif
2026-03-11,T1,KA,YK,YOGYAKARTA,D.I. Yogyakarta,-7.789210678,110.3634382,,13,851,12,835,1686,25,Baris Riil Transaksi Aktif
2026-03-11,T1,KA,YK,YOGYAKARTA,D.I. Yogyakarta,-7.789210678,110.3634382,,99,4357,97,4649,9006,196,Baris Riil Transaksi Aktif
2026-03-12,T1,KA,YK,YOGYAKARTA,D.I. Yogyakarta,-7.789210678,110.3634382,,13,910,12,914,1824,25,Baris Riil Transaksi Aktif
2026-03-12,T1,KA,YK,YOGYAKARTA,D.I. Yogyakarta,-7.789210678,110.3634382,,98,6091,99,5624,11715,197,Baris Riil Transaksi Aktif
2026-03-13,T1,KA,YK,YOGYAKARTA,D.I. Yogyakarta,-7.789210678,110.3634382,,13,1546,12,1240,2786,25,Baris Riil Transaksi Aktif
2026-03-13,T1,KA,YK,YOGYAKARTA,D.I. Yogyakarta,-7.789210678,110.3634382,,102,8949,100,8577,17526,202,Baris Riil Transaksi Aktif
2026-03-14,T1,KA,YK,YOGYAKARTA,D.I. Yogyakarta,-7.789210678,110.3634382,,13,2108,12,1975,4083,25,Baris Riil Transaksi Aktif
2026-03-14,T1,KA,YK,YOGYAKARTA,D.I. Yogyakarta,-7.789210678,110.3634382,,101,9344,99,10858,20202,200,Baris Riil Transaksi Aktif
2026-03-15,T1,KA,YK,YOGYAKARTA,D.I. Yogyakarta,-7.789210678,110.3634382,,13,1637,12,1999,3636,25,Baris Riil Transaksi Aktif
2026-03-15,T1,KA,YK,YOGYAKARTA,D.I. Yogyakarta,-7.789210678,110.3634382,,101,8575,102,9573,18148,203,Baris Riil Transaksi Aktif
2026-03-16,T1,KA,YK,YOGYAKARTA,D.I. Yogyakarta,-7.789210678,110.3634382,,13,1825,12,1628,3453,25,Baris Riil Transaksi Aktif
2026-03-16,T1,KA,YK,YOGYAKARTA,D.I. Yogyakarta,-7.789210678,110.3634382,,101,8623,100,8532,17155,201,Baris Riil Transaksi Aktif
2026-03-17,T1,KA,YK,YOGYAKARTA,D.I. Yogyakarta,-7.789210678,110.3634382,,13,2164,12,1500,3664,25,Baris Riil Transaksi Aktif
2026-03-17,T1,KA,YK,YOGYAKARTA,D.I. Yogyakarta,-7.789210678,110.3634382,,104,10351,101,9951,20302,205,Baris Riil Transaksi Aktif
2026-03-18,T1,KA,YK,YOGYAKARTA,D.I. Yogyakarta,-7.789210678,110.3634382,,13,2136,12,1543,3679,25,Baris Riil Transaksi Aktif
2026-03-18,T1,KA,YK,YOGYAKARTA,D.I. Yogyakarta,-7.789210678,110.3634382,,105,10044,102,11863,21907,207,Baris Riil Transaksi Aktif
2026-03-19,T1,KA,YK,YOGYAKARTA,D.I. Yogyakarta,-7.789210678,110.3634382,,13,1866,12,1185,3051,25,Baris Riil Transaksi Aktif
2026-03-19,T1,KA,YK,YOGYAKARTA,D.I. Yogyakarta,-7.789210678,110.3634382,,105,8528,98,9665,18193,203,Baris Riil Transaksi Aktif
2026-03-20,T1,KA,YK,YOGYAKARTA,D.I. Yogyakarta,-7.789210678,110.3634382,,13,1480,12,726,2206,25,Baris Riil Transaksi Aktif
2026-03-20,T1,KA,YK,YOGYAKARTA,D.I. Yogyakarta,-7.789210678,110.3634382,,103,7620,100,6741,14361,203,Baris Riil Transaksi Aktif
2026-03-21,T1,KA,YK,YOGYAKARTA,D.I. Yogyakarta,-7.789210678,110.3634382,,13,1369,12,647,2016,25,Baris Riil Transaksi Aktif
2026-03-21,T1,KA,YK,YOGYAKARTA,D.I. Yogyakarta,-7.789210678,110.3634382,,104,11510,101,6569,18079,205,Baris Riil Transaksi Aktif
2026-03-22,T1,KA,YK,YOGYAKARTA,D.I. Yogyakarta,-7.789210678,110.3634382,,13,1861,12,1300,3161,25,Baris Riil Transaksi Aktif
2026-03-22,T1,KA,YK,YOGYAKARTA,D.I. Yogyakarta,-7.789210678,110.3634382,,98,14581,100,10567,25148,198,Baris Riil Transaksi Aktif
2026-03-23,T1,KA,YK,YOGYAKARTA,D.I. Yogyakarta,-7.789210678,110.3634382,,13,2261,12,1889,4150,25,Baris Riil Transaksi Aktif
2026-03-23,T1,KA,YK,YOGYAKARTA,D.I. Yogyakarta,-7.789210678,110.3634382,,106,15144,105,12577,27721,211,Baris Riil Transaksi Aktif
2026-03-24,T1,KA,YK,YOGYAKARTA,D.I. Yogyakarta,-7.789210678,110.3634382,,13,2370,12,2123,4493,25,Baris Riil Transaksi Aktif
2026-03-24,T1,KA,YK,YOGYAKARTA,D.I. Yogyakarta,-7.789210678,110.3634382,,101,15717,105,13842,29559,206,Baris Riil Transaksi Aktif
2026-03-25,T1,KA,YK,YOGYAKARTA,D.I. Yogyakarta,-7.789210678,110.3634382,,13,2318,12,1855,4173,25,Baris Riil Transaksi Aktif
2026-03-25,T1,KA,YK,YOGYAKARTA,D.I. Yogyakarta,-7.789210678,110.3634382,,102,13748,103,13017,26765,205,Baris Riil Transaksi Aktif
2026-03-26,T1,KA,YK,YOGYAKARTA,D.I. Yogyakarta,-7.789210678,110.3634382,,13,2332,12,1636,3968,25,Baris Riil Transaksi Aktif
2026-03-26,T1,KA,YK,YOGYAKARTA,D.I. Yogyakarta,-7.789210678,110.3634382,,100,13428,103,12684,26112,203,Baris Riil Transaksi Aktif
2026-03-27,T1,KA,YK,YOGYAKARTA,D.I. Yogyakarta,-7.789210678,110.3634382,,13,2412,12,1639,4051,25,Baris Riil Transaksi Aktif
2026-03-27,T1,KA,YK,YOGYAKARTA,D.I. Yogyakarta,-7.789210678,110.3634382,,105,13801,103,12902,26703,208,Baris Riil Transaksi Aktif
2026-03-28,T1,KA,YK,YOGYAKARTA,D.I. Yogyakarta,-7.789210678,110.3634382,,13,2548,12,1489,4037,25,Baris Riil Transaksi Aktif
2026-03-28,T1,KA,YK,YOGYAKARTA,D.I. Yogyakarta,-7.789210678,110.3634382,,102,14582,103,12432,27014,205,Baris Riil Transaksi Aktif
2026-03-29,T1,KA,YK,YOGYAKARTA,D.I. Yogyakarta,-7.789210678,110.3634382,,13,2552,12,1652,4204,25,Baris Riil Transaksi Aktif
2026-03-29,T1,KA,YK,YOGYAKARTA,D.I. Yogyakarta,-7.789210678,110.3634382,,103,15542,105,12977,28519,208,Baris Riil Transaksi Aktif
2026-03-30,T1,KA,YK,YOGYAKARTA,D.I. Yogyakarta,-7.789210678,110.3634382,,13,2482,12,1572,4054,25,Baris Riil Transaksi Aktif
2026-03-30,T1,KA,YK,YOGYAKARTA,D.I. Yogyakarta,-7.789210678,110.3634382,,100,9410,103,10640,20050,203,Baris Riil Transaksi Aktif
2026-03-31,T1,KA,YK,YOGYAKARTA,D.I. Yogyakarta,-7.789210678,110.3634382,,13,2278,12,1289,3567,25,Baris Riil Transaksi Aktif
2026-03-31,T1,KA,YK,YOGYAKARTA,D.I. Yogyakarta,-7.789210678,110.3634382,,99,7570,98,9676,17246,197,Baris Riil Transaksi Aktif
2026-04-01,T1,KA,YK,YOGYAKARTA,D.I. Yogyakarta,-7.789210678,110.3634382,,13,2055,12,958,3013,25,Baris Riil Transaksi Aktif
2026-04-01,T1,KA,YK,YOGYAKARTA,D.I. Yogyakarta,-7.789210678,110.3634382,,98,9974,98,7372,17346,196,Baris Riil Transaksi Aktif
2026-04-02,T1,KA,YK,YOGYAKARTA,D.I. Yogyakarta,-7.789210678,110.3634382,,13,2021,12,956,2977,25,Baris Riil Transaksi Aktif
2026-04-02,T1,KA,YK,YOGYAKARTA,D.I. Yogyakarta,-7.789210678,110.3634382,,96,14389,93,9032,23421,189,Baris Riil Transaksi Aktif
2026-04-03,T1,KA,YK,YOGYAKARTA,D.I. Yogyakarta,-7.789210678,110.3634382,,13,2365,12,1113,3478,25,Baris Riil Transaksi Aktif
2026-04-03,T1,KA,YK,YOGYAKARTA,D.I. Yogyakarta,-7.789210678,110.3634382,,97,13190,93,9026,22216,190,Baris Riil Transaksi Aktif
2026-04-04,T1,KA,YK,YOGYAKARTA,D.I. Yogyakarta,-7.789210678,110.3634382,,13,2333,12,1033,3366,25,Baris Riil Transaksi Aktif
2026-04-04,T1,KA,YK,YOGYAKARTA,D.I. Yogyakarta,-7.789210678,110.3634382,,93,8655,94,10072,18727,187,Baris Riil Transaksi Aktif
2026-04-05,T1,KA,YK,YOGYAKARTA,D.I. Yogyakarta,-7.789210678,110.3634382,,13,2392,12,1695,4087,25,Baris Riil Transaksi Aktif
2026-04-05,T1,KA,YK,YOGYAKARTA,D.I. Yogyakarta,-7.789210678,110.3634382,,98,11635,96,18025,29660,194,Baris Riil Transaksi Aktif
2026-04-06,T1,KA,YK,YOGYAKARTA,D.I. Yogyakarta,-7.789210678,110.3634382,,13,2025,12,1234,3259,25,Baris Riil Transaksi Aktif
2026-04-06,T1,KA,YK,YOGYAKARTA,D.I. Yogyakarta,-7.789210678,110.3634382,,65,7643,64,7834,15477,129,Baris Riil Transaksi Aktif
2026-04-07,T1,KA,YK,YOGYAKARTA,D.I. Yogyakarta,-7.789210678,110.3634382,,13,1626,12,853,2479,25,Baris Riil Transaksi Aktif
2026-04-07,T1,KA,YK,YOGYAKARTA,D.I. Yogyakarta,-7.789210678,110.3634382,,78,7192,78,6969,14161,156,Baris Riil Transaksi Aktif
2026-04-08,T1,KA,YK,YOGYAKARTA,D.I. Yogyakarta,-7.789210678,110.3634382,,13,1700,12,1042,2742,25,Baris Riil Transaksi Aktif
2026-04-08,T1,KA,YK,YOGYAKARTA,D.I. Yogyakarta,-7.789210678,110.3634382,,79,7539,80,6386,13925,159,Baris Riil Transaksi Aktif
2026-04-09,T1,KA,YK,YOGYAKARTA,D.I. Yogyakarta,-7.789210678,110.3634382,,13,1334,12,866,2200,25,Baris Riil Transaksi Aktif
2026-04-09,T1,KA,YK,YOGYAKARTA,D.I. Yogyakarta,-7.789210678,110.3634382,,80,7891,79,7187,15078,159,Baris Riil Transaksi Aktif
2026-04-10,T1,KA,YK,YOGYAKARTA,D.I. Yogyakarta,-7.789210678,110.3634382,,13,1626,12,1138,2764,25,Baris Riil Transaksi Aktif
2026-04-10,T1,KA,YK,YOGYAKARTA,D.I. Yogyakarta,-7.789210678,110.3634382,,82,10793,78,8793,19586,160,Baris Riil Transaksi Aktif
2026-04-11,T1,KA,YK,YOGYAKARTA,D.I. Yogyakarta,-7.789210678,110.3634382,,13,1345,12,941,2286,25,Baris Riil Transaksi Aktif
2026-04-11,T1,KA,YK,YOGYAKARTA,D.I. Yogyakarta,-7.789210678,110.3634382,,79,7473,79,7745,15218,158,Baris Riil Transaksi Aktif
2026-04-12,T1,KA,YK,YOGYAKARTA,D.I. Yogyakarta,-7.789210678,110.3634382,,13,1662,12,1282,2944,25,Baris Riil Transaksi Aktif
2026-04-12,T1,KA,YK,YOGYAKARTA,D.I. Yogyakarta,-7.789210678,110.3634382,,79,9007,82,13218,22225,161,Baris Riil Transaksi Aktif
2026-04-13,T1,KA,YK,YOGYAKARTA,D.I. Yogyakarta,-7.789210678,110.3634382,,13,1321,12,940,2261,25,Baris Riil Transaksi Aktif
2026-04-13,T1,KA,YK,YOGYAKARTA,D.I. Yogyakarta,-7.789210678,110.3634382,,77,6836,77,7064,13900,154,Baris Riil Transaksi Aktif
2026-04-14,T1,KA,YK,YOGYAKARTA,D.I. Yogyakarta,-7.789210678,110.3634382,,13,1149,12,830,1979,25,Baris Riil Transaksi Aktif
2026-04-14,T1,KA,YK,YOGYAKARTA,D.I. Yogyakarta,-7.789210678,110.3634382,,80,6235,77,5885,12120,157,Baris Riil Transaksi Aktif
2026-04-15,T1,KA,YK,YOGYAKARTA,D.I. Yogyakarta,-7.789210678,110.3634382,,13,1419,12,789,2208,25,Baris Riil Transaksi Aktif
2026-04-15,T1,KA,YK,YOGYAKARTA,D.I. Yogyakarta,-7.789210678,110.3634382,,78,7146,78,6117,13263,156,Baris Riil Transaksi Aktif
2026-04-16,T1,KA,YK,YOGYAKARTA,D.I. Yogyakarta,-7.789210678,110.3634382,,13,968,12,808,1776,25,Baris Riil Transaksi Aktif
2026-04-16,T1,KA,YK,YOGYAKARTA,D.I. Yogyakarta,-7.789210678,110.3634382,,79,8095,77,6725,14820,156,Baris Riil Transaksi Aktif
2026-04-17,T1,KA,YK,YOGYAKARTA,D.I. Yogyakarta,-7.789210678,110.3634382,,13,1289,12,1072,2361,25,Baris Riil Transaksi Aktif
2026-04-17,T1,KA,YK,YOGYAKARTA,D.I. Yogyakarta,-7.789210678,110.3634382,,80,10689,79,8446,19135,159,Baris Riil Transaksi Aktif
2026-04-18,T1,KA,YK,YOGYAKARTA,D.I. Yogyakarta,-7.789210678,110.3634382,,13,1080,12,804,1884,25,Baris Riil Transaksi Aktif
2026-04-18,T1,KA,YK,YOGYAKARTA,D.I. Yogyakarta,-7.789210678,110.3634382,,80,7669,80,7950,15619,160,Baris Riil Transaksi Aktif
2026-04-19,T1,KA,YK,YOGYAKARTA,D.I. Yogyakarta,-7.789210678,110.3634382,,13,1140,12,1244,2384,25,Baris Riil Transaksi Aktif
2026-04-19,T1,KA,YK,YOGYAKARTA,D.I. Yogyakarta,-7.789210678,110.3634382,,79,8703,82,12672,21375,161,Baris Riil Transaksi Aktif
2026-04-20,T1,KA,YK,YOGYAKARTA,D.I. Yogyakarta,-7.789210678,110.3634382,,13,1182,12,981,2163,25,Baris Riil Transaksi Aktif
2026-04-20,T1,KA,YK,YOGYAKARTA,D.I. Yogyakarta,-7.789210678,110.3634382,,78,6976,76,6905,13881,154,Baris Riil Transaksi Aktif
2026-04-21,T1,KA,YK,YOGYAKARTA,D.I. Yogyakarta,-7.789210678,110.3634382,,13,937,12,782,1719,25,Baris Riil Transaksi Aktif
2026-04-21,T1,KA,YK,YOGYAKARTA,D.I. Yogyakarta,-7.789210678,110.3634382,,80,6465,77,6110,12575,157,Baris Riil Transaksi Aktif
2026-04-22,T1,KA,YK,YOGYAKARTA,D.I. Yogyakarta,-7.789210678,110.3634382,,13,1276,12,912,2188,25,Baris Riil Transaksi Aktif
2026-04-22,T1,KA,YK,YOGYAKARTA,D.I. Yogyakarta,-7.789210678,110.3634382,,78,6967,75,5829,12796,153,Baris Riil Transaksi Aktif
2026-04-23,T1,KA,YK,YOGYAKARTA,D.I. Yogyakarta,-7.789210678,110.3634382,,13,1168,12,792,1960,25,Baris Riil Transaksi Aktif
2026-04-23,T1,KA,YK,YOGYAKARTA,D.I. Yogyakarta,-7.789210678,110.3634382,,78,7427,79,7196,14623,157,Baris Riil Transaksi Aktif
2026-04-24,T1,KA,YK,YOGYAKARTA,D.I. Yogyakarta,-7.789210678,110.3634382,,13,1216,12,1039,2255,25,Baris Riil Transaksi Aktif
2026-04-24,T1,KA,YK,YOGYAKARTA,D.I. Yogyakarta,-7.789210678,110.3634382,,82,10907,78,8949,19856,160,Baris Riil Transaksi Aktif
2026-04-25,T1,KA,YK,YOGYAKARTA,D.I. Yogyakarta,-7.789210678,110.3634382,,13,940,12,815,1755,25,Baris Riil Transaksi Aktif
2026-04-25,T1,KA,YK,YOGYAKARTA,D.I. Yogyakarta,-7.789210678,110.3634382,,78,7793,80,7966,15759,158,Baris Riil Transaksi Aktif
2026-04-26,T1,KA,YK,YOGYAKARTA,D.I. Yogyakarta,-7.789210678,110.3634382,,13,1267,12,1096,2363,25,Baris Riil Transaksi Aktif
2026-04-26,T1,KA,YK,YOGYAKARTA,D.I. Yogyakarta,-7.789210678,110.3634382,,79,8669,81,13328,21997,160,Baris Riil Transaksi Aktif
2026-04-27,T1,KA,YK,YOGYAKARTA,D.I. Yogyakarta,-7.789210678,110.3634382,,13,967,12,780,1747,25,Baris Riil Transaksi Aktif
2026-04-27,T1,KA,YK,YOGYAKARTA,D.I. Yogyakarta,-7.789210678,110.3634382,,68,5792,72,6660,12452,140,Baris Riil Transaksi Aktif
2026-04-28,T1,KA,YK,YOGYAKARTA,D.I. Yogyakarta,-7.789210678,110.3634382,,13,864,12,749,1613,25,Baris Riil Transaksi Aktif
2026-04-28,T1,KA,YK,YOGYAKARTA,D.I. Yogyakarta,-7.789210678,110.3634382,,76,5869,72,5464,11333,148,Baris Riil Transaksi Aktif
2026-04-29,T1,KA,YK,YOGYAKARTA,D.I. Yogyakarta,-7.789210678,110.3634382,,13,852,12,761,1613,25,Baris Riil Transaksi Aktif
2026-04-29,T1,KA,YK,YOGYAKARTA,D.I. Yogyakarta,-7.789210678,110.3634382,,72,6970,73,5340,12310,145,Baris Riil Transaksi Aktif
2026-04-30,T1,KA,YK,YOGYAKARTA,D.I. Yogyakarta,-7.789210678,110.3634382,,13,1585,12,1028,2613,25,Baris Riil Transaksi Aktif
2026-04-30,T1,KA,YK,YOGYAKARTA,D.I. Yogyakarta,-7.789210678,110.3634382,,88,13784,86,9279,23063,174,Baris Riil Transaksi Aktif
2026-05-01,T2,KA,YK,YOGYAKARTA,D.I. Yogyakarta,-7.789210678,110.3634382,,13,1585,12,869,2454,25,Baris Riil Transaksi Aktif
2026-05-01,T2,KA,YK,YOGYAKARTA,D.I. Yogyakarta,-7.789210678,110.3634382,,92,13756,86,8550,22306,178,Baris Riil Transaksi Aktif
2026-05-02,T2,KA,YK,YOGYAKARTA,D.I. Yogyakarta,-7.789210678,110.3634382,,13,904,12,644,1548,25,Baris Riil Transaksi Aktif
2026-05-02,T2,KA,YK,YOGYAKARTA,D.I. Yogyakarta,-7.789210678,110.3634382,,91,7721,92,10292,18013,183,Baris Riil Transaksi Aktif
2026-05-03,T2,KA,YK,YOGYAKARTA,D.I. Yogyakarta,-7.789210678,110.3634382,,13,1327,12,1263,2590,25,Baris Riil Transaksi Aktif
2026-05-03,T2,KA,YK,YOGYAKARTA,D.I. Yogyakarta,-7.789210678,110.3634382,,91,10330,93,17923,28253,184,Baris Riil Transaksi Aktif
2026-05-04,T2,KA,YK,YOGYAKARTA,D.I. Yogyakarta,-7.789210678,110.3634382,,13,972,12,925,1897,25,Baris Riil Transaksi Aktif
2026-05-04,T2,KA,YK,YOGYAKARTA,D.I. Yogyakarta,-7.789210678,110.3634382,,87,6836,84,9491,16327,171,Baris Riil Transaksi Aktif
2026-05-05,T2,KA,YK,YOGYAKARTA,D.I. Yogyakarta,-7.789210678,110.3634382,,13,953,12,728,1681,25,Baris Riil Transaksi Aktif
2026-05-05,T2,KA,YK,YOGYAKARTA,D.I. Yogyakarta,-7.789210678,110.3634382,,84,5817,79,6135,11952,163,Baris Riil Transaksi Aktif
2026-05-06,T2,KA,YK,YOGYAKARTA,D.I. Yogyakarta,-7.789210678,110.3634382,,13,1118,12,765,1883,25,Baris Riil Transaksi Aktif
2026-05-06,T2,KA,YK,YOGYAKARTA,D.I. Yogyakarta,-7.789210678,110.3634382,,85,6570,83,5851,12421,168,Baris Riil Transaksi Aktif
2026-05-07,T2,KA,YK,YOGYAKARTA,D.I. Yogyakarta,-7.789210678,110.3634382,,13,1047,12,775,1822,25,Baris Riil Transaksi Aktif
2026-05-07,T2,KA,YK,YOGYAKARTA,D.I. Yogyakarta,-7.789210678,110.3634382,,88,7294,87,6549,13843,175,Baris Riil Transaksi Aktif
2026-05-08,T2,KA,YK,YOGYAKARTA,D.I. Yogyakarta,-7.789210678,110.3634382,,13,1367,12,953,2320,25,Baris Riil Transaksi Aktif
2026-05-08,T2,KA,YK,YOGYAKARTA,D.I. Yogyakarta,-7.789210678,110.3634382,,95,10790,92,8325,19115,187,Baris Riil Transaksi Aktif
2026-05-09,T2,KA,YK,YOGYAKARTA,D.I. Yogyakarta,-7.789210678,110.3634382,,13,991,12,843,1834,25,Baris Riil Transaksi Aktif
2026-05-09,T2,KA,YK,YOGYAKARTA,D.I. Yogyakarta,-7.789210678,110.3634382,,91,7608,89,7698,15306,180,Baris Riil Transaksi Aktif
2026-05-10,T2,KA,YK,YOGYAKARTA,D.I. Yogyakarta,-7.789210678,110.3634382,,13,1324,12,1098,2422,25,Baris Riil Transaksi Aktif
2026-05-10,T2,KA,YK,YOGYAKARTA,D.I. Yogyakarta,-7.789210678,110.3634382,,92,8675,90,13217,21892,182,Baris Riil Transaksi Aktif
2026-05-11,T2,KA,YK,YOGYAKARTA,D.I. Yogyakarta,-7.789210678,110.3634382,,13,1030,12,784,1814,25,Baris Riil Transaksi Aktif
2026-05-11,T2,KA,YK,YOGYAKARTA,D.I. Yogyakarta,-7.789210678,110.3634382,,83,7139,85,6710,13849,168,Baris Riil Transaksi Aktif
2026-05-12,T2,KA,YK,YOGYAKARTA,D.I. Yogyakarta,-7.789210678,110.3634382,,13,936,12,570,1506,25,Baris Riil Transaksi Aktif
2026-05-12,T2,KA,YK,YOGYAKARTA,D.I. Yogyakarta,-7.789210678,110.3634382,,84,7492,85,6296,13788,169,Baris Riil Transaksi Aktif
2026-05-13,T2,KA,YK,YOGYAKARTA,D.I. Yogyakarta,-7.789210678,110.3634382,,13,1701,12,1142,2843,25,Baris Riil Transaksi Aktif
2026-05-13,T2,KA,YK,YOGYAKARTA,D.I. Yogyakarta,-7.789210678,110.3634382,,96,13724,93,10317,24041,189,Baris Riil Transaksi Aktif
2026-05-14,T2,KA,YK,YOGYAKARTA,D.I. Yogyakarta,-7.789210678,110.3634382,,13,1640,12,916,2556,25,Baris Riil Transaksi Aktif
2026-05-14,T2,KA,YK,YOGYAKARTA,D.I. Yogyakarta,-7.789210678,110.3634382,,98,16647,91,10147,26794,189,Baris Riil Transaksi Aktif
2026-05-15,T2,KA,YK,YOGYAKARTA,D.I. Yogyakarta,-7.789210678,110.3634382,,13,906,12,648,1554,25,Baris Riil Transaksi Aktif
2026-05-15,T2,KA,YK,YOGYAKARTA,D.I. Yogyakarta,-7.789210678,110.3634382,,90,9911,94,8853,18764,184,Baris Riil Transaksi Aktif
2026-05-16,T2,KA,YK,YOGYAKARTA,D.I. Yogyakarta,-7.789210678,110.3634382,,13,932,12,947,1879,25,Baris Riil Transaksi Aktif
2026-05-16,T2,KA,YK,YOGYAKARTA,D.I. Yogyakarta,-7.789210678,110.3634382,,91,7840,97,15612,23452,188,Baris Riil Transaksi Aktif
2026-05-17,T2,KA,YK,YOGYAKARTA,D.I. Yogyakarta,-7.789210678,110.3634382,,13,1588,12,1621,3209,25,Baris Riil Transaksi Aktif
2026-05-17,T2,KA,YK,YOGYAKARTA,D.I. Yogyakarta,-7.789210678,110.3634382,,96,12120,95,17640,29760,191,Baris Riil Transaksi Aktif
2026-05-18,T2,KA,YK,YOGYAKARTA,D.I. Yogyakarta,-7.789210678,110.3634382,,13,1436,12,1055,2491,25,Baris Riil Transaksi Aktif
2026-05-18,T2,KA,YK,YOGYAKARTA,D.I. Yogyakarta,-7.789210678,110.3634382,,86,7210,82,9682,16892,168,Baris Riil Transaksi Aktif
2026-05-19,T2,KA,YK,YOGYAKARTA,D.I. Yogyakarta,-7.789210678,110.3634382,,13,1152,12,766,1918,25,Baris Riil Transaksi Aktif
2026-05-19,T2,KA,YK,YOGYAKARTA,D.I. Yogyakarta,-7.789210678,110.3634382,,83,7016,85,6005,13021,168,Baris Riil Transaksi Aktif
2026-05-20,T2,KA,YK,YOGYAKARTA,D.I. Yogyakarta,-7.789210678,110.3634382,,13,1099,12,836,1935,25,Baris Riil Transaksi Aktif
2026-05-20,T2,KA,YK,YOGYAKARTA,D.I. Yogyakarta,-7.789210678,110.3634382,,86,7549,86,6401,13950,172,Baris Riil Transaksi Aktif
2026-05-21,T2,KA,YK,YOGYAKARTA,D.I. Yogyakarta,-7.789210678,110.3634382,,13,1296,12,895,2191,25,Baris Riil Transaksi Aktif
2026-05-21,T2,KA,YK,YOGYAKARTA,D.I. Yogyakarta,-7.789210678,110.3634382,,88,8371,84,7041,15412,172,Baris Riil Transaksi Aktif
2026-05-22,T2,KA,YK,YOGYAKARTA,D.I. Yogyakarta,-7.789210678,110.3634382,,13,1452,12,1021,2473,25,Baris Riil Transaksi Aktif
2026-05-22,T2,KA,YK,YOGYAKARTA,D.I. Yogyakarta,-7.789210678,110.3634382,,95,10659,90,9678,20337,185,Baris Riil Transaksi Aktif
2026-05-23,T2,KA,YK,YOGYAKARTA,D.I. Yogyakarta,-7.789210678,110.3634382,,13,1290,12,964,2254,25,Baris Riil Transaksi Aktif
2026-05-23,T2,KA,YK,YOGYAKARTA,D.I. Yogyakarta,-7.789210678,110.3634382,,87,8385,89,9319,17704,176,Baris Riil Transaksi Aktif
2026-05-24,T2,KA,YK,YOGYAKARTA,D.I. Yogyakarta,-7.789210678,110.3634382,,13,1084,12,1036,2120,25,Baris Riil Transaksi Aktif
2026-05-24,T2,KA,YK,YOGYAKARTA,D.I. Yogyakarta,-7.789210678,110.3634382,,90,8035,92,12281,20316,182,Baris Riil Transaksi Aktif
2026-05-25,T2,KA,YK,YOGYAKARTA,D.I. Yogyakarta,-7.789210678,110.3634382,,13,998,12,851,1849,25,Baris Riil Transaksi Aktif
2026-05-25,T2,KA,YK,YOGYAKARTA,D.I. Yogyakarta,-7.789210678,110.3634382,,90,7010,88,8431,15441,178,Baris Riil Transaksi Aktif
2026-05-26,T2,KA,YK,YOGYAKARTA,D.I. Yogyakarta,-7.789210678,110.3634382,,13,1240,12,863,2103,25,Baris Riil Transaksi Aktif
2026-05-26,T2,KA,YK,YOGYAKARTA,D.I. Yogyakarta,-7.789210678,110.3634382,,95,10865,91,13707,24572,186,Baris Riil Transaksi Aktif
2026-05-27,T2,KA,YK,YOGYAKARTA,D.I. Yogyakarta,-7.789210678,110.3634382,,13,1098,12,467,1565,25,Baris Riil Transaksi Aktif
2026-05-27,T2,KA,YK,YOGYAKARTA,D.I. Yogyakarta,-7.789210678,110.3634382,,93,10106,91,6458,16564,184,Baris Riil Transaksi Aktif
2026-05-28,T2,KA,YK,YOGYAKARTA,D.I. Yogyakarta,-7.789210678,110.3634382,,12,906,12,523,1429,24,Baris Riil Transaksi Aktif
2026-05-28,T2,KA,YK,YOGYAKARTA,D.I. Yogyakarta,-7.789210678,110.3634382,,92,11607,88,7511,19118,180,Baris Riil Transaksi Aktif
2026-05-29,T2,KA,YK,YOGYAKARTA,D.I. Yogyakarta,-7.789210678,110.3634382,,13,1046,12,582,1628,25,Baris Riil Transaksi Aktif
2026-05-29,T2,KA,YK,YOGYAKARTA,D.I. Yogyakarta,-7.789210678,110.3634382,,95,14080,90,8877,22957,185,Baris Riil Transaksi Aktif
2026-05-30,T2,KA,YK,YOGYAKARTA,D.I. Yogyakarta,-7.789210678,110.3634382,,13,988,12,721,1709,25,Baris Riil Transaksi Aktif
2026-05-30,T2,KA,YK,YOGYAKARTA,D.I. Yogyakarta,-7.789210678,110.3634382,,91,14293,91,11690,25983,182,Baris Riil Transaksi Aktif
2026-05-31,T2,KA,YK,YOGYAKARTA,D.I. Yogyakarta,-7.789210678,110.3634382,,13,1533,12,1224,2757,25,Baris Riil Transaksi Aktif
2026-05-31,T2,KA,YK,YOGYAKARTA,D.I. Yogyakarta,-7.789210678,110.3634382,,92,11403,92,15126,26529,184,Baris Riil Transaksi Aktif
2026-06-01,T2,KA,YK,YOGYAKARTA,D.I. Yogyakarta,-7.789210678,110.3634382,,13,1434,12,1457,2891,25,Baris Riil Transaksi Aktif
2026-06-01,T2,KA,YK,YOGYAKARTA,D.I. Yogyakarta,-7.789210678,110.3634382,,92,15316,94,16709,32025,186,Baris Riil Transaksi Aktif
2026-06-02,T2,KA,YK,YOGYAKARTA,D.I. Yogyakarta,-7.789210678,110.3634382,,13,1361,12,1038,2399,25,Baris Riil Transaksi Aktif
2026-06-02,T2,KA,YK,YOGYAKARTA,D.I. Yogyakarta,-7.789210678,110.3634382,,84,9378,82,11200,20578,166,Baris Riil Transaksi Aktif
2026-06-03,T2,KA,YK,YOGYAKARTA,D.I. Yogyakarta,-7.789210678,110.3634382,,13,1131,12,699,1830,25,Baris Riil Transaksi Aktif
2026-06-03,T2,KA,YK,YOGYAKARTA,D.I. Yogyakarta,-7.789210678,110.3634382,,88,7981,85,8221,16202,173,Baris Riil Transaksi Aktif
2026-06-04,T2,KA,YK,YOGYAKARTA,D.I. Yogyakarta,-7.789210678,110.3634382,,13,956,12,842,1798,25,Baris Riil Transaksi Aktif
2026-06-04,T2,KA,YK,YOGYAKARTA,D.I. Yogyakarta,-7.789210678,110.3634382,,89,9302,85,8074,17376,174,Baris Riil Transaksi Aktif
2026-06-05,T2,KA,YK,YOGYAKARTA,D.I. Yogyakarta,-7.789210678,110.3634382,,13,1142,12,1007,2149,25,Baris Riil Transaksi Aktif
2026-06-05,T2,KA,YK,YOGYAKARTA,D.I. Yogyakarta,-7.789210678,110.3634382,,86,11467,85,10361,21828,171,Baris Riil Transaksi Aktif
2026-06-06,T2,KA,YK,YOGYAKARTA,D.I. Yogyakarta,-7.789210678,110.3634382,,13,1121,12,809,1930,25,Baris Riil Transaksi Aktif
2026-06-06,T2,KA,YK,YOGYAKARTA,D.I. Yogyakarta,-7.789210678,110.3634382,,87,8265,85,9058,17323,172,Baris Riil Transaksi Aktif
2026-06-07,T2,KA,YK,YOGYAKARTA,D.I. Yogyakarta,-7.789210678,110.3634382,,13,1233,12,980,2213,25,Baris Riil Transaksi Aktif
2026-06-07,T2,KA,YK,YOGYAKARTA,D.I. Yogyakarta,-7.789210678,110.3634382,,87,9235,87,14028,23263,174,Baris Riil Transaksi Aktif
2026-06-08,T2,KA,YK,YOGYAKARTA,D.I. Yogyakarta,-7.789210678,110.3634382,,13,1003,12,933,1936,25,Baris Riil Transaksi Aktif
2026-06-08,T2,KA,YK,YOGYAKARTA,D.I. Yogyakarta,-7.789210678,110.3634382,,85,7777,84,8364,16141,169,Baris Riil Transaksi Aktif
2026-06-09,T2,KA,YK,YOGYAKARTA,D.I. Yogyakarta,-7.789210678,110.3634382,,13,895,12,688,1583,25,Baris Riil Transaksi Aktif
2026-06-09,T2,KA,YK,YOGYAKARTA,D.I. Yogyakarta,-7.789210678,110.3634382,,84,6957,85,6228,13185,169,Baris Riil Transaksi Aktif
2026-06-10,T2,KA,YK,YOGYAKARTA,D.I. Yogyakarta,-7.789210678,110.3634382,,13,1273,12,817,2090,25,Baris Riil Transaksi Aktif
2026-06-10,T2,KA,YK,YOGYAKARTA,D.I. Yogyakarta,-7.789210678,110.3634382,,83,7601,85,6491,14092,168,Baris Riil Transaksi Aktif
2026-06-11,T2,KA,YK,YOGYAKARTA,D.I. Yogyakarta,-7.789210678,110.3634382,,13,1443,12,766,2209,25,Baris Riil Transaksi Aktif
2026-06-11,T2,KA,YK,YOGYAKARTA,D.I. Yogyakarta,-7.789210678,110.3634382,,85,8991,86,7443,16434,171,Baris Riil Transaksi Aktif
2026-06-12,T2,KA,YK,YOGYAKARTA,D.I. Yogyakarta,-7.789210678,110.3634382,,13,1570,12,1044,2614,25,Baris Riil Transaksi Aktif
2026-06-12,T2,KA,YK,YOGYAKARTA,D.I. Yogyakarta,-7.789210678,110.3634382,,87,12576,85,10104,22680,172,Baris Riil Transaksi Aktif
2026-06-13,T2,KA,YK,YOGYAKARTA,D.I. Yogyakarta,-7.789210678,110.3634382,,13,1364,12,1020,2384,25,Baris Riil Transaksi Aktif
2026-06-13,T2,KA,YK,YOGYAKARTA,D.I. Yogyakarta,-7.789210678,110.3634382,,88,12572,87,9636,22208,175,Baris Riil Transaksi Aktif
2026-06-14,T2,KA,YK,YOGYAKARTA,D.I. Yogyakarta,-7.789210678,110.3634382,,13,1231,12,1106,2337,25,Baris Riil Transaksi Aktif
2026-06-14,T2,KA,YK,YOGYAKARTA,D.I. Yogyakarta,-7.789210678,110.3634382,,90,10183,86,12974,23157,176,Baris Riil Transaksi Aktif
2026-06-15,T2,KA,YK,YOGYAKARTA,D.I. Yogyakarta,-7.789210678,110.3634382,,13,896,12,848,1744,25,Baris Riil Transaksi Aktif
2026-06-15,T2,KA,YK,YOGYAKARTA,D.I. Yogyakarta,-7.789210678,110.3634382,,88,7539,87,9524,17063,175,Baris Riil Transaksi Aktif
2026-06-16,T2,KA,YK,YOGYAKARTA,D.I. Yogyakarta,-7.789210678,110.3634382,,13,1144,12,1059,2203,25,Baris Riil Transaksi Aktif
2026-06-16,T2,KA,YK,YOGYAKARTA,D.I. Yogyakarta,-7.789210678,110.3634382,,87,8812,86,13364,22176,173,Baris Riil Transaksi Aktif
2026-06-17,T2,KA,YK,YOGYAKARTA,D.I. Yogyakarta,-7.789210678,110.3634382,,13,1125,12,870,1995,25,Baris Riil Transaksi Aktif
2026-06-17,T2,KA,YK,YOGYAKARTA,D.I. Yogyakarta,-7.789210678,110.3634382,,85,8322,86,8672,16994,171,Baris Riil Transaksi Aktif
2026-06-18,T2,KA,YK,YOGYAKARTA,D.I. Yogyakarta,-7.789210678,110.3634382,,13,1349,12,894,2243,25,Baris Riil Transaksi Aktif
2026-06-18,T2,KA,YK,YOGYAKARTA,D.I. Yogyakarta,-7.789210678,110.3634382,,88,9585,85,7741,17326,173,Baris Riil Transaksi Aktif
2026-06-19,T2,KA,YK,YOGYAKARTA,D.I. Yogyakarta,-7.789210678,110.3634382,,13,1480,12,1136,2616,25,Baris Riil Transaksi Aktif
2026-06-19,T2,KA,YK,YOGYAKARTA,D.I. Yogyakarta,-7.789210678,110.3634382,,90,14085,88,10153,24238,178,Baris Riil Transaksi Aktif
2026-06-20,T2,KA,YK,YOGYAKARTA,D.I. Yogyakarta,-7.789210678,110.3634382,,13,1332,12,1083,2415,25,Baris Riil Transaksi Aktif
2026-06-20,T2,KA,YK,YOGYAKARTA,D.I. Yogyakarta,-7.789210678,110.3634382,,89,11847,88,11145,22992,177,Baris Riil Transaksi Aktif
2026-06-21,T2,KA,YK,YOGYAKARTA,D.I. Yogyakarta,-7.789210678,110.3634382,,13,1514,12,1492,3006,25,Baris Riil Transaksi Aktif
2026-06-21,T2,KA,YK,YOGYAKARTA,D.I. Yogyakarta,-7.789210678,110.3634382,,87,11689,89,15664,27353,176,Baris Riil Transaksi Aktif
2026-06-22,T2,KA,YK,YOGYAKARTA,D.I. Yogyakarta,-7.789210678,110.3634382,,13,1351,12,1250,2601,25,Baris Riil Transaksi Aktif
2026-06-22,T2,KA,YK,YOGYAKARTA,D.I. Yogyakarta,-7.789210678,110.3634382,,88,10688,86,11961,22649,174,Baris Riil Transaksi Aktif
2026-06-23,T2,KA,YK,YOGYAKARTA,D.I. Yogyakarta,-7.789210678,110.3634382,,13,1329,12,1061,2390,25,Baris Riil Transaksi Aktif
2026-06-23,T2,KA,YK,YOGYAKARTA,D.I. Yogyakarta,-7.789210678,110.3634382,,89,10660,86,9712,20372,175,Baris Riil Transaksi Aktif
2026-06-24,T2,KA,YK,YOGYAKARTA,D.I. Yogyakarta,-7.789210678,110.3634382,,13,1233,12,824,2057,25,Baris Riil Transaksi Aktif
2026-06-24,T2,KA,YK,YOGYAKARTA,D.I. Yogyakarta,-7.789210678,110.3634382,,90,11764,88,9773,21537,178,Baris Riil Transaksi Aktif
2026-06-25,T2,KA,YK,YOGYAKARTA,D.I. Yogyakarta,-7.789210678,110.3634382,,13,1197,12,922,2119,25,Baris Riil Transaksi Aktif
2026-06-25,T2,KA,YK,YOGYAKARTA,D.I. Yogyakarta,-7.789210678,110.3634382,,89,13474,88,11810,25284,177,Baris Riil Transaksi Aktif
2026-06-26,T2,KA,YK,YOGYAKARTA,D.I. Yogyakarta,-7.789210678,110.3634382,,13,1475,12,1107,2582,25,Baris Riil Transaksi Aktif
2026-06-26,T2,KA,YK,YOGYAKARTA,D.I. Yogyakarta,-7.789210678,110.3634382,,85,13963,82,12349,26312,167,Baris Riil Transaksi Aktif
2026-06-27,T2,KA,YK,YOGYAKARTA,D.I. Yogyakarta,-7.789210678,110.3634382,,13,1252,12,1009,2261,25,Baris Riil Transaksi Aktif
2026-06-27,T2,KA,YK,YOGYAKARTA,D.I. Yogyakarta,-7.789210678,110.3634382,,81,10704,81,9367,20071,162,Baris Riil Transaksi Aktif
2026-06-28,T2,KA,YK,YOGYAKARTA,D.I. Yogyakarta,-7.789210678,110.3634382,,13,1511,12,1428,2939,25,Baris Riil Transaksi Aktif
2026-06-28,T2,KA,YK,YOGYAKARTA,D.I. Yogyakarta,-7.789210678,110.3634382,,78,8507,80,12415,20922,158,Baris Riil Transaksi Aktif
2026-06-29,T2,KA,YK,YOGYAKARTA,D.I. Yogyakarta,-7.789210678,110.3634382,,13,1082,12,1107,2189,25,Baris Riil Transaksi Aktif
2026-06-29,T2,KA,YK,YOGYAKARTA,D.I. Yogyakarta,-7.789210678,110.3634382,,80,6304,75,7493,13797,155,Baris Riil Transaksi Aktif
2026-06-30,T2,KA,YK,YOGYAKARTA,D.I. Yogyakarta,-7.789210678,110.3634382,,13,1203,12,1005,2208,25,Baris Riil Transaksi Aktif
2026-06-30,T2,KA,YK,YOGYAKARTA,D.I. Yogyakarta,-7.789210678,110.3634382,,90,12609,88,12575,25184,178,Baris Riil Transaksi Aktif
2026-07-01,T2,KA,YK,YOGYAKARTA,D.I. Yogyakarta,-7.789210678,110.3634382,,13,1535,12,1043,2578,25,Baris Riil Transaksi Aktif
2026-07-01,T2,KA,YK,YOGYAKARTA,D.I. Yogyakarta,-7.789210678,110.3634382,,91,14166,90,12523,26689,181,Baris Riil Transaksi Aktif
2026-07-02,T2,KA,YK,YOGYAKARTA,D.I. Yogyakarta,-7.789210678,110.3634382,,13,1693,12,1090,2783,25,Baris Riil Transaksi Aktif
2026-07-02,T2,KA,YK,YOGYAKARTA,D.I. Yogyakarta,-7.789210678,110.3634382,,92,16653,87,13345,29998,179,Baris Riil Transaksi Aktif
2026-07-03,T2,KA,YK,YOGYAKARTA,D.I. Yogyakarta,-7.789210678,110.3634382,,13,1939,12,1114,3053,25,Baris Riil Transaksi Aktif
2026-07-03,T2,KA,YK,YOGYAKARTA,D.I. Yogyakarta,-7.789210678,110.3634382,,91,18403,89,14715,33118,180,Baris Riil Transaksi Aktif
2026-07-04,T2,KA,YK,YOGYAKARTA,D.I. Yogyakarta,-7.789210678,110.3634382,,13,1664,12,1329,2993,25,Baris Riil Transaksi Aktif
2026-07-04,T2,KA,YK,YOGYAKARTA,D.I. Yogyakarta,-7.789210678,110.3634382,,88,15902,89,16460,32362,177,Baris Riil Transaksi Aktif
2026-07-05,T2,KA,YK,YOGYAKARTA,D.I. Yogyakarta,-7.789210678,110.3634382,,13,2049,12,1729,3778,25,Baris Riil Transaksi Aktif
2026-07-05,T2,KA,YK,YOGYAKARTA,D.I. Yogyakarta,-7.789210678,110.3634382,,88,15649,90,19491,35140,178,Baris Riil Transaksi Aktif
2026-07-06,T2,KA,YK,YOGYAKARTA,D.I. Yogyakarta,-7.789210678,110.3634382,,13,1331,12,1283,2614,25,Baris Riil Transaksi Aktif
2026-07-06,T2,KA,YK,YOGYAKARTA,D.I. Yogyakarta,-7.789210678,110.3634382,,81,12566,83,16334,28900,164,Baris Riil Transaksi Aktif
2026-07-07,T2,KA,YK,YOGYAKARTA,D.I. Yogyakarta,-7.789210678,110.3634382,,13,1327,12,1096,2423,25,Baris Riil Transaksi Aktif
2026-07-07,T2,KA,YK,YOGYAKARTA,D.I. Yogyakarta,-7.789210678,110.3634382,,83,11786,81,13395,25181,164,Baris Riil Transaksi Aktif
2026-07-08,T2,KA,YK,YOGYAKARTA,D.I. Yogyakarta,-7.789210678,110.3634382,,13,1420,12,1312,2732,25,Baris Riil Transaksi Aktif
2026-07-08,T2,KA,YK,YOGYAKARTA,D.I. Yogyakarta,-7.789210678,110.3634382,,83,11760,83,12470,24230,166,Baris Riil Transaksi Aktif
2026-07-09,T2,KA,YK,YOGYAKARTA,D.I. Yogyakarta,-7.789210678,110.3634382,,13,1379,12,1236,2615,25,Baris Riil Transaksi Aktif
2026-07-09,T2,KA,YK,YOGYAKARTA,D.I. Yogyakarta,-7.789210678,110.3634382,,84,12316,83,12263,24579,167,Baris Riil Transaksi Aktif
2026-07-10,T2,KA,YK,YOGYAKARTA,D.I. Yogyakarta,-7.789210678,110.3634382,,13,1354,12,1263,2617,25,Baris Riil Transaksi Aktif
2026-07-10,T2,KA,YK,YOGYAKARTA,D.I. Yogyakarta,-7.789210678,110.3634382,,88,13909,83,13935,27844,171,Baris Riil Transaksi Aktif
2026-07-11,T2,KA,YK,YOGYAKARTA,D.I. Yogyakarta,-7.789210678,110.3634382,,13,1274,12,1190,2464,25,Baris Riil Transaksi Aktif
2026-07-11,T2,KA,YK,YOGYAKARTA,D.I. Yogyakarta,-7.789210678,110.3634382,,86,11287,85,12634,23921,171,Baris Riil Transaksi Aktif
2026-07-12,T2,KA,YK,YOGYAKARTA,D.I. Yogyakarta,-7.789210678,110.3634382,,13,1295,12,1390,2685,25,Baris Riil Transaksi Aktif
2026-07-12,T2,KA,YK,YOGYAKARTA,D.I. Yogyakarta,-7.789210678,110.3634382,,86,11065,88,15574,26639,174,Baris Riil Transaksi Aktif
2026-07-13,T2,KA,YK,YOGYAKARTA,D.I. Yogyakarta,-7.789210678,110.3634382,,13,773,12,987,1760,25,Baris Riil Transaksi Aktif
2026-07-13,T2,KA,YK,YOGYAKARTA,D.I. Yogyakarta,-7.789210678,110.3634382,,85,8007,85,9793,17800,170,Baris Riil Transaksi Aktif
2026-07-14,T2,KA,YK,YOGYAKARTA,D.I. Yogyakarta,-7.789210678,110.3634382,,13,811,12,855,1666,25,Baris Riil Transaksi Aktif
2026-07-14,T2,KA,YK,YOGYAKARTA,D.I. Yogyakarta,-7.789210678,110.3634382,,83,7210,82,7388,14598,165,Baris Riil Transaksi Aktif
2026-07-15,T2,KA,YK,YOGYAKARTA,D.I. Yogyakarta,-7.789210678,110.3634382,,13,905,12,972,1877,25,Baris Riil Transaksi Aktif
2026-07-15,T2,KA,YK,YOGYAKARTA,D.I. Yogyakarta,-7.789210678,110.3634382,,82,8065,84,7679,15744,166,Baris Riil Transaksi Aktif
2026-07-16,T2,KA,YK,YOGYAKARTA,D.I. Yogyakarta,-7.789210678,110.3634382,,13,993,12,814,1807,25,Baris Riil Transaksi Aktif
2026-07-16,T2,KA,YK,YOGYAKARTA,D.I. Yogyakarta,-7.789210678,110.3634382,,85,9332,85,8658,17990,170,Baris Riil Transaksi Aktif
2026-07-17,T2,KA,YK,YOGYAKARTA,D.I. Yogyakarta,-7.789210678,110.3634382,,13,1304,12,988,2292,25,Baris Riil Transaksi Aktif
2026-07-17,T2,KA,YK,YOGYAKARTA,D.I. Yogyakarta,-7.789210678,110.3634382,,86,12248,86,9570,21818,172,Baris Riil Transaksi Aktif
2026-07-18,T2,KA,YK,YOGYAKARTA,D.I. Yogyakarta,-7.789210678,110.3634382,,13,1025,12,884,1909,25,Baris Riil Transaksi Aktif
2026-07-18,T2,KA,YK,YOGYAKARTA,D.I. Yogyakarta,-7.789210678,110.3634382,,86,9032,84,9439,18471,170,Baris Riil Transaksi Aktif
2026-07-19,T2,KA,YK,YOGYAKARTA,D.I. Yogyakarta,-7.789210678,110.3634382,,13,1270,12,1370,2640,25,Baris Riil Transaksi Aktif
2026-07-19,T2,KA,YK,YOGYAKARTA,D.I. Yogyakarta,-7.789210678,110.3634382,,86,9498,87,14466,23964,173,Baris Riil Transaksi Aktif
2026-07-20,T2,KA,YK,YOGYAKARTA,D.I. Yogyakarta,-7.789210678,110.3634382,,13,858,12,934,1792,25,Baris Riil Transaksi Aktif
2026-07-20,T2,KA,YK,YOGYAKARTA,D.I. Yogyakarta,-7.789210678,110.3634382,,86,7765,83,8737,16502,169,Baris Riil Transaksi Aktif
2026-07-21,T2,KA,YK,YOGYAKARTA,D.I. Yogyakarta,-7.789210678,110.3634382,,13,849,12,688,1537,25,Baris Riil Transaksi Aktif
2026-07-21,T2,KA,YK,YOGYAKARTA,D.I. Yogyakarta,-7.789210678,110.3634382,,84,7251,84,6832,14083,168,Baris Riil Transaksi Aktif
2026-07-22,T2,KA,YK,YOGYAKARTA,D.I. Yogyakarta,-7.789210678,110.3634382,,13,874,12,777,1651,25,Baris Riil Transaksi Aktif
2026-07-22,T2,KA,YK,YOGYAKARTA,D.I. Yogyakarta,-7.789210678,110.3634382,,85,7661,82,6966,14627,167,Baris Riil Transaksi Aktif
2026-07-23,T2,KA,YK,YOGYAKARTA,D.I. Yogyakarta,-7.789210678,110.3634382,,13,1047,12,837,1884,25,Baris Riil Transaksi Aktif
2026-07-23,T2,KA,YK,YOGYAKARTA,D.I. Yogyakarta,-7.789210678,110.3634382,,86,10307,83,7891,18198,169,Baris Riil Transaksi Aktif
2026-07-24,T2,KA,YK,YOGYAKARTA,D.I. Yogyakarta,-7.789210678,110.3634382,,13,1385,12,1009,2394,25,Baris Riil Transaksi Aktif
2026-07-24,T2,KA,YK,YOGYAKARTA,D.I. Yogyakarta,-7.789210678,110.3634382,,87,12614,85,9566,22180,172,Baris Riil Transaksi Aktif
2026-07-25,T2,KA,YK,YOGYAKARTA,D.I. Yogyakarta,-7.789210678,110.3634382,,13,872,12,1003,1875,25,Baris Riil Transaksi Aktif
2026-07-25,T2,KA,YK,YOGYAKARTA,D.I. Yogyakarta,-7.789210678,110.3634382,,84,9071,85,9253,18324,169,Baris Riil Transaksi Aktif
2026-07-26,T2,KA,YK,YOGYAKARTA,D.I. Yogyakarta,-7.789210678,110.3634382,,13,1318,12,1342,2660,25,Baris Riil Transaksi Aktif
2026-07-26,T2,KA,YK,YOGYAKARTA,D.I. Yogyakarta,-7.789210678,110.3634382,,84,9380,87,14925,24305,171,Baris Riil Transaksi Aktif
2026-07-27,T2,KA,YK,YOGYAKARTA,D.I. Yogyakarta,-7.789210678,110.3634382,,13,998,12,1026,2024,25,Baris Riil Transaksi Aktif
2026-07-27,T2,KA,YK,YOGYAKARTA,D.I. Yogyakarta,-7.789210678,110.3634382,,85,8052,84,9267,17319,169,Baris Riil Transaksi Aktif
2026-07-28,T2,KA,YK,YOGYAKARTA,D.I. Yogyakarta,-7.789210678,110.3634382,,13,862,12,712,1574,25,Baris Riil Transaksi Aktif
2026-07-28,T2,KA,YK,YOGYAKARTA,D.I. Yogyakarta,-7.789210678,110.3634382,,84,7174,82,6747,13921,166,Baris Riil Transaksi Aktif
2026-07-29,T2,KA,YK,YOGYAKARTA,D.I. Yogyakarta,-7.789210678,110.3634382,,13,1115,12,795,1910,25,Baris Riil Transaksi Aktif
2026-07-29,T2,KA,YK,YOGYAKARTA,D.I. Yogyakarta,-7.789210678,110.3634382,,82,7829,83,7103,14932,165,Baris Riil Transaksi Aktif
2026-07-30,T2,KA,YK,YOGYAKARTA,D.I. Yogyakarta,-7.789210678,110.3634382,,13,1194,12,841,2035,25,Baris Riil Transaksi Aktif
2026-07-30,T2,KA,YK,YOGYAKARTA,D.I. Yogyakarta,-7.789210678,110.3634382,,87,9509,85,7722,17231,172,Baris Riil Transaksi Aktif
2026-07-31,T2,KA,YK,YOGYAKARTA,D.I. Yogyakarta,-7.789210678,110.3634382,,13,1268,12,982,2250,25,Baris Riil Transaksi Aktif
2026-07-31,T2,KA,YK,YOGYAKARTA,D.I. Yogyakarta,-7.789210678,110.3634382,,86,12318,85,10062,22380,171,Baris Riil Transaksi Aktif
2026-08-01,T2,KA,YK,YOGYAKARTA,D.I. Yogyakarta,-7.789210678,110.3634382,,13,1187,12,832,2019,25,Baris Riil Transaksi Aktif
2026-08-01,T2,KA,YK,YOGYAKARTA,D.I. Yogyakarta,-7.789210678,110.3634382,,85,9783,84,9257,19040,169,Baris Riil Transaksi Aktif
2026-08-02,T2,KA,YK,YOGYAKARTA,D.I. Yogyakarta,-7.789210678,110.3634382,,13,1445,12,1091,2536,25,Baris Riil Transaksi Aktif
2026-08-02,T2,KA,YK,YOGYAKARTA,D.I. Yogyakarta,-7.789210678,110.3634382,,82,9611,86,14098,23709,168,Baris Riil Transaksi Aktif
2026-08-03,T2,KA,YK,YOGYAKARTA,D.I. Yogyakarta,-7.789210678,110.3634382,,13,1117,12,837,1954,25,Baris Riil Transaksi Aktif
2026-08-03,T2,KA,YK,YOGYAKARTA,D.I. Yogyakarta,-7.789210678,110.3634382,,84,8172,83,9104,17276,167,Baris Riil Transaksi Aktif
2026-08-04,T2,KA,YK,YOGYAKARTA,D.I. Yogyakarta,-7.789210678,110.3634382,,13,966,12,789,1755,25,Baris Riil Transaksi Aktif
2026-08-04,T2,KA,YK,YOGYAKARTA,D.I. Yogyakarta,-7.789210678,110.3634382,,83,7776,81,7638,15414,164,Baris Riil Transaksi Aktif
2026-08-05,T2,KA,YK,YOGYAKARTA,D.I. Yogyakarta,-7.789210678,110.3634382,,13,1202,12,829,2031,25,Baris Riil Transaksi Aktif
2026-08-05,T2,KA,YK,YOGYAKARTA,D.I. Yogyakarta,-7.789210678,110.3634382,,84,9147,81,7726,16873,165,Baris Riil Transaksi Aktif
2026-08-06,T2,KA,YK,YOGYAKARTA,D.I. Yogyakarta,-7.789210678,110.3634382,,13,1218,12,908,2126,25,Baris Riil Transaksi Aktif
2026-08-06,T2,KA,YK,YOGYAKARTA,D.I. Yogyakarta,-7.789210678,110.3634382,,84,10326,84,7867,18193,168,Baris Riil Transaksi Aktif
2026-08-07,T2,KA,YK,YOGYAKARTA,D.I. Yogyakarta,-7.789210678,110.3634382,,13,1224,12,1033,2257,25,Baris Riil Transaksi Aktif
2026-08-07,T2,KA,YK,YOGYAKARTA,D.I. Yogyakarta,-7.789210678,110.3634382,,87,12463,83,10313,22776,170,Baris Riil Transaksi Aktif
2026-08-08,T2,KA,YK,YOGYAKARTA,D.I. Yogyakarta,-7.789210678,110.3634382,,13,1281,12,1034,2315,25,Baris Riil Transaksi Aktif
2026-08-08,T2,KA,YK,YOGYAKARTA,D.I. Yogyakarta,-7.789210678,110.3634382,,82,9457,83,10247,19704,165,Baris Riil Transaksi Aktif
2026-08-09,T2,KA,YK,YOGYAKARTA,D.I. Yogyakarta,-7.789210678,110.3634382,,13,1646,12,1190,2836,25,Baris Riil Transaksi Aktif
2026-08-09,T2,KA,YK,YOGYAKARTA,D.I. Yogyakarta,-7.789210678,110.3634382,,84,9979,86,15088,25067,170,Baris Riil Transaksi Aktif
2026-08-10,T2,KA,YK,YOGYAKARTA,D.I. Yogyakarta,-7.789210678,110.3634382,,13,980,12,1085,2065,25,Baris Riil Transaksi Aktif
2026-08-10,T2,KA,YK,YOGYAKARTA,D.I. Yogyakarta,-7.789210678,110.3634382,,86,8850,82,9104,17954,168,Baris Riil Transaksi Aktif
2026-08-11,T2,KA,YK,YOGYAKARTA,D.I. Yogyakarta,-7.789210678,110.3634382,,13,929,12,860,1789,25,Baris Riil Transaksi Aktif
2026-08-11,T2,KA,YK,YOGYAKARTA,D.I. Yogyakarta,-7.789210678,110.3634382,,82,7089,83,6724,13813,165,Baris Riil Transaksi Aktif
2026-08-12,T2,KA,YK,YOGYAKARTA,D.I. Yogyakarta,-7.789210678,110.3634382,,13,1079,12,909,1988,25,Baris Riil Transaksi Aktif
2026-08-12,T2,KA,YK,YOGYAKARTA,D.I. Yogyakarta,-7.789210678,110.3634382,,83,8337,82,7398,15735,165,Baris Riil Transaksi Aktif
2026-08-13,T2,KA,YK,YOGYAKARTA,D.I. Yogyakarta,-7.789210678,110.3634382,,13,1249,12,896,2145,25,Baris Riil Transaksi Aktif
2026-08-13,T2,KA,YK,YOGYAKARTA,D.I. Yogyakarta,-7.789210678,110.3634382,,84,11021,85,8529,19550,169,Baris Riil Transaksi Aktif
2026-08-14,T2,KA,YK,YOGYAKARTA,D.I. Yogyakarta,-7.789210678,110.3634382,,13,1707,12,1009,2716,25,Baris Riil Transaksi Aktif
2026-08-14,T2,KA,YK,YOGYAKARTA,D.I. Yogyakarta,-7.789210678,110.3634382,,87,13945,84,9963,23908,171,Baris Riil Transaksi Aktif
2026-08-15,T2,KA,YK,YOGYAKARTA,D.I. Yogyakarta,-7.789210678,110.3634382,,13,1581,12,1066,2647,25,Baris Riil Transaksi Aktif
2026-08-15,T2,KA,YK,YOGYAKARTA,D.I. Yogyakarta,-7.789210678,110.3634382,,87,15333,86,10706,26039,173,Baris Riil Transaksi Aktif
2026-08-16,T2,KA,YK,YOGYAKARTA,D.I. Yogyakarta,-7.789210678,110.3634382,,13,1550,12,1041,2591,25,Baris Riil Transaksi Aktif
2026-08-16,T2,KA,YK,YOGYAKARTA,D.I. Yogyakarta,-7.789210678,110.3634382,,85,9815,88,13674,23489,173,Baris Riil Transaksi Aktif
2026-08-17,T2,KA,YK,YOGYAKARTA,D.I. Yogyakarta,-7.789210678,110.3634382,,13,1591,12,1112,2703,25,Baris Riil Transaksi Aktif
2026-08-17,T2,KA,YK,YOGYAKARTA,D.I. Yogyakarta,-7.789210678,110.3634382,,86,11972,87,16847,28819,173,Baris Riil Transaksi Aktif
2026-08-18,T2,KA,YK,YOGYAKARTA,D.I. Yogyakarta,-7.789210678,110.3634382,,13,1158,12,1169,2327,25,Baris Riil Transaksi Aktif
2026-08-18,T2,KA,YK,YOGYAKARTA,D.I. Yogyakarta,-7.789210678,110.3634382,,84,9103,82,10221,19324,166,Baris Riil Transaksi Aktif
2026-08-19,T2,KA,YK,YOGYAKARTA,D.I. Yogyakarta,-7.789210678,110.3634382,,13,1232,12,878,2110,25,Baris Riil Transaksi Aktif
2026-08-19,T2,KA,YK,YOGYAKARTA,D.I. Yogyakarta,-7.789210678,110.3634382,,85,8254,82,7060,15314,167,Baris Riil Transaksi Aktif
2026-08-20,T2,KA,YK,YOGYAKARTA,D.I. Yogyakarta,-7.789210678,110.3634382,,13,1380,12,951,2331,25,Baris Riil Transaksi Aktif
2026-08-20,T2,KA,YK,YOGYAKARTA,D.I. Yogyakarta,-7.789210678,110.3634382,,84,10666,82,7474,18140,166,Baris Riil Transaksi Aktif
2026-08-21,T2,KA,YK,YOGYAKARTA,D.I. Yogyakarta,-7.789210678,110.3634382,,13,1644,12,1152,2796,25,Baris Riil Transaksi Aktif
2026-08-21,T2,KA,YK,YOGYAKARTA,D.I. Yogyakarta,-7.789210678,110.3634382,,86,13835,84,10264,24099,170,Baris Riil Transaksi Aktif
2026-08-22,T2,KA,YK,YOGYAKARTA,D.I. Yogyakarta,-7.789210678,110.3634382,,13,1513,12,1135,2648,25,Baris Riil Transaksi Aktif
2026-08-22,T2,KA,YK,YOGYAKARTA,D.I. Yogyakarta,-7.789210678,110.3634382,,86,15032,87,10172,25204,173,Baris Riil Transaksi Aktif
2026-08-23,T2,KA,YK,YOGYAKARTA,D.I. Yogyakarta,-7.789210678,110.3634382,,13,1549,12,1257,2806,25,Baris Riil Transaksi Aktif
2026-08-23,T2,KA,YK,YOGYAKARTA,D.I. Yogyakarta,-7.789210678,110.3634382,,88,11139,85,13140,24279,173,Baris Riil Transaksi Aktif
2026-08-24,T2,KA,YK,YOGYAKARTA,D.I. Yogyakarta,-7.789210678,110.3634382,,13,1000,12,950,1950,25,Baris Riil Transaksi Aktif
2026-08-24,T2,KA,YK,YOGYAKARTA,D.I. Yogyakarta,-7.789210678,110.3634382,,85,7910,85,12653,20563,170,Baris Riil Transaksi Aktif
2026-08-25,T2,KA,YK,YOGYAKARTA,D.I. Yogyakarta,-7.789210678,110.3634382,,13,1577,12,1379,2956,25,Baris Riil Transaksi Aktif
2026-08-25,T2,KA,YK,YOGYAKARTA,D.I. Yogyakarta,-7.789210678,110.3634382,,85,10230,85,15138,25368,170,Baris Riil Transaksi Aktif
2026-08-26,T2,KA,YK,YOGYAKARTA,D.I. Yogyakarta,-7.789210678,110.3634382,,13,1359,12,1187,2546,25,Baris Riil Transaksi Aktif
2026-08-26,T2,KA,YK,YOGYAKARTA,D.I. Yogyakarta,-7.789210678,110.3634382,,86,8141,82,9440,17581,168,Baris Riil Transaksi Aktif
2026-08-27,T2,KA,YK,YOGYAKARTA,D.I. Yogyakarta,-7.789210678,110.3634382,,13,1405,12,985,2390,25,Baris Riil Transaksi Aktif
2026-08-27,T2,KA,YK,YOGYAKARTA,D.I. Yogyakarta,-7.789210678,110.3634382,,86,9168,83,7010,16178,169,Baris Riil Transaksi Aktif
2026-08-28,T2,KA,YK,YOGYAKARTA,D.I. Yogyakarta,-7.789210678,110.3634382,,13,1644,12,1222,2866,25,Baris Riil Transaksi Aktif
2026-08-28,T2,KA,YK,YOGYAKARTA,D.I. Yogyakarta,-7.789210678,110.3634382,,87,11958,82,9119,21077,169,Baris Riil Transaksi Aktif
2026-08-29,T2,KA,YK,YOGYAKARTA,D.I. Yogyakarta,-7.789210678,110.3634382,,13,1268,12,1083,2351,25,Baris Riil Transaksi Aktif
2026-08-29,T2,KA,YK,YOGYAKARTA,D.I. Yogyakarta,-7.789210678,110.3634382,,83,8038,83,8869,16907,166,Baris Riil Transaksi Aktif
2026-08-30,T2,KA,YK,YOGYAKARTA,D.I. Yogyakarta,-7.789210678,110.3634382,,13,1383,12,1454,2837,25,Baris Riil Transaksi Aktif
2026-08-30,T2,KA,YK,YOGYAKARTA,D.I. Yogyakarta,-7.789210678,110.3634382,,82,8298,85,14121,22419,167,Baris Riil Transaksi Aktif
2026-08-31,T2,KA,YK,YOGYAKARTA,D.I. Yogyakarta,-7.789210678,110.3634382,,13,982,12,1154,2136,25,Baris Riil Transaksi Aktif
2026-08-31,T2,KA,YK,YOGYAKARTA,D.I. Yogyakarta,-7.789210678,110.3634382,,83,6544,81,8240,14784,164,Baris Riil Transaksi Aktif
2026-09-01,T3,KA,YK,YOGYAKARTA,D.I. Yogyakarta,-7.789210678,110.3634382,,13,870,12,762,1632,25,Baris Riil Transaksi Aktif
2026-09-01,T3,KA,YK,YOGYAKARTA,D.I. Yogyakarta,-7.789210678,110.3634382,,83,5858,80,5683,11541,163,Baris Riil Transaksi Aktif
2026-09-02,T3,KA,YK,YOGYAKARTA,D.I. Yogyakarta,-7.789210678,110.3634382,,13,984,12,790,1774,25,Baris Riil Transaksi Aktif
2026-09-02,T3,KA,YK,YOGYAKARTA,D.I. Yogyakarta,-7.789210678,110.3634382,,84,6727,80,5607,12334,164,Baris Riil Transaksi Aktif
2026-09-03,T3,KA,YK,YOGYAKARTA,D.I. Yogyakarta,-7.789210678,110.3634382,,13,1213,12,753,1966,25,Baris Riil Transaksi Aktif
2026-09-03,T3,KA,YK,YOGYAKARTA,D.I. Yogyakarta,-7.789210678,110.3634382,,84,9052,84,6560,15612,168,Baris Riil Transaksi Aktif
2026-09-04,T3,KA,YK,YOGYAKARTA,D.I. Yogyakarta,-7.789210678,110.3634382,,13,1222,12,1015,2237,25,Baris Riil Transaksi Aktif
2026-09-04,T3,KA,YK,YOGYAKARTA,D.I. Yogyakarta,-7.789210678,110.3634382,,88,11941,84,9036,20977,172,Baris Riil Transaksi Aktif
2026-09-05,T3,KA,YK,YOGYAKARTA,D.I. Yogyakarta,-7.789210678,110.3634382,,13,1270,12,983,2253,25,Baris Riil Transaksi Aktif
2026-09-05,T3,KA,YK,YOGYAKARTA,D.I. Yogyakarta,-7.789210678,110.3634382,,83,8502,83,8327,16829,166,Baris Riil Transaksi Aktif
2026-09-06,T3,KA,YK,YOGYAKARTA,D.I. Yogyakarta,-7.789210678,110.3634382,,13,1622,12,1353,2975,25,Baris Riil Transaksi Aktif
2026-09-06,T3,KA,YK,YOGYAKARTA,D.I. Yogyakarta,-7.789210678,110.3634382,,85,10459,87,14435,24894,172,Baris Riil Transaksi Aktif
2026-09-07,T3,KA,YK,YOGYAKARTA,D.I. Yogyakarta,-7.789210678,110.3634382,,13,1201,12,1061,2262,25,Baris Riil Transaksi Aktif
2026-09-07,T3,KA,YK,YOGYAKARTA,D.I. Yogyakarta,-7.789210678,110.3634382,,86,9307,84,10509,19816,170,Baris Riil Transaksi Aktif
2026-09-08,T3,KA,YK,YOGYAKARTA,D.I. Yogyakarta,-7.789210678,110.3634382,,13,1256,12,964,2220,25,Baris Riil Transaksi Aktif
2026-09-08,T3,KA,YK,YOGYAKARTA,D.I. Yogyakarta,-7.789210678,110.3634382,,84,7415,83,7034,14449,167,Baris Riil Transaksi Aktif
2026-09-09,T3,KA,YK,YOGYAKARTA,D.I. Yogyakarta,-7.789210678,110.3634382,,13,1033,12,836,1869,25,Baris Riil Transaksi Aktif
2026-09-09,T3,KA,YK,YOGYAKARTA,D.I. Yogyakarta,-7.789210678,110.3634382,,82,7232,81,6583,13815,163,Baris Riil Transaksi Aktif
2026-09-10,T3,KA,YK,YOGYAKARTA,D.I. Yogyakarta,-7.789210678,110.3634382,,13,1086,12,717,1803,25,Baris Riil Transaksi Aktif
2026-09-10,T3,KA,YK,YOGYAKARTA,D.I. Yogyakarta,-7.789210678,110.3634382,,85,8846,83,6940,15786,168,Baris Riil Transaksi Aktif
2026-09-11,T3,KA,YK,YOGYAKARTA,D.I. Yogyakarta,-7.789210678,110.3634382,,13,1222,12,1033,2255,25,Baris Riil Transaksi Aktif
2026-09-11,T3,KA,YK,YOGYAKARTA,D.I. Yogyakarta,-7.789210678,110.3634382,,87,11427,85,9198,20625,172,Baris Riil Transaksi Aktif
2026-09-12,T3,KA,YK,YOGYAKARTA,D.I. Yogyakarta,-7.789210678,110.3634382,,13,1172,12,865,2037,25,Baris Riil Transaksi Aktif
2026-09-12,T3,KA,YK,YOGYAKARTA,D.I. Yogyakarta,-7.789210678,110.3634382,,84,8254,81,8497,16751,165,Baris Riil Transaksi Aktif
2026-09-13,T3,KA,YK,YOGYAKARTA,D.I. Yogyakarta,-7.789210678,110.3634382,,13,1527,12,1103,2630,25,Baris Riil Transaksi Aktif
2026-09-13,T3,KA,YK,YOGYAKARTA,D.I. Yogyakarta,-7.789210678,110.3634382,,84,9565,86,14061,23626,170,Baris Riil Transaksi Aktif
2026-09-14,T3,KA,YK,YOGYAKARTA,D.I. Yogyakarta,-7.789210678,110.3634382,,13,1049,12,935,1984,25,Baris Riil Transaksi Aktif
2026-09-14,T3,KA,YK,YOGYAKARTA,D.I. Yogyakarta,-7.789210678,110.3634382,,85,7429,81,7459,14888,166,Baris Riil Transaksi Aktif
2026-09-15,T3,KA,YK,YOGYAKARTA,D.I. Yogyakarta,-7.789210678,110.3634382,,13,926,12,771,1697,25,Baris Riil Transaksi Aktif
2026-09-15,T3,KA,YK,YOGYAKARTA,D.I. Yogyakarta,-7.789210678,110.3634382,,87,6453,83,5886,12339,170,Baris Riil Transaksi Aktif
2026-09-16,T3,KA,YK,YOGYAKARTA,D.I. Yogyakarta,-7.789210678,110.3634382,,13,1049,12,816,1865,25,Baris Riil Transaksi Aktif
2026-09-16,T3,KA,YK,YOGYAKARTA,D.I. Yogyakarta,-7.789210678,110.3634382,,83,6964,82,6512,13476,165,Baris Riil Transaksi Aktif
2026-03-14,T1,LAUT,56,Agats,Papua Selatan,-5.5385132,138.132019,,0,0,0,0,0,0,Baris Dummy Nol Sistem
2026-03-14,T1,LAUT,56,Agats,Papua Selatan,-5.5385132,138.132019,,2,81,1,214,295,3,Baris Riil Transaksi Aktif
2026-03-20,T1,LAUT,56,Agats,Papua Selatan,-5.5385132,138.132019,,0,0,0,0,0,0,Baris Dummy Nol Sistem
2026-03-20,T1,LAUT,56,Agats,Papua Selatan,-5.5385132,138.132019,,1,0,1,12,12,2,Baris Riil Transaksi Aktif
2026-03-14,T1,LAUT,145,Amahai,Maluku,-3.338488862,128.9207969,,1,14,0,0,14,1,Baris Riil Transaksi Aktif
2026-03-14,T1,LAUT,145,Amahai,Maluku,-3.338488862,128.9207969,,4,500,3,264,764,7,Baris Riil Transaksi Aktif
2026-03-15,T1,LAUT,145,Amahai,Maluku,-3.338488862,128.9207969,,1,1,1,27,28,2,Baris Riil Transaksi Aktif
2026-03-15,T1,LAUT,145,Amahai,Maluku,-3.338488862,128.9207969,,5,603,4,319,922,9,Baris Riil Transaksi Aktif
2026-01-04,T1,LAUT,606,Amurang,Sulawesi Utara,1.198773419,124.5518343,,0,0,0,0,0,0,Baris Dummy Nol Sistem
2026-01-04,T1,LAUT,606,Amurang,Sulawesi Utara,1.198773419,124.5518343,,1,0,2,0,0,3,Baris Riil Transaksi Aktif
2026-03-06,T1,LAUT,547,Atapupu,Nusa Tenggara Timur,-8.9967651,124.8616333,,0,0,0,0,0,0,Baris Dummy Nol Sistem
2026-03-06,T1,LAUT,547,Atapupu,Nusa Tenggara Timur,-8.9967651,124.8616333,,1,0,1,28,28,2,Baris Riil Transaksi Aktif
2026-03-10,T1,LAUT,547,Atapupu,Nusa Tenggara Timur,-8.9967651,124.8616333,,0,0,0,0,0,0,Baris Dummy Nol Sistem
2026-03-10,T1,LAUT,547,Atapupu,Nusa Tenggara Timur,-8.9967651,124.8616333,,1,0,1,62,62,2,Baris Riil Transaksi Aktif
2026-03-11,T1,LAUT,547,Atapupu,Nusa Tenggara Timur,-8.9967651,124.8616333,,0,0,0,0,0,0,Baris Dummy Nol Sistem
2026-03-11,T1,LAUT,547,Atapupu,Nusa Tenggara Timur,-8.9967651,124.8616333,,1,89,0,0,89,1,Baris Riil Transaksi Aktif
2026-03-13,T1,LAUT,547,Atapupu,Nusa Tenggara Timur,-8.9967651,124.8616333,,0,0,0,0,0,0,Baris Dummy Nol Sistem
2026-03-13,T1,LAUT,547,Atapupu,Nusa Tenggara Timur,-8.9967651,124.8616333,,1,0,1,25,25,2,Baris Riil Transaksi Aktif
2026-01-01,T1,LAUT,618,Baa,Nusa Tenggara Timur,-10.72387695,123.0440064,,0,0,0,0,0,0,Baris Dummy Nol Sistem
2026-01-01,T1,LAUT,618,Baa,Nusa Tenggara Timur,-10.72387695,123.0440064,,1,0,1,1,1,2,Baris Riil Transaksi Aktif
2026-03-27,T1,LAUT,619,Badas,Nusa Tenggara Barat,-8.462793416,117.3716788,,0,0,0,0,0,0,Baris Dummy Nol Sistem
2026-03-27,T1,LAUT,619,Badas,Nusa Tenggara Barat,-8.462793416,117.3716788,,1,0,4,0,0,5,Baris Riil Transaksi Aktif
2026-01-01,T1,LAUT,627,Bakauheni,Lampung,-5.870077,105.75435,,8,0,1,0,0,9,Baris Riil Transaksi Aktif
2026-01-01,T1,LAUT,627,Bakauheni,Lampung,-5.870077,105.75435,,3,138,3,24,162,6,Baris Riil Transaksi Aktif
2026-01-03,T1,LAUT,627,Bakauheni,Lampung,-5.870077,105.75435,,5,0,1,0,0,6,Baris Riil Transaksi Aktif
2026-01-03,T1,LAUT,627,Bakauheni,Lampung,-5.870077,105.75435,,1,53,1,46,99,2,Baris Riil Transaksi Aktif
2026-01-05,T1,LAUT,627,Bakauheni,Lampung,-5.870077,105.75435,,2,0,1,0,0,3,Baris Riil Transaksi Aktif
2026-01-05,T1,LAUT,627,Bakauheni,Lampung,-5.870077,105.75435,,1,29,1,53,82,2,Baris Riil Transaksi Aktif
2026-01-06,T1,LAUT,627,Bakauheni,Lampung,-5.870077,105.75435,,22,180,11,35,215,33,Baris Riil Transaksi Aktif
2026-01-06,T1,LAUT,627,Bakauheni,Lampung,-5.870077,105.75435,,8,373,8,297,670,16,Baris Riil Transaksi Aktif
2026-01-07,T1,LAUT,627,Bakauheni,Lampung,-5.870077,105.75435,,19,118,11,0,118,30,Baris Riil Transaksi Aktif
2026-01-07,T1,LAUT,627,Bakauheni,Lampung,-5.870077,105.75435,,7,326,7,233,559,14,Baris Riil Transaksi Aktif
2026-01-08,T1,LAUT,627,Bakauheni,Lampung,-5.870077,105.75435,,14,62,8,22,84,22,Baris Riil Transaksi Aktif
2026-01-08,T1,LAUT,627,Bakauheni,Lampung,-5.870077,105.75435,,8,329,7,259,588,15,Baris Riil Transaksi Aktif
2026-01-09,T1,LAUT,627,Bakauheni,Lampung,-5.870077,105.75435,,1,31,0,0,31,1,Baris Riil Transaksi Aktif
2026-01-09,T1,LAUT,627,Bakauheni,Lampung,-5.870077,105.75435,,9,375,9,257,632,18,Baris Riil Transaksi Aktif
2026-01-10,T1,LAUT,627,Bakauheni,Lampung,-5.870077,105.75435,,15,98,9,0,98,24,Baris Riil Transaksi Aktif
2026-01-10,T1,LAUT,627,Bakauheni,Lampung,-5.870077,105.75435,,10,429,9,283,712,19,Baris Riil Transaksi Aktif
2026-01-11,T1,LAUT,627,Bakauheni,Lampung,-5.870077,105.75435,,5,1,3,0,1,8,Baris Riil Transaksi Aktif
2026-01-11,T1,LAUT,627,Bakauheni,Lampung,-5.870077,105.75435,,11,443,10,304,747,21,Baris Riil Transaksi Aktif
2026-01-12,T1,LAUT,627,Bakauheni,Lampung,-5.870077,105.75435,,9,77,3,0,77,12,Baris Riil Transaksi Aktif
2026-01-12,T1,LAUT,627,Bakauheni,Lampung,-5.870077,105.75435,,10,213,9,305,518,19,Baris Riil Transaksi Aktif
2026-01-13,T1,LAUT,627,Bakauheni,Lampung,-5.870077,105.75435,,3,137,4,153,290,7,Baris Riil Transaksi Aktif
2026-01-13,T1,LAUT,627,Bakauheni,Lampung,-5.870077,105.75435,,54,302,49,0,302,103,Baris Riil Transaksi Aktif
2026-01-14,T1,LAUT,627,Bakauheni,Lampung,-5.870077,105.75435,,10,39,2,0,39,12,Baris Riil Transaksi Aktif
2026-01-14,T1,LAUT,627,Bakauheni,Lampung,-5.870077,105.75435,,6,222,6,200,422,12,Baris Riil Transaksi Aktif
2026-01-16,T1,LAUT,627,Bakauheni,Lampung,-5.870077,105.75435,,4,17,0,0,17,4,Baris Riil Transaksi Aktif
2026-01-16,T1,LAUT,627,Bakauheni,Lampung,-5.870077,105.75435,,10,367,10,319,686,20,Baris Riil Transaksi Aktif
2026-01-17,T1,LAUT,627,Bakauheni,Lampung,-5.870077,105.75435,,1,0,0,0,0,1,Baris Riil Transaksi Aktif
2026-01-17,T1,LAUT,627,Bakauheni,Lampung,-5.870077,105.75435,,9,324,8,225,549,17,Baris Riil Transaksi Aktif
2026-01-21,T1,LAUT,627,Bakauheni,Lampung,-5.870077,105.75435,,16,34,8,0,34,24,Baris Riil Transaksi Aktif
2026-01-21,T1,LAUT,627,Bakauheni,Lampung,-5.870077,105.75435,,10,393,8,271,664,18,Baris Riil Transaksi Aktif
2026-01-22,T1,LAUT,627,Bakauheni,Lampung,-5.870077,105.75435,,18,94,13,76,170,31,Baris Riil Transaksi Aktif
2026-01-22,T1,LAUT,627,Bakauheni,Lampung,-5.870077,105.75435,,10,415,12,411,826,22,Baris Riil Transaksi Aktif
2026-01-23,T1,LAUT,627,Bakauheni,Lampung,-5.870077,105.75435,,2,84,2,77,161,4,Baris Riil Transaksi Aktif
2026-01-23,T1,LAUT,627,Bakauheni,Lampung,-5.870077,105.75435,,5,109,0,0,109,5,Baris Riil Transaksi Aktif
2026-01-24,T1,LAUT,627,Bakauheni,Lampung,-5.870077,105.75435,,13,20,7,0,20,20,Baris Riil Transaksi Aktif
2026-01-24,T1,LAUT,627,Bakauheni,Lampung,-5.870077,105.75435,,1,50,1,47,97,2,Baris Riil Transaksi Aktif
2026-01-25,T1,LAUT,627,Bakauheni,Lampung,-5.870077,105.75435,,5,0,0,0,0,5,Baris Riil Transaksi Aktif
2026-01-25,T1,LAUT,627,Bakauheni,Lampung,-5.870077,105.75435,,10,497,10,400,897,20,Baris Riil Transaksi Aktif
2026-01-26,T1,LAUT,627,Bakauheni,Lampung,-5.870077,105.75435,,5,2,1,0,2,6,Baris Riil Transaksi Aktif
2026-01-26,T1,LAUT,627,Bakauheni,Lampung,-5.870077,105.75435,,4,189,4,140,329,8,Baris Riil Transaksi Aktif
2026-01-27,T1,LAUT,627,Bakauheni,Lampung,-5.870077,105.75435,,13,48,2,0,48,15,Baris Riil Transaksi Aktif
2026-01-27,T1,LAUT,627,Bakauheni,Lampung,-5.870077,105.75435,,1,69,1,48,117,2,Baris Riil Transaksi Aktif
2026-01-28,T1,LAUT,627,Bakauheni,Lampung,-5.870077,105.75435,,8,38,2,0,38,10,Baris Riil Transaksi Aktif
2026-01-28,T1,LAUT,627,Bakauheni,Lampung,-5.870077,105.75435,,1,45,1,38,83,2,Baris Riil Transaksi Aktif
2026-01-30,T1,LAUT,627,Bakauheni,Lampung,-5.870077,105.75435,,8,0,3,0,0,11,Baris Riil Transaksi Aktif
2026-01-30,T1,LAUT,627,Bakauheni,Lampung,-5.870077,105.75435,,5,228,5,150,378,10,Baris Riil Transaksi Aktif
2026-02-01,T1,LAUT,627,Bakauheni,Lampung,-5.870077,105.75435,,1,64,0,0,64,1,Baris Riil Transaksi Aktif
2026-02-01,T1,LAUT,627,Bakauheni,Lampung,-5.870077,105.75435,,13,104,1,0,104,14,Baris Riil Transaksi Aktif
2026-02-02,T1,LAUT,627,Bakauheni,Lampung,-5.870077,105.75435,,11,68,0,0,68,11,Baris Riil Transaksi Aktif
2026-02-02,T1,LAUT,627,Bakauheni,Lampung,-5.870077,105.75435,,2,88,2,95,183,4,Baris Riil Transaksi Aktif
2026-02-03,T1,LAUT,627,Bakauheni,Lampung,-5.870077,105.75435,,1,15,1,19,34,2,Baris Riil Transaksi Aktif
2026-02-03,T1,LAUT,627,Bakauheni,Lampung,-5.870077,105.75435,,7,37,0,0,37,7,Baris Riil Transaksi Aktif
2026-02-04,T1,LAUT,627,Bakauheni,Lampung,-5.870077,105.75435,,5,0,0,0,0,5,Baris Riil Transaksi Aktif
2026-02-04,T1,LAUT,627,Bakauheni,Lampung,-5.870077,105.75435,,1,46,0,0,46,1,Baris Riil Transaksi Aktif
2026-03-21,T1,LAUT,30,Balikpapan,Kalimantan Timur,-1.271944,116.806111,,0,0,0,0,0,0,Baris Dummy Nol Sistem
2026-03-21,T1,LAUT,30,Balikpapan,Kalimantan Timur,-1.271944,116.806111,,1,0,0,0,0,1,Baris Riil Transaksi Aktif
2026-01-02,T1,LAUT,29,Banjarmasin,Kalimantan Selatan,-3.328056,114.557778,,0,0,0,0,0,0,Baris Dummy Nol Sistem
2026-01-02,T1,LAUT,29,Banjarmasin,Kalimantan Selatan,-3.328056,114.557778,,2,253,2,252,505,4,Baris Riil Transaksi Aktif
2026-01-01,T1,LAUT,642,Banten,Banten,-6.01727295,105.9545898,,10,118,2,143,261,12,Baris Riil Transaksi Aktif
2026-01-01,T1,LAUT,642,Banten,Banten,-6.01727295,105.9545898,,11,166,11,487,653,22,Baris Riil Transaksi Aktif
2026-01-02,T1,LAUT,642,Banten,Banten,-6.01727295,105.9545898,,5,0,3,121,121,8,Baris Riil Transaksi Aktif
2026-01-02,T1,LAUT,642,Banten,Banten,-6.01727295,105.9545898,,7,200,6,288,488,13,Baris Riil Transaksi Aktif
2026-01-03,T1,LAUT,642,Banten,Banten,-6.01727295,105.9545898,,1,49,3,154,203,4,Baris Riil Transaksi Aktif
2026-01-03,T1,LAUT,642,Banten,Banten,-6.01727295,105.9545898,,6,188,3,154,342,9,Baris Riil Transaksi Aktif
2026-01-05,T1,LAUT,642,Banten,Banten,-6.01727295,105.9545898,,7,268,5,175,443,12,Baris Riil Transaksi Aktif
2026-01-05,T1,LAUT,642,Banten,Banten,-6.01727295,105.9545898,,6,1243,2,103,1346,8,Baris Riil Transaksi Aktif
2026-01-06,T1,LAUT,642,Banten,Banten,-6.01727295,105.9545898,,7,251,7,258,509,14,Baris Riil Transaksi Aktif
2026-01-06,T1,LAUT,642,Banten,Banten,-6.01727295,105.9545898,,18,1652,10,666,2318,28,Baris Riil Transaksi Aktif
2026-01-07,T1,LAUT,642,Banten,Banten,-6.01727295,105.9545898,,10,321,11,496,817,21,Baris Riil Transaksi Aktif
2026-01-07,T1,LAUT,642,Banten,Banten,-6.01727295,105.9545898,,19,1814,10,385,2199,29,Baris Riil Transaksi Aktif
2026-01-08,T1,LAUT,642,Banten,Banten,-6.01727295,105.9545898,,9,321,7,350,671,16,Baris Riil Transaksi Aktif
2026-01-08,T1,LAUT,642,Banten,Banten,-6.01727295,105.9545898,,17,702,11,564,1266,28,Baris Riil Transaksi Aktif
2026-01-09,T1,LAUT,642,Banten,Banten,-6.01727295,105.9545898,,11,362,12,449,811,23,Baris Riil Transaksi Aktif
2026-01-09,T1,LAUT,642,Banten,Banten,-6.01727295,105.9545898,,3,378,1,138,516,4,Baris Riil Transaksi Aktif
2026-01-10,T1,LAUT,642,Banten,Banten,-6.01727295,105.9545898,,9,279,11,435,714,20,Baris Riil Transaksi Aktif
2026-01-10,T1,LAUT,642,Banten,Banten,-6.01727295,105.9545898,,16,1674,7,0,1674,23,Baris Riil Transaksi Aktif
2026-01-11,T1,LAUT,642,Banten,Banten,-6.01727295,105.9545898,,6,219,1,0,219,7,Baris Riil Transaksi Aktif
2026-01-11,T1,LAUT,642,Banten,Banten,-6.01727295,105.9545898,,10,304,9,355,659,19,Baris Riil Transaksi Aktif
2026-01-12,T1,LAUT,642,Banten,Banten,-6.01727295,105.9545898,,9,345,9,198,543,18,Baris Riil Transaksi Aktif
2026-01-12,T1,LAUT,642,Banten,Banten,-6.01727295,105.9545898,,15,1345,1,67,1412,16,Baris Riil Transaksi Aktif
2026-01-13,T1,LAUT,642,Banten,Banten,-6.01727295,105.9545898,,9,335,10,392,727,19,Baris Riil Transaksi Aktif
2026-01-13,T1,LAUT,642,Banten,Banten,-6.01727295,105.9545898,,46,2277,40,739,3016,86,Baris Riil Transaksi Aktif
2026-01-14,T1,LAUT,642,Banten,Banten,-6.01727295,105.9545898,,13,237,3,194,431,16,Baris Riil Transaksi Aktif
2026-01-14,T1,LAUT,642,Banten,Banten,-6.01727295,105.9545898,,14,466,14,531,997,28,Baris Riil Transaksi Aktif
2026-01-15,T1,LAUT,642,Banten,Banten,-6.01727295,105.9545898,,12,359,12,351,710,24,Baris Riil Transaksi Aktif
2026-01-15,T1,LAUT,642,Banten,Banten,-6.01727295,105.9545898,,18,1432,5,370,1802,23,Baris Riil Transaksi Aktif
2026-01-17,T1,LAUT,642,Banten,Banten,-6.01727295,105.9545898,,3,0,1,0,0,4,Baris Riil Transaksi Aktif
2026-01-17,T1,LAUT,642,Banten,Banten,-6.01727295,105.9545898,,9,288,8,292,580,17,Baris Riil Transaksi Aktif
2026-01-19,T1,LAUT,642,Banten,Banten,-6.01727295,105.9545898,,1,0,0,0,0,1,Baris Riil Transaksi Aktif
2026-01-19,T1,LAUT,642,Banten,Banten,-6.01727295,105.9545898,,10,350,8,206,556,18,Baris Riil Transaksi Aktif
2026-01-20,T1,LAUT,642,Banten,Banten,-6.01727295,105.9545898,,1,11,0,0,11,1,Baris Riil Transaksi Aktif
2026-01-20,T1,LAUT,642,Banten,Banten,-6.01727295,105.9545898,,10,304,11,375,679,21,Baris Riil Transaksi Aktif
2026-01-21,T1,LAUT,642,Banten,Banten,-6.01727295,105.9545898,,5,29,3,3,32,8,Baris Riil Transaksi Aktif
2026-01-21,T1,LAUT,642,Banten,Banten,-6.01727295,105.9545898,,11,407,9,345,752,20,Baris Riil Transaksi Aktif
2026-01-22,T1,LAUT,642,Banten,Banten,-6.01727295,105.9545898,,14,0,5,133,133,19,Baris Riil Transaksi Aktif
2026-01-22,T1,LAUT,642,Banten,Banten,-6.01727295,105.9545898,,10,333,10,388,721,20,Baris Riil Transaksi Aktif
2026-01-23,T1,LAUT,642,Banten,Banten,-6.01727295,105.9545898,,7,297,2,130,427,9,Baris Riil Transaksi Aktif
2026-01-23,T1,LAUT,642,Banten,Banten,-6.01727295,105.9545898,,8,338,9,416,754,17,Baris Riil Transaksi Aktif
2026-01-24,T1,LAUT,642,Banten,Banten,-6.01727295,105.9545898,,8,331,8,361,692,16,Baris Riil Transaksi Aktif
2026-01-24,T1,LAUT,642,Banten,Banten,-6.01727295,105.9545898,,11,585,4,0,585,15,Baris Riil Transaksi Aktif
2026-01-26,T1,LAUT,642,Banten,Banten,-6.01727295,105.9545898,,10,378,1,0,378,11,Baris Riil Transaksi Aktif
2026-01-26,T1,LAUT,642,Banten,Banten,-6.01727295,105.9545898,,12,417,6,273,690,18,Baris Riil Transaksi Aktif
2026-01-27,T1,LAUT,642,Banten,Banten,-6.01727295,105.9545898,,10,352,11,406,758,21,Baris Riil Transaksi Aktif
2026-01-27,T1,LAUT,642,Banten,Banten,-6.01727295,105.9545898,,11,457,4,436,893,15,Baris Riil Transaksi Aktif
2026-01-28,T1,LAUT,642,Banten,Banten,-6.01727295,105.9545898,,11,332,11,433,765,22,Baris Riil Transaksi Aktif
2026-01-28,T1,LAUT,642,Banten,Banten,-6.01727295,105.9545898,,9,426,5,8,434,14,Baris Riil Transaksi Aktif
2026-01-29,T1,LAUT,642,Banten,Banten,-6.01727295,105.9545898,,10,305,7,266,571,17,Baris Riil Transaksi Aktif
2026-01-29,T1,LAUT,642,Banten,Banten,-6.01727295,105.9545898,,15,366,6,155,521,21,Baris Riil Transaksi Aktif
2026-01-30,T1,LAUT,642,Banten,Banten,-6.01727295,105.9545898,,4,127,2,78,205,6,Baris Riil Transaksi Aktif
2026-01-30,T1,LAUT,642,Banten,Banten,-6.01727295,105.9545898,,13,191,4,230,421,17,Baris Riil Transaksi Aktif
2026-01-08,T1,LAUT,645,Baranusa,Nusa Tenggara Timur,-8.3626099,124.0964356,,2,6,2,1,7,4,Baris Riil Transaksi Aktif
2026-01-08,T1,LAUT,645,Baranusa,Nusa Tenggara Timur,-8.3626099,124.0964356,,3,310,1,17,327,4,Baris Riil Transaksi Aktif
2026-01-13,T1,LAUT,645,Baranusa,Nusa Tenggara Timur,-8.3626099,124.0964356,,0,0,1,6,6,1,Baris Riil Transaksi Aktif
2026-01-13,T1,LAUT,645,Baranusa,Nusa Tenggara Timur,-8.3626099,124.0964356,,2,118,1,20,138,3,Baris Riil Transaksi Aktif
2026-02-11,T1,LAUT,645,Baranusa,Nusa Tenggara Timur,-8.3626099,124.0964356,,1,0,0,0,0,1,Baris Riil Transaksi Aktif
2026-02-11,T1,LAUT,645,Baranusa,Nusa Tenggara Timur,-8.3626099,124.0964356,,2,181,1,18,199,3,Baris Riil Transaksi Aktif
2026-03-18,T1,LAUT,645,Baranusa,Nusa Tenggara Timur,-8.3626099,124.0964356,,0,0,1,3,3,1,Baris Riil Transaksi Aktif
2026-03-18,T1,LAUT,645,Baranusa,Nusa Tenggara Timur,-8.3626099,124.0964356,,2,424,1,9,433,3,Baris Riil Transaksi Aktif
2026-03-23,T1,LAUT,645,Baranusa,Nusa Tenggara Timur,-8.3626099,124.0964356,,2,9,1,8,17,3,Baris Riil Transaksi Aktif
2026-03-23,T1,LAUT,645,Baranusa,Nusa Tenggara Timur,-8.3626099,124.0964356,,2,15,1,80,95,3,Baris Riil Transaksi Aktif
2026-03-24,T1,LAUT,645,Baranusa,Nusa Tenggara Timur,-8.3626099,124.0964356,,0,0,1,3,3,1,Baris Riil Transaksi Aktif
2026-03-24,T1,LAUT,645,Baranusa,Nusa Tenggara Timur,-8.3626099,124.0964356,,2,0,1,95,95,3,Baris Riil Transaksi Aktif
2026-03-26,T1,LAUT,645,Baranusa,Nusa Tenggara Timur,-8.3626099,124.0964356,,0,0,1,2,2,1,Baris Riil Transaksi Aktif
2026-03-26,T1,LAUT,645,Baranusa,Nusa Tenggara Timur,-8.3626099,124.0964356,,2,176,1,13,189,3,Baris Riil Transaksi Aktif
2026-01-02,T1,LAUT,135,Bawean,Jawa Timur,-5.8526001,112.642395,,0,0,0,0,0,0,Baris Dummy Nol Sistem
2026-01-02,T1,LAUT,135,Bawean,Jawa Timur,-5.8526001,112.642395,,2,3,1,1,4,3,Baris Riil Transaksi Aktif
2026-01-09,T1,LAUT,135,Bawean,Jawa Timur,-5.8526001,112.642395,,0,0,0,0,0,0,Baris Dummy Nol Sistem
2026-01-09,T1,LAUT,135,Bawean,Jawa Timur,-5.8526001,112.642395,,2,10,1,1,11,3,Baris Riil Transaksi Aktif
2026-01-14,T1,LAUT,135,Bawean,Jawa Timur,-5.8526001,112.642395,,0,0,0,0,0,0,Baris Dummy Nol Sistem
2026-01-14,T1,LAUT,135,Bawean,Jawa Timur,-5.8526001,112.642395,,1,0,1,46,46,2,Baris Riil Transaksi Aktif
2026-01-23,T1,LAUT,135,Bawean,Jawa Timur,-5.8526001,112.642395,,0,0,0,0,0,0,Baris Dummy Nol Sistem
2026-01-23,T1,LAUT,135,Bawean,Jawa Timur,-5.8526001,112.642395,,1,17,0,0,17,1,Baris Riil Transaksi Aktif
2026-01-24,T1,LAUT,135,Bawean,Jawa Timur,-5.8526001,112.642395,,0,0,0,0,0,0,Baris Dummy Nol Sistem
2026-01-24,T1,LAUT,135,Bawean,Jawa Timur,-5.8526001,112.642395,,1,0,1,1,1,2,Baris Riil Transaksi Aktif
2026-01-30,T1,LAUT,135,Bawean,Jawa Timur,-5.8526001,112.642395,,0,0,0,0,0,0,Baris Dummy Nol Sistem
2026-01-30,T1,LAUT,135,Bawean,Jawa Timur,-5.8526001,112.642395,,1,0,1,11,11,2,Baris Riil Transaksi Aktif
2026-02-07,T1,LAUT,135,Bawean,Jawa Timur,-5.8526001,112.642395,,0,0,0,0,0,0,Baris Dummy Nol Sistem
2026-02-07,T1,LAUT,135,Bawean,Jawa Timur,-5.8526001,112.642395,,1,12,0,0,12,1,Baris Riil Transaksi Aktif
2026-03-22,T1,LAUT,135,Bawean,Jawa Timur,-5.8526001,112.642395,,0,0,0,0,0,0,Baris Dummy Nol Sistem
2026-03-22,T1,LAUT,135,Bawean,Jawa Timur,-5.8526001,112.642395,,1,0,1,11,11,2,Baris Riil Transaksi Aktif
2026-04-17,T1,LAUT,135,Bawean,Jawa Timur,-5.8526001,112.642395,,0,0,0,0,0,0,Baris Dummy Nol Sistem
2026-04-17,T1,LAUT,135,Bawean,Jawa Timur,-5.8526001,112.642395,,1,7,0,0,7,1,Baris Riil Transaksi Aktif
2026-05-15,T2,LAUT,135,Bawean,Jawa Timur,-5.8526001,112.642395,,0,0,0,0,0,0,Baris Dummy Nol Sistem
2026-05-15,T2,LAUT,135,Bawean,Jawa Timur,-5.8526001,112.642395,,1,0,1,1,1,2,Baris Riil Transaksi Aktif
2026-01-01,T1,LAUT,1,Belawan,Sumatera Utara,3.787786,98.704083,,0,0,0,0,0,0,Baris Dummy Nol Sistem
2026-01-01,T1,LAUT,1,Belawan,Sumatera Utara,3.787786,98.704083,,2,2692,1,1439,4131,3,Baris Riil Transaksi Aktif
2026-01-05,T1,LAUT,387,Bengkulu,Bengkulu,-3.845925608,102.3043081,,1,0,1,0,0,2,Baris Riil Transaksi Aktif
2026-01-05,T1,LAUT,387,Bengkulu,Bengkulu,-3.845925608,102.3043081,,0,0,0,0,0,0,Baris Dummy Nol Sistem
2026-03-13,T1,LAUT,387,Bengkulu,Bengkulu,-3.845925608,102.3043081,,0,0,0,0,0,0,Baris Dummy Nol Sistem
2026-03-13,T1,LAUT,387,Bengkulu,Bengkulu,-3.845925608,102.3043081,,1,101,0,0,101,1,Baris Riil Transaksi Aktif
2026-03-14,T1,LAUT,387,Bengkulu,Bengkulu,-3.845925608,102.3043081,,0,0,0,0,0,0,Baris Dummy Nol Sistem
2026-03-14,T1,LAUT,387,Bengkulu,Bengkulu,-3.845925608,102.3043081,,1,0,1,55,55,2,Baris Riil Transaksi Aktif
2026-03-16,T1,LAUT,50,Biak,Papua,-1.185,136.075278,,0,0,0,0,0,0,Baris Dummy Nol Sistem
2026-03-16,T1,LAUT,50,Biak,Papua,-1.185,136.075278,,1,43,0,0,43,1,Baris Riil Transaksi Aktif
2026-03-25,T1,LAUT,50,Biak,Papua,-1.185,136.075278,,0,0,0,0,0,0,Baris Dummy Nol Sistem
2026-03-25,T1,LAUT,50,Biak,Papua,-1.185,136.075278,,3,904,1,1079,1983,4,Baris Riil Transaksi Aktif
2026-03-27,T1,LAUT,50,Biak,Papua,-1.185,136.075278,,0,0,0,0,0,0,Baris Dummy Nol Sistem
2026-03-27,T1,LAUT,50,Biak,Papua,-1.185,136.075278,,3,914,2,1087,2001,5,Baris Riil Transaksi Aktif
2026-01-05,T1,LAUT,681,Bintuhan,Bengkulu,-4.839070044,103.4149502,,1,0,0,0,0,1,Baris Riil Transaksi Aktif
2026-01-05,T1,LAUT,681,Bintuhan,Bengkulu,-4.839070044,103.4149502,,0,0,0,0,0,0,Baris Dummy Nol Sistem
2026-01-01,T1,LAUT,548,Bontang,Kalimantan Timur,0.1494564,117.5247,,0,0,0,0,0,0,Baris Dummy Nol Sistem
2026-01-01,T1,LAUT,548,Bontang,Kalimantan Timur,0.1494564,117.5247,,3,412,3,563,975,6,Baris Riil Transaksi Aktif
2026-01-03,T1,LAUT,548,Bontang,Kalimantan Timur,0.1494564,117.5247,,0,0,0,0,0,0,Baris Dummy Nol Sistem
2026-01-03,T1,LAUT,548,Bontang,Kalimantan Timur,0.1494564,117.5247,,3,565,1,564,1129,4,Baris Riil Transaksi Aktif
2026-03-09,T1,LAUT,548,Bontang,Kalimantan Timur,0.1494564,117.5247,,0,0,0,0,0,0,Baris Dummy Nol Sistem
2026-03-09,T1,LAUT,548,Bontang,Kalimantan Timur,0.1494564,117.5247,,4,298,3,1263,1561,7,Baris Riil Transaksi Aktif
2026-03-30,T1,LAUT,548,Bontang,Kalimantan Timur,0.1494564,117.5247,,0,0,0,0,0,0,Baris Dummy Nol Sistem
2026-03-30,T1,LAUT,548,Bontang,Kalimantan Timur,0.1494564,117.5247,,1,0,1,546,546,2,Baris Riil Transaksi Aktif
2026-01-05,T1,LAUT,695,Branta,Jawa Timur,-7.2293701,113.4492188,,2,0,1,0,0,3,Baris Riil Transaksi Aktif
2026-01-05,T1,LAUT,695,Branta,Jawa Timur,-7.2293701,113.4492188,,0,0,0,0,0,0,Baris Dummy Nol Sistem
2026-01-06,T1,LAUT,695,Branta,Jawa Timur,-7.2293701,113.4492188,,3,0,1,0,0,4,Baris Riil Transaksi Aktif
2026-01-06,T1,LAUT,695,Branta,Jawa Timur,-7.2293701,113.4492188,,0,0,0,0,0,0,Baris Dummy Nol Sistem
2026-01-08,T1,LAUT,695,Branta,Jawa Timur,-7.2293701,113.4492188,,0,0,0,0,0,0,Baris Dummy Nol Sistem
2026-01-08,T1,LAUT,695,Branta,Jawa Timur,-7.2293701,113.4492188,,4,80,1,0,80,5,Baris Riil Transaksi Aktif
2026-01-04,T1,LAUT,62,Bula,Maluku,-3.062843613,130.4515273,,0,0,0,0,0,0,Baris Dummy Nol Sistem
2026-01-04,T1,LAUT,62,Bula,Maluku,-3.062843613,130.4515273,,2,113,1,58,171,3,Baris Riil Transaksi Aktif
2026-01-05,T1,LAUT,62,Bula,Maluku,-3.062843613,130.4515273,,0,0,0,0,0,0,Baris Dummy Nol Sistem
2026-01-05,T1,LAUT,62,Bula,Maluku,-3.062843613,130.4515273,,2,44,1,11,55,3,Baris Riil Transaksi Aktif
2026-01-07,T1,LAUT,62,Bula,Maluku,-3.062843613,130.4515273,,0,0,0,0,0,0,Baris Dummy Nol Sistem
2026-01-07,T1,LAUT,62,Bula,Maluku,-3.062843613,130.4515273,,4,115,2,151,266,6,Baris Riil Transaksi Aktif
2026-03-11,T1,LAUT,62,Bula,Maluku,-3.062843613,130.4515273,,1,0,0,0,0,1,Baris Riil Transaksi Aktif
2026-03-11,T1,LAUT,62,Bula,Maluku,-3.062843613,130.4515273,,5,274,4,207,481,9,Baris Riil Transaksi Aktif
2026-03-16,T1,LAUT,401,Bulukumba,Sulawesi Selatan,-5.545722161,120.2136368,,0,0,0,0,0,0,Baris Dummy Nol Sistem
2026-03-16,T1,LAUT,401,Bulukumba,Sulawesi Selatan,-5.545722161,120.2136368,,1,16,0,0,16,1,Baris Riil Transaksi Aktif
2026-03-24,T1,LAUT,401,Bulukumba,Sulawesi Selatan,-5.545722161,120.2136368,,0,0,0,0,0,0,Baris Dummy Nol Sistem
2026-03-24,T1,LAUT,401,Bulukumba,Sulawesi Selatan,-5.545722161,120.2136368,,1,165,0,0,165,1,Baris Riil Transaksi Aktif
2026-01-06,T1,LAUT,711,Bunta,Sulawesi Tengah,-0.8369751,122.1622315,,0,0,0,0,0,0,Baris Dummy Nol Sistem
2026-01-06,T1,LAUT,711,Bunta,Sulawesi Tengah,-0.8369751,122.1622315,,2,357,1,5,362,3,Baris Riil Transaksi Aktif
2026-03-14,T1,LAUT,711,Bunta,Sulawesi Tengah,-0.8369751,122.1622315,,0,0,0,0,0,0,Baris Dummy Nol Sistem
2026-03-14,T1,LAUT,711,Bunta,Sulawesi Tengah,-0.8369751,122.1622315,,1,9,0,0,9,1,Baris Riil Transaksi Aktif
2026-03-24,T1,LAUT,711,Bunta,Sulawesi Tengah,-0.8369751,122.1622315,,0,0,0,0,0,0,Baris Dummy Nol Sistem
2026-03-24,T1,LAUT,711,Bunta,Sulawesi Tengah,-0.8369751,122.1622315,,1,0,1,71,71,2,Baris Riil Transaksi Aktif
2026-03-13,T1,LAUT,719,Calabai,Nusa Tenggara Barat,-8.2145996,117.710022,,2,62,1,0,62,3,Baris Riil Transaksi Aktif
2026-03-13,T1,LAUT,719,Calabai,Nusa Tenggara Barat,-8.2145996,117.710022,,1,62,0,0,62,1,Baris Riil Transaksi Aktif
2026-03-14,T1,LAUT,728,Celukan Bawang,Bali,-8.187970579,114.832096,,3,0,3,410,410,6,Baris Riil Transaksi Aktif
2026-03-14,T1,LAUT,728,Celukan Bawang,Bali,-8.187970579,114.832096,,2,21,1,14,35,3,Baris Riil Transaksi Aktif
2026-03-17,T1,LAUT,728,Celukan Bawang,Bali,-8.187970579,114.832096,,0,0,0,0,0,0,Baris Dummy Nol Sistem
2026-03-17,T1,LAUT,728,Celukan Bawang,Bali,-8.187970579,114.832096,,2,17,1,490,507,3,Baris Riil Transaksi Aktif
2026-03-24,T1,LAUT,728,Celukan Bawang,Bali,-8.187970579,114.832096,,0,0,0,0,0,0,Baris Dummy Nol Sistem
2026-03-24,T1,LAUT,728,Celukan Bawang,Bali,-8.187970579,114.832096,,2,210,1,36,246,3,Baris Riil Transaksi Aktif
2026-03-28,T1,LAUT,728,Celukan Bawang,Bali,-8.187970579,114.832096,,0,0,0,0,0,0,Baris Dummy Nol Sistem
2026-03-28,T1,LAUT,728,Celukan Bawang,Bali,-8.187970579,114.832096,,2,7,1,23,30,3,Baris Riil Transaksi Aktif
2026-03-09,T1,LAUT,296,Cirebon,Jawa Barat,-6.709722,108.572778,,0,0,0,0,0,0,Baris Dummy Nol Sistem
2026-03-09,T1,LAUT,296,Cirebon,Jawa Barat,-6.709722,108.572778,,3,0,2,0,0,5,Baris Riil Transaksi Aktif
2026-03-10,T1,LAUT,296,Cirebon,Jawa Barat,-6.709722,108.572778,,0,0,0,0,0,0,Baris Dummy Nol Sistem
2026-03-10,T1,LAUT,296,Cirebon,Jawa Barat,-6.709722,108.572778,,1,0,1,0,0,2,Baris Riil Transaksi Aktif
2026-03-11,T1,LAUT,296,Cirebon,Jawa Barat,-6.709722,108.572778,,0,0,0,0,0,0,Baris Dummy Nol Sistem
2026-03-11,T1,LAUT,296,Cirebon,Jawa Barat,-6.709722,108.572778,,2,0,1,0,0,3,Baris Riil Transaksi Aktif
2026-03-17,T1,LAUT,296,Cirebon,Jawa Barat,-6.709722,108.572778,,0,0,0,0,0,0,Baris Dummy Nol Sistem
2026-03-17,T1,LAUT,296,Cirebon,Jawa Barat,-6.709722,108.572778,,1,0,1,0,0,2,Baris Riil Transaksi Aktif
2026-04-02,T1,LAUT,296,Cirebon,Jawa Barat,-6.709722,108.572778,,0,0,0,0,0,0,Baris Dummy Nol Sistem
2026-04-02,T1,LAUT,296,Cirebon,Jawa Barat,-6.709722,108.572778,,1,0,1,0,0,2,Baris Riil Transaksi Aktif
2026-04-20,T1,LAUT,296,Cirebon,Jawa Barat,-6.709722,108.572778,,1,0,1,0,0,2,Baris Riil Transaksi Aktif
2026-04-20,T1,LAUT,296,Cirebon,Jawa Barat,-6.709722,108.572778,,0,0,0,0,0,0,Baris Dummy Nol Sistem
2026-04-22,T1,LAUT,296,Cirebon,Jawa Barat,-6.709722,108.572778,,2,0,2,0,0,4,Baris Riil Transaksi Aktif
2026-04-22,T1,LAUT,296,Cirebon,Jawa Barat,-6.709722,108.572778,,0,0,0,0,0,0,Baris Dummy Nol Sistem
2026-04-27,T1,LAUT,296,Cirebon,Jawa Barat,-6.709722,108.572778,,1,0,1,0,0,2,Baris Riil Transaksi Aktif
2026-04-27,T1,LAUT,296,Cirebon,Jawa Barat,-6.709722,108.572778,,0,0,0,0,0,0,Baris Dummy Nol Sistem
2026-05-18,T2,LAUT,296,Cirebon,Jawa Barat,-6.709722,108.572778,,1,0,1,0,0,2,Baris Riil Transaksi Aktif
2026-05-18,T2,LAUT,296,Cirebon,Jawa Barat,-6.709722,108.572778,,0,0,0,0,0,0,Baris Dummy Nol Sistem
2026-06-24,T2,LAUT,296,Cirebon,Jawa Barat,-6.709722,108.572778,,2,0,1,0,0,3,Baris Riil Transaksi Aktif
2026-06-24,T2,LAUT,296,Cirebon,Jawa Barat,-6.709722,108.572778,,0,0,0,0,0,0,Baris Dummy Nol Sistem
2026-03-09,T1,LAUT,65,Dobo,Maluku,-5.75708008,134.2382202,,0,0,0,0,0,0,Baris Dummy Nol Sistem
2026-03-09,T1,LAUT,65,Dobo,Maluku,-5.75708008,134.2382202,,1,10,0,0,10,1,Baris Riil Transaksi Aktif
2026-03-11,T1,LAUT,65,Dobo,Maluku,-5.75708008,134.2382202,,0,0,0,0,0,0,Baris Dummy Nol Sistem
2026-03-11,T1,LAUT,65,Dobo,Maluku,-5.75708008,134.2382202,,1,0,1,43,43,2,Baris Riil Transaksi Aktif
2026-01-07,T1,LAUT,66,Ende,Nusa Tenggara Timur,-8.84539795,121.6420288,,0,0,0,0,0,0,Baris Dummy Nol Sistem
2026-01-07,T1,LAUT,66,Ende,Nusa Tenggara Timur,-8.84539795,121.6420288,,1,396,0,0,396,1,Baris Riil Transaksi Aktif
2026-03-20,T1,LAUT,66,Ende,Nusa Tenggara Timur,-8.84539795,121.6420288,,0,0,0,0,0,0,Baris Dummy Nol Sistem
2026-03-20,T1,LAUT,66,Ende,Nusa Tenggara Timur,-8.84539795,121.6420288,,1,0,1,546,546,2,Baris Riil Transaksi Aktif
2026-03-21,T1,LAUT,66,Ende,Nusa Tenggara Timur,-8.84539795,121.6420288,,0,0,0,0,0,0,Baris Dummy Nol Sistem
2026-03-21,T1,LAUT,66,Ende,Nusa Tenggara Timur,-8.84539795,121.6420288,,2,0,1,0,0,3,Baris Riil Transaksi Aktif
2026-05-26,T2,LAUT,771,Garongkong,Sulawesi Selatan,-4.37811279,119.6104126,,0,0,0,0,0,0,Baris Dummy Nol Sistem
2026-05-26,T2,LAUT,771,Garongkong,Sulawesi Selatan,-4.37811279,119.6104126,,1,210,0,0,210,1,Baris Riil Transaksi Aktif
2026-07-06,T2,LAUT,771,Garongkong,Sulawesi Selatan,-4.37811279,119.6104126,,1,0,0,0,0,1,Baris Riil Transaksi Aktif
2026-07-06,T2,LAUT,771,Garongkong,Sulawesi Selatan,-4.37811279,119.6104126,,0,0,0,0,0,0,Baris Dummy Nol Sistem
2026-03-14,T1,LAUT,70,Geser,Maluku,-3.87902,130.9021,,1,20,1,43,63,2,Baris Riil Transaksi Aktif
2026-03-14,T1,LAUT,70,Geser,Maluku,-3.87902,130.9021,,3,22,1,43,65,4,Baris Riil Transaksi Aktif
2026-03-15,T1,LAUT,70,Geser,Maluku,-3.87902,130.9021,,1,50,1,4,54,2,Baris Riil Transaksi Aktif
2026-03-15,T1,LAUT,70,Geser,Maluku,-3.87902,130.9021,,6,83,5,26,109,11,Baris Riil Transaksi Aktif
2026-05-14,T2,LAUT,779,Gilimanuk,Bali,-8.168884,114.432263,,1,0,0,0,0,1,Baris Riil Transaksi Aktif
2026-05-14,T2,LAUT,779,Gilimanuk,Bali,-8.168884,114.432263,,0,0,0,0,0,0,Baris Dummy Nol Sistem
2026-05-20,T2,LAUT,779,Gilimanuk,Bali,-8.168884,114.432263,,1,0,0,0,0,1,Baris Riil Transaksi Aktif
2026-05-20,T2,LAUT,779,Gilimanuk,Bali,-8.168884,114.432263,,0,0,0,0,0,0,Baris Dummy Nol Sistem
2026-05-21,T2,LAUT,779,Gilimanuk,Bali,-8.168884,114.432263,,0,0,0,0,0,0,Baris Dummy Nol Sistem
2026-05-21,T2,LAUT,779,Gilimanuk,Bali,-8.168884,114.432263,,2,82,1,243,325,3,Baris Riil Transaksi Aktif
2026-05-25,T2,LAUT,779,Gilimanuk,Bali,-8.168884,114.432263,,1,0,0,0,0,1,Baris Riil Transaksi Aktif
2026-05-25,T2,LAUT,779,Gilimanuk,Bali,-8.168884,114.432263,,0,0,0,0,0,0,Baris Dummy Nol Sistem
2026-05-28,T2,LAUT,779,Gilimanuk,Bali,-8.168884,114.432263,,2,0,1,0,0,3,Baris Riil Transaksi Aktif
2026-05-28,T2,LAUT,779,Gilimanuk,Bali,-8.168884,114.432263,,0,0,0,0,0,0,Baris Dummy Nol Sistem
2026-06-01,T2,LAUT,779,Gilimanuk,Bali,-8.168884,114.432263,,1,0,0,0,0,1,Baris Riil Transaksi Aktif
2026-06-01,T2,LAUT,779,Gilimanuk,Bali,-8.168884,114.432263,,0,0,0,0,0,0,Baris Dummy Nol Sistem
2026-06-02,T2,LAUT,779,Gilimanuk,Bali,-8.168884,114.432263,,0,0,0,0,0,0,Baris Dummy Nol Sistem
2026-06-02,T2,LAUT,779,Gilimanuk,Bali,-8.168884,114.432263,,5,23,2,0,23,7,Baris Riil Transaksi Aktif
2026-06-03,T2,LAUT,779,Gilimanuk,Bali,-8.168884,114.432263,,0,0,0,0,0,0,Baris Dummy Nol Sistem
2026-06-03,T2,LAUT,779,Gilimanuk,Bali,-8.168884,114.432263,,3,199,0,0,199,3,Baris Riil Transaksi Aktif
2026-06-04,T2,LAUT,779,Gilimanuk,Bali,-8.168884,114.432263,,1,0,0,0,0,1,Baris Riil Transaksi Aktif
2026-06-04,T2,LAUT,779,Gilimanuk,Bali,-8.168884,114.432263,,0,0,0,0,0,0,Baris Dummy Nol Sistem
2026-06-05,T2,LAUT,779,Gilimanuk,Bali,-8.168884,114.432263,,3,0,0,0,0,3,Baris Riil Transaksi Aktif
2026-06-05,T2,LAUT,779,Gilimanuk,Bali,-8.168884,114.432263,,0,0,0,0,0,0,Baris Dummy Nol Sistem
2026-06-06,T2,LAUT,779,Gilimanuk,Bali,-8.168884,114.432263,,0,0,0,0,0,0,Baris Dummy Nol Sistem
2026-06-06,T2,LAUT,779,Gilimanuk,Bali,-8.168884,114.432263,,1,99,0,0,99,1,Baris Riil Transaksi Aktif
2026-09-17,T3,LAUT,779,Gilimanuk,Bali,-8.168884,114.432263,,0,0,0,0,0,0,Baris Dummy Nol Sistem
2026-09-17,T3,LAUT,779,Gilimanuk,Bali,-8.168884,114.432263,,2,143,1,143,286,3,Baris Riil Transaksi Aktif
2026-01-01,T1,LAUT,40,Gorontalo,Gorontalo,0.49902344,123.0543823,,0,0,0,0,0,0,Baris Dummy Nol Sistem
2026-01-01,T1,LAUT,40,Gorontalo,Gorontalo,0.49902344,123.0543823,,2,14,1,541,555,3,Baris Riil Transaksi Aktif
2026-01-04,T1,LAUT,40,Gorontalo,Gorontalo,0.49902344,123.0543823,,0,0,0,0,0,0,Baris Dummy Nol Sistem
2026-01-04,T1,LAUT,40,Gorontalo,Gorontalo,0.49902344,123.0543823,,2,400,1,385,785,3,Baris Riil Transaksi Aktif
2026-01-05,T1,LAUT,40,Gorontalo,Gorontalo,0.49902344,123.0543823,,0,0,0,0,0,0,Baris Dummy Nol Sistem
2026-01-05,T1,LAUT,40,Gorontalo,Gorontalo,0.49902344,123.0543823,,1,0,1,250,250,2,Baris Riil Transaksi Aktif
2026-03-13,T1,LAUT,40,Gorontalo,Gorontalo,0.49902344,123.0543823,,0,0,0,0,0,0,Baris Dummy Nol Sistem
2026-03-13,T1,LAUT,40,Gorontalo,Gorontalo,0.49902344,123.0543823,,2,75,1,281,356,3,Baris Riil Transaksi Aktif
2026-03-22,T1,LAUT,40,Gorontalo,Gorontalo,0.49902344,123.0543823,,0,0,0,0,0,0,Baris Dummy Nol Sistem
2026-03-22,T1,LAUT,40,Gorontalo,Gorontalo,0.49902344,123.0543823,,3,884,1,68,952,4,Baris Riil Transaksi Aktif
2026-03-21,T1,LAUT,22,Gresik,Jawa Timur,-7.155824,112.662315,,0,0,0,0,0,0,Baris Dummy Nol Sistem
2026-03-21,T1,LAUT,22,Gresik,Jawa Timur,-7.155824,112.662315,,2,0,1,0,0,3,Baris Riil Transaksi Aktif
2026-03-22,T1,LAUT,22,Gresik,Jawa Timur,-7.155824,112.662315,,1,0,1,0,0,2,Baris Riil Transaksi Aktif
2026-03-22,T1,LAUT,22,Gresik,Jawa Timur,-7.155824,112.662315,,0,0,0,0,0,0,Baris Dummy Nol Sistem
2026-03-14,T1,LAUT,801,Indramayu,Jawa Barat,-6.314318621,108.326463,,0,0,0,0,0,0,Baris Dummy Nol Sistem
2026-03-14,T1,LAUT,801,Indramayu,Jawa Barat,-6.314318621,108.326463,,1,0,0,0,0,1,Baris Riil Transaksi Aktif
2026-03-19,T1,LAUT,801,Indramayu,Jawa Barat,-6.314318621,108.326463,,2,0,1,0,0,3,Baris Riil Transaksi Aktif
2026-03-19,T1,LAUT,801,Indramayu,Jawa Barat,-6.314318621,108.326463,,0,0,0,0,0,0,Baris Dummy Nol Sistem
2026-03-23,T1,LAUT,801,Indramayu,Jawa Barat,-6.314318621,108.326463,,1,0,1,0,0,2,Baris Riil Transaksi Aktif
2026-03-23,T1,LAUT,801,Indramayu,Jawa Barat,-6.314318621,108.326463,,0,0,0,0,0,0,Baris Dummy Nol Sistem
2026-03-24,T1,LAUT,801,Indramayu,Jawa Barat,-6.314318621,108.326463,,0,0,0,0,0,0,Baris Dummy Nol Sistem
2026-03-24,T1,LAUT,801,Indramayu,Jawa Barat,-6.314318621,108.326463,,2,0,1,0,0,3,Baris Riil Transaksi Aktif
2026-03-25,T1,LAUT,801,Indramayu,Jawa Barat,-6.314318621,108.326463,,0,0,0,0,0,0,Baris Dummy Nol Sistem
2026-03-25,T1,LAUT,801,Indramayu,Jawa Barat,-6.314318621,108.326463,,1,0,0,0,0,1,Baris Riil Transaksi Aktif
2026-03-20,T1,LAUT,51,Jayapura,Papua,-2.545556,140.713333,,0,0,0,0,0,0,Baris Dummy Nol Sistem
2026-03-20,T1,LAUT,51,Jayapura,Papua,-2.545556,140.713333,,1,224,0,0,224,1,Baris Riil Transaksi Aktif
2026-03-23,T1,LAUT,51,Jayapura,Papua,-2.545556,140.713333,,0,0,0,0,0,0,Baris Dummy Nol Sistem
2026-03-23,T1,LAUT,51,Jayapura,Papua,-2.545556,140.713333,,4,92,1,0,92,5,Baris Riil Transaksi Aktif
2026-03-24,T1,LAUT,51,Jayapura,Papua,-2.545556,140.713333,,0,0,0,0,0,0,Baris Dummy Nol Sistem
2026-03-24,T1,LAUT,51,Jayapura,Papua,-2.545556,140.713333,,4,253,1,0,253,5,Baris Riil Transaksi Aktif
2026-01-02,T1,LAUT,811,Jeneponto,Sulawesi Selatan,-5.626300449,119.8439109,,1,0,1,0,0,2,Baris Riil Transaksi Aktif
2026-01-02,T1,LAUT,811,Jeneponto,Sulawesi Selatan,-5.626300449,119.8439109,,0,0,0,0,0,0,Baris Dummy Nol Sistem
2026-03-15,T1,LAUT,811,Jeneponto,Sulawesi Selatan,-5.626300449,119.8439109,,1,0,0,0,0,1,Baris Riil Transaksi Aktif
2026-03-15,T1,LAUT,811,Jeneponto,Sulawesi Selatan,-5.626300449,119.8439109,,0,0,0,0,0,0,Baris Dummy Nol Sistem
2026-03-17,T1,LAUT,811,Jeneponto,Sulawesi Selatan,-5.626300449,119.8439109,,0,0,0,0,0,0,Baris Dummy Nol Sistem
2026-03-17,T1,LAUT,811,Jeneponto,Sulawesi Selatan,-5.626300449,119.8439109,,1,0,1,0,0,2,Baris Riil Transaksi Aktif
2026-03-18,T1,LAUT,811,Jeneponto,Sulawesi Selatan,-5.626300449,119.8439109,,0,0,0,0,0,0,Baris Dummy Nol Sistem
2026-03-18,T1,LAUT,811,Jeneponto,Sulawesi Selatan,-5.626300449,119.8439109,,3,37,1,54,91,4,Baris Riil Transaksi Aktif
2026-03-20,T1,LAUT,811,Jeneponto,Sulawesi Selatan,-5.626300449,119.8439109,,0,0,0,0,0,0,Baris Dummy Nol Sistem
2026-03-20,T1,LAUT,811,Jeneponto,Sulawesi Selatan,-5.626300449,119.8439109,,1,0,1,0,0,2,Baris Riil Transaksi Aktif
2026-01-01,T1,LAUT,813,Jepara,Jawa Tengah,-6.57800293,110.6503906,,0,0,0,0,0,0,Baris Dummy Nol Sistem
2026-01-01,T1,LAUT,813,Jepara,Jawa Tengah,-6.57800293,110.6503906,,3,462,2,356,818,5,Baris Riil Transaksi Aktif
2026-01-02,T1,LAUT,813,Jepara,Jawa Tengah,-6.57800293,110.6503906,,0,0,0,0,0,0,Baris Dummy Nol Sistem
2026-01-02,T1,LAUT,813,Jepara,Jawa Tengah,-6.57800293,110.6503906,,4,690,3,461,1151,7,Baris Riil Transaksi Aktif
2026-01-03,T1,LAUT,813,Jepara,Jawa Tengah,-6.57800293,110.6503906,,0,0,0,0,0,0,Baris Dummy Nol Sistem
2026-01-03,T1,LAUT,813,Jepara,Jawa Tengah,-6.57800293,110.6503906,,2,386,2,303,689,4,Baris Riil Transaksi Aktif
2026-01-04,T1,LAUT,813,Jepara,Jawa Tengah,-6.57800293,110.6503906,,0,0,0,0,0,0,Baris Dummy Nol Sistem
2026-01-04,T1,LAUT,813,Jepara,Jawa Tengah,-6.57800293,110.6503906,,2,275,1,191,466,3,Baris Riil Transaksi Aktif
2026-01-05,T1,LAUT,813,Jepara,Jawa Tengah,-6.57800293,110.6503906,,0,0,0,0,0,0,Baris Dummy Nol Sistem
2026-01-05,T1,LAUT,813,Jepara,Jawa Tengah,-6.57800293,110.6503906,,3,231,3,353,584,6,Baris Riil Transaksi Aktif
2026-01-06,T1,LAUT,813,Jepara,Jawa Tengah,-6.57800293,110.6503906,,0,0,0,0,0,0,Baris Dummy Nol Sistem
2026-01-06,T1,LAUT,813,Jepara,Jawa Tengah,-6.57800293,110.6503906,,2,75,1,9,84,3,Baris Riil Transaksi Aktif
2026-01-07,T1,LAUT,813,Jepara,Jawa Tengah,-6.57800293,110.6503906,,0,0,0,0,0,0,Baris Dummy Nol Sistem
2026-01-07,T1,LAUT,813,Jepara,Jawa Tengah,-6.57800293,110.6503906,,2,247,1,140,387,3,Baris Riil Transaksi Aktif
2026-03-15,T1,LAUT,813,Jepara,Jawa Tengah,-6.57800293,110.6503906,,0,0,0,0,0,0,Baris Dummy Nol Sistem
2026-03-15,T1,LAUT,813,Jepara,Jawa Tengah,-6.57800293,110.6503906,,1,176,0,0,176,1,Baris Riil Transaksi Aktif
2026-03-18,T1,LAUT,813,Jepara,Jawa Tengah,-6.57800293,110.6503906,,0,0,0,0,0,0,Baris Dummy Nol Sistem
2026-03-18,T1,LAUT,813,Jepara,Jawa Tengah,-6.57800293,110.6503906,,2,158,1,349,507,3,Baris Riil Transaksi Aktif
2026-03-19,T1,LAUT,813,Jepara,Jawa Tengah,-6.57800293,110.6503906,,0,0,0,0,0,0,Baris Dummy Nol Sistem
2026-03-19,T1,LAUT,813,Jepara,Jawa Tengah,-6.57800293,110.6503906,,3,308,2,610,918,5,Baris Riil Transaksi Aktif
2026-03-20,T1,LAUT,813,Jepara,Jawa Tengah,-6.57800293,110.6503906,,0,0,0,0,0,0,Baris Dummy Nol Sistem
2026-03-20,T1,LAUT,813,Jepara,Jawa Tengah,-6.57800293,110.6503906,,2,353,1,385,738,3,Baris Riil Transaksi Aktif
2026-03-22,T1,LAUT,813,Jepara,Jawa Tengah,-6.57800293,110.6503906,,0,0,0,0,0,0,Baris Dummy Nol Sistem
2026-03-22,T1,LAUT,813,Jepara,Jawa Tengah,-6.57800293,110.6503906,,3,646,3,953,1599,6,Baris Riil Transaksi Aktif
2026-03-23,T1,LAUT,813,Jepara,Jawa Tengah,-6.57800293,110.6503906,,0,0,0,0,0,0,Baris Dummy Nol Sistem
2026-03-23,T1,LAUT,813,Jepara,Jawa Tengah,-6.57800293,110.6503906,,3,416,2,738,1154,5,Baris Riil Transaksi Aktif
2026-03-24,T1,LAUT,813,Jepara,Jawa Tengah,-6.57800293,110.6503906,,0,0,0,0,0,0,Baris Dummy Nol Sistem
2026-03-24,T1,LAUT,813,Jepara,Jawa Tengah,-6.57800293,110.6503906,,3,691,2,610,1301,5,Baris Riil Transaksi Aktif
2026-03-25,T1,LAUT,813,Jepara,Jawa Tengah,-6.57800293,110.6503906,,0,0,0,0,0,0,Baris Dummy Nol Sistem
2026-03-25,T1,LAUT,813,Jepara,Jawa Tengah,-6.57800293,110.6503906,,4,928,2,725,1653,6,Baris Riil Transaksi Aktif
2026-03-26,T1,LAUT,813,Jepara,Jawa Tengah,-6.57800293,110.6503906,,0,0,0,0,0,0,Baris Dummy Nol Sistem
2026-03-26,T1,LAUT,813,Jepara,Jawa Tengah,-6.57800293,110.6503906,,3,597,3,908,1505,6,Baris Riil Transaksi Aktif
2026-03-27,T1,LAUT,813,Jepara,Jawa Tengah,-6.57800293,110.6503906,,0,0,0,0,0,0,Baris Dummy Nol Sistem
2026-03-27,T1,LAUT,813,Jepara,Jawa Tengah,-6.57800293,110.6503906,,3,552,2,583,1135,5,Baris Riil Transaksi Aktif
2026-03-28,T1,LAUT,813,Jepara,Jawa Tengah,-6.57800293,110.6503906,,0,0,0,0,0,0,Baris Dummy Nol Sistem
2026-03-28,T1,LAUT,813,Jepara,Jawa Tengah,-6.57800293,110.6503906,,3,601,2,522,1123,5,Baris Riil Transaksi Aktif
2026-03-29,T1,LAUT,813,Jepara,Jawa Tengah,-6.57800293,110.6503906,,0,0,0,0,0,0,Baris Dummy Nol Sistem
2026-03-29,T1,LAUT,813,Jepara,Jawa Tengah,-6.57800293,110.6503906,,4,953,2,241,1194,6,Baris Riil Transaksi Aktif
2026-03-30,T1,LAUT,813,Jepara,Jawa Tengah,-6.57800293,110.6503906,,0,0,0,0,0,0,Baris Dummy Nol Sistem
2026-03-30,T1,LAUT,813,Jepara,Jawa Tengah,-6.57800293,110.6503906,,3,566,2,390,956,5,Baris Riil Transaksi Aktif
2026-01-02,T1,LAUT,72,Kaimana,Papua Barat,-3.66467285,133.7590332,,0,0,0,0,0,0,Baris Dummy Nol Sistem
2026-01-02,T1,LAUT,72,Kaimana,Papua Barat,-3.66467285,133.7590332,,1,21,0,0,21,1,Baris Riil Transaksi Aktif
2026-01-05,T1,LAUT,72,Kaimana,Papua Barat,-3.66467285,133.7590332,,0,0,0,0,0,0,Baris Dummy Nol Sistem
2026-01-05,T1,LAUT,72,Kaimana,Papua Barat,-3.66467285,133.7590332,,2,993,1,1059,2052,3,Baris Riil Transaksi Aktif
2026-03-15,T1,LAUT,72,Kaimana,Papua Barat,-3.66467285,133.7590332,,0,0,0,0,0,0,Baris Dummy Nol Sistem
2026-03-15,T1,LAUT,72,Kaimana,Papua Barat,-3.66467285,133.7590332,,1,24,0,0,24,1,Baris Riil Transaksi Aktif
2026-03-16,T1,LAUT,72,Kaimana,Papua Barat,-3.66467285,133.7590332,,0,0,0,0,0,0,Baris Dummy Nol Sistem
2026-03-16,T1,LAUT,72,Kaimana,Papua Barat,-3.66467285,133.7590332,,2,11,2,28,39,4,Baris Riil Transaksi Aktif
2026-03-17,T1,LAUT,72,Kaimana,Papua Barat,-3.66467285,133.7590332,,0,0,0,0,0,0,Baris Dummy Nol Sistem
2026-03-17,T1,LAUT,72,Kaimana,Papua Barat,-3.66467285,133.7590332,,2,135,1,113,248,3,Baris Riil Transaksi Aktif
2026-03-22,T1,LAUT,72,Kaimana,Papua Barat,-3.66467285,133.7590332,,0,0,0,0,0,0,Baris Dummy Nol Sistem
2026-03-22,T1,LAUT,72,Kaimana,Papua Barat,-3.66467285,133.7590332,,1,0,1,29,29,2,Baris Riil Transaksi Aktif
2026-03-26,T1,LAUT,72,Kaimana,Papua Barat,-3.66467285,133.7590332,,0,0,0,0,0,0,Baris Dummy Nol Sistem
2026-03-26,T1,LAUT,72,Kaimana,Papua Barat,-3.66467285,133.7590332,,1,12,0,0,12,1,Baris Riil Transaksi Aktif
2026-01-03,T1,LAUT,73,Kalabahi,Nusa Tenggara Timur,-8.21966553,124.5162354,,0,0,0,0,0,0,Baris Dummy Nol Sistem
2026-01-03,T1,LAUT,73,Kalabahi,Nusa Tenggara Timur,-8.21966553,124.5162354,,1,0,1,89,89,2,Baris Riil Transaksi Aktif
2026-03-28,T1,LAUT,859,Karangantu,Banten,-6.0308838,106.1644287,,0,0,0,0,0,0,Baris Dummy Nol Sistem
2026-03-28,T1,LAUT,859,Karangantu,Banten,-6.0308838,106.1644287,,1,0,1,4,4,2,Baris Riil Transaksi Aktif
2026-03-13,T1,LAUT,881,Kendawangan,Kalimantan Barat,-2.530699567,110.2163461,,0,0,0,0,0,0,Baris Dummy Nol Sistem
2026-03-13,T1,LAUT,881,Kendawangan,Kalimantan Barat,-2.530699567,110.2163461,,1,2,0,0,2,1,Baris Riil Transaksi Aktif
2026-03-24,T1,LAUT,881,Kendawangan,Kalimantan Barat,-2.530699567,110.2163461,,0,0,0,0,0,0,Baris Dummy Nol Sistem
2026-03-24,T1,LAUT,881,Kendawangan,Kalimantan Barat,-2.530699567,110.2163461,,1,0,1,2,2,2,Baris Riil Transaksi Aktif
2026-01-01,T1,LAUT,882,Kepulauan Seribu,DKI Jakarta,-5.839403558,106.5690079,,3,91,3,117,208,6,Baris Riil Transaksi Aktif
2026-01-01,T1,LAUT,882,Kepulauan Seribu,DKI Jakarta,-5.839403558,106.5690079,,10,726,17,1291,2017,27,Baris Riil Transaksi Aktif
2026-01-02,T1,LAUT,882,Kepulauan Seribu,DKI Jakarta,-5.839403558,106.5690079,,3,211,3,210,421,6,Baris Riil Transaksi Aktif
2026-01-02,T1,LAUT,882,Kepulauan Seribu,DKI Jakarta,-5.839403558,106.5690079,,15,739,15,632,1371,30,Baris Riil Transaksi Aktif
2026-03-14,T1,LAUT,882,Kepulauan Seribu,DKI Jakarta,-5.839403558,106.5690079,,2,114,0,0,114,2,Baris Riil Transaksi Aktif
2026-03-14,T1,LAUT,882,Kepulauan Seribu,DKI Jakarta,-5.839403558,106.5690079,,22,655,17,498,1153,39,Baris Riil Transaksi Aktif
2026-03-15,T1,LAUT,882,Kepulauan Seribu,DKI Jakarta,-5.839403558,106.5690079,,5,83,3,126,209,8,Baris Riil Transaksi Aktif
2026-03-15,T1,LAUT,882,Kepulauan Seribu,DKI Jakarta,-5.839403558,106.5690079,,13,469,15,676,1145,28,Baris Riil Transaksi Aktif
2026-03-16,T1,LAUT,882,Kepulauan Seribu,DKI Jakarta,-5.839403558,106.5690079,,4,104,3,111,215,7,Baris Riil Transaksi Aktif
2026-03-16,T1,LAUT,882,Kepulauan Seribu,DKI Jakarta,-5.839403558,106.5690079,,14,560,11,284,844,25,Baris Riil Transaksi Aktif
2026-03-18,T1,LAUT,882,Kepulauan Seribu,DKI Jakarta,-5.839403558,106.5690079,,8,480,8,0,480,16,Baris Riil Transaksi Aktif
2026-03-18,T1,LAUT,882,Kepulauan Seribu,DKI Jakarta,-5.839403558,106.5690079,,22,1296,24,609,1905,46,Baris Riil Transaksi Aktif
2026-03-09,T1,LAUT,891,Kintap,Kalimantan Selatan,-3.902442379,115.258705,,0,0,0,0,0,0,Baris Dummy Nol Sistem
2026-03-09,T1,LAUT,891,Kintap,Kalimantan Selatan,-3.902442379,115.258705,,2,37,1,0,37,3,Baris Riil Transaksi Aktif
2026-03-13,T1,LAUT,891,Kintap,Kalimantan Selatan,-3.902442379,115.258705,,2,0,1,132,132,3,Baris Riil Transaksi Aktif
2026-03-13,T1,LAUT,891,Kintap,Kalimantan Selatan,-3.902442379,115.258705,,1,0,1,155,155,2,Baris Riil Transaksi Aktif
2026-01-01,T1,LAUT,443,Kokas,Papua Barat,-2.6987915,132.4415894,,0,0,0,0,0,0,Baris Dummy Nol Sistem
2026-01-01,T1,LAUT,443,Kokas,Papua Barat,-2.6987915,132.4415894,,2,19,1,15,34,3,Baris Riil Transaksi Aktif
2026-01-02,T1,LAUT,443,Kokas,Papua Barat,-2.6987915,132.4415894,,0,0,0,0,0,0,Baris Dummy Nol Sistem
2026-01-02,T1,LAUT,443,Kokas,Papua Barat,-2.6987915,132.4415894,,1,8,0,0,8,1,Baris Riil Transaksi Aktif
2026-01-03,T1,LAUT,443,Kokas,Papua Barat,-2.6987915,132.4415894,,0,0,0,0,0,0,Baris Dummy Nol Sistem
2026-01-03,T1,LAUT,443,Kokas,Papua Barat,-2.6987915,132.4415894,,5,35,3,26,61,8,Baris Riil Transaksi Aktif
2026-01-04,T1,LAUT,443,Kokas,Papua Barat,-2.6987915,132.4415894,,0,0,0,0,0,0,Baris Dummy Nol Sistem
2026-01-04,T1,LAUT,443,Kokas,Papua Barat,-2.6987915,132.4415894,,2,19,1,13,32,3,Baris Riil Transaksi Aktif
2026-01-05,T1,LAUT,443,Kokas,Papua Barat,-2.6987915,132.4415894,,0,0,0,0,0,0,Baris Dummy Nol Sistem
2026-01-05,T1,LAUT,443,Kokas,Papua Barat,-2.6987915,132.4415894,,3,23,2,17,40,5,Baris Riil Transaksi Aktif
2026-03-15,T1,LAUT,443,Kokas,Papua Barat,-2.6987915,132.4415894,,1,0,0,0,0,1,Baris Riil Transaksi Aktif
2026-03-15,T1,LAUT,443,Kokas,Papua Barat,-2.6987915,132.4415894,,0,0,0,0,0,0,Baris Dummy Nol Sistem
2026-03-16,T1,LAUT,443,Kokas,Papua Barat,-2.6987915,132.4415894,,1,0,0,0,0,1,Baris Riil Transaksi Aktif
2026-03-16,T1,LAUT,443,Kokas,Papua Barat,-2.6987915,132.4415894,,4,27,4,26,53,8,Baris Riil Transaksi Aktif
2026-03-17,T1,LAUT,443,Kokas,Papua Barat,-2.6987915,132.4415894,,0,0,0,0,0,0,Baris Dummy Nol Sistem
2026-03-17,T1,LAUT,443,Kokas,Papua Barat,-2.6987915,132.4415894,,3,0,1,0,0,4,Baris Riil Transaksi Aktif
2026-03-18,T1,LAUT,443,Kokas,Papua Barat,-2.6987915,132.4415894,,1,41,0,0,41,1,Baris Riil Transaksi Aktif
2026-03-18,T1,LAUT,443,Kokas,Papua Barat,-2.6987915,132.4415894,,4,41,3,7,48,7,Baris Riil Transaksi Aktif
2026-03-19,T1,LAUT,443,Kokas,Papua Barat,-2.6987915,132.4415894,,1,121,0,0,121,1,Baris Riil Transaksi Aktif
2026-03-19,T1,LAUT,443,Kokas,Papua Barat,-2.6987915,132.4415894,,4,157,5,21,178,9,Baris Riil Transaksi Aktif
2026-03-20,T1,LAUT,443,Kokas,Papua Barat,-2.6987915,132.4415894,,0,0,0,0,0,0,Baris Dummy Nol Sistem
2026-03-20,T1,LAUT,443,Kokas,Papua Barat,-2.6987915,132.4415894,,4,17,2,11,28,6,Baris Riil Transaksi Aktif
2026-03-22,T1,LAUT,443,Kokas,Papua Barat,-2.6987915,132.4415894,,0,0,0,0,0,0,Baris Dummy Nol Sistem
2026-03-22,T1,LAUT,443,Kokas,Papua Barat,-2.6987915,132.4415894,,2,0,2,2,2,4,Baris Riil Transaksi Aktif
2026-03-23,T1,LAUT,443,Kokas,Papua Barat,-2.6987915,132.4415894,,1,0,0,0,0,1,Baris Riil Transaksi Aktif
2026-03-23,T1,LAUT,443,Kokas,Papua Barat,-2.6987915,132.4415894,,4,12,3,92,104,7,Baris Riil Transaksi Aktif
2026-03-24,T1,LAUT,443,Kokas,Papua Barat,-2.6987915,132.4415894,,0,0,0,0,0,0,Baris Dummy Nol Sistem
2026-03-24,T1,LAUT,443,Kokas,Papua Barat,-2.6987915,132.4415894,,3,2,2,1,3,5,Baris Riil Transaksi Aktif
2026-03-25,T1,LAUT,443,Kokas,Papua Barat,-2.6987915,132.4415894,,0,0,0,0,0,0,Baris Dummy Nol Sistem
2026-03-25,T1,LAUT,443,Kokas,Papua Barat,-2.6987915,132.4415894,,4,1,4,2,3,8,Baris Riil Transaksi Aktif
2026-03-26,T1,LAUT,443,Kokas,Papua Barat,-2.6987915,132.4415894,,0,0,0,0,0,0,Baris Dummy Nol Sistem
2026-03-26,T1,LAUT,443,Kokas,Papua Barat,-2.6987915,132.4415894,,4,19,2,31,50,6,Baris Riil Transaksi Aktif
2026-03-27,T1,LAUT,443,Kokas,Papua Barat,-2.6987915,132.4415894,,0,0,0,0,0,0,Baris Dummy Nol Sistem
2026-03-27,T1,LAUT,443,Kokas,Papua Barat,-2.6987915,132.4415894,,4,17,4,44,61,8,Baris Riil Transaksi Aktif
2026-03-28,T1,LAUT,443,Kokas,Papua Barat,-2.6987915,132.4415894,,0,0,0,0,0,0,Baris Dummy Nol Sistem
2026-03-28,T1,LAUT,443,Kokas,Papua Barat,-2.6987915,132.4415894,,5,15,4,43,58,9,Baris Riil Transaksi Aktif
2026-03-29,T1,LAUT,443,Kokas,Papua Barat,-2.6987915,132.4415894,,1,6,0,0,6,1,Baris Riil Transaksi Aktif
2026-03-29,T1,LAUT,443,Kokas,Papua Barat,-2.6987915,132.4415894,,6,43,5,51,94,11,Baris Riil Transaksi Aktif
2026-01-01,T1,LAUT,390,Kotabaru Batulicin,Kalimantan Selatan,-3.23699951,116.2255859,,0,0,0,0,0,0,Baris Dummy Nol Sistem
2026-01-01,T1,LAUT,390,Kotabaru Batulicin,Kalimantan Selatan,-3.23699951,116.2255859,,2,82,1,151,233,3,Baris Riil Transaksi Aktif
2026-01-04,T1,LAUT,390,Kotabaru Batulicin,Kalimantan Selatan,-3.23699951,116.2255859,,0,0,0,0,0,0,Baris Dummy Nol Sistem
2026-01-04,T1,LAUT,390,Kotabaru Batulicin,Kalimantan Selatan,-3.23699951,116.2255859,,2,366,1,281,647,3,Baris Riil Transaksi Aktif
2026-01-05,T1,LAUT,390,Kotabaru Batulicin,Kalimantan Selatan,-3.23699951,116.2255859,,0,0,0,0,0,0,Baris Dummy Nol Sistem
2026-01-05,T1,LAUT,390,Kotabaru Batulicin,Kalimantan Selatan,-3.23699951,116.2255859,,2,233,2,518,751,4,Baris Riil Transaksi Aktif
2026-03-13,T1,LAUT,390,Kotabaru Batulicin,Kalimantan Selatan,-3.23699951,116.2255859,,0,0,0,0,0,0,Baris Dummy Nol Sistem
2026-03-13,T1,LAUT,390,Kotabaru Batulicin,Kalimantan Selatan,-3.23699951,116.2255859,,2,222,0,0,222,2,Baris Riil Transaksi Aktif
2026-03-14,T1,LAUT,390,Kotabaru Batulicin,Kalimantan Selatan,-3.23699951,116.2255859,,0,0,0,0,0,0,Baris Dummy Nol Sistem
2026-03-14,T1,LAUT,390,Kotabaru Batulicin,Kalimantan Selatan,-3.23699951,116.2255859,,2,72,1,432,504,3,Baris Riil Transaksi Aktif
2026-03-15,T1,LAUT,390,Kotabaru Batulicin,Kalimantan Selatan,-3.23699951,116.2255859,,0,0,0,0,0,0,Baris Dummy Nol Sistem
2026-03-15,T1,LAUT,390,Kotabaru Batulicin,Kalimantan Selatan,-3.23699951,116.2255859,,1,61,0,0,61,1,Baris Riil Transaksi Aktif
2026-03-17,T1,LAUT,390,Kotabaru Batulicin,Kalimantan Selatan,-3.23699951,116.2255859,,0,0,0,0,0,0,Baris Dummy Nol Sistem
2026-03-17,T1,LAUT,390,Kotabaru Batulicin,Kalimantan Selatan,-3.23699951,116.2255859,,1,0,2,470,470,3,Baris Riil Transaksi Aktif
2026-03-20,T1,LAUT,390,Kotabaru Batulicin,Kalimantan Selatan,-3.23699951,116.2255859,,0,0,0,0,0,0,Baris Dummy Nol Sistem
2026-03-20,T1,LAUT,390,Kotabaru Batulicin,Kalimantan Selatan,-3.23699951,116.2255859,,1,125,0,0,125,1,Baris Riil Transaksi Aktif
2026-03-23,T1,LAUT,390,Kotabaru Batulicin,Kalimantan Selatan,-3.23699951,116.2255859,,0,0,0,0,0,0,Baris Dummy Nol Sistem
2026-03-23,T1,LAUT,390,Kotabaru Batulicin,Kalimantan Selatan,-3.23699951,116.2255859,,2,234,1,41,275,3,Baris Riil Transaksi Aktif
2026-03-26,T1,LAUT,390,Kotabaru Batulicin,Kalimantan Selatan,-3.23699951,116.2255859,,0,0,0,0,0,0,Baris Dummy Nol Sistem
2026-03-26,T1,LAUT,390,Kotabaru Batulicin,Kalimantan Selatan,-3.23699951,116.2255859,,3,467,2,584,1051,5,Baris Riil Transaksi Aktif
2026-01-03,T1,LAUT,912,Kuala Gaung,Riau,-0.165870282,103.4573189,,1,36,0,0,36,1,Baris Riil Transaksi Aktif
2026-01-03,T1,LAUT,912,Kuala Gaung,Riau,-0.165870282,103.4573189,,2,72,0,0,72,2,Baris Riil Transaksi Aktif
2026-01-06,T1,LAUT,912,Kuala Gaung,Riau,-0.165870282,103.4573189,,1,0,1,0,0,2,Baris Riil Transaksi Aktif
2026-01-06,T1,LAUT,912,Kuala Gaung,Riau,-0.165870282,103.4573189,,0,0,0,0,0,0,Baris Dummy Nol Sistem
2026-03-14,T1,LAUT,912,Kuala Gaung,Riau,-0.165870282,103.4573189,,2,36,0,0,36,2,Baris Riil Transaksi Aktif
2026-03-14,T1,LAUT,912,Kuala Gaung,Riau,-0.165870282,103.4573189,,1,36,0,0,36,1,Baris Riil Transaksi Aktif
2026-03-15,T1,LAUT,912,Kuala Gaung,Riau,-0.165870282,103.4573189,,1,0,1,0,0,2,Baris Riil Transaksi Aktif
2026-03-15,T1,LAUT,912,Kuala Gaung,Riau,-0.165870282,103.4573189,,1,92,0,0,92,1,Baris Riil Transaksi Aktif
2026-03-16,T1,LAUT,912,Kuala Gaung,Riau,-0.165870282,103.4573189,,2,42,1,0,42,3,Baris Riil Transaksi Aktif
2026-03-16,T1,LAUT,912,Kuala Gaung,Riau,-0.165870282,103.4573189,,3,136,0,0,136,3,Baris Riil Transaksi Aktif
2026-03-17,T1,LAUT,912,Kuala Gaung,Riau,-0.165870282,103.4573189,,2,42,1,0,42,3,Baris Riil Transaksi Aktif
2026-03-17,T1,LAUT,912,Kuala Gaung,Riau,-0.165870282,103.4573189,,2,81,0,0,81,2,Baris Riil Transaksi Aktif
2026-03-18,T1,LAUT,912,Kuala Gaung,Riau,-0.165870282,103.4573189,,2,42,1,0,42,3,Baris Riil Transaksi Aktif
2026-03-18,T1,LAUT,912,Kuala Gaung,Riau,-0.165870282,103.4573189,,3,109,0,0,109,3,Baris Riil Transaksi Aktif
2026-03-19,T1,LAUT,912,Kuala Gaung,Riau,-0.165870282,103.4573189,,2,43,1,0,43,3,Baris Riil Transaksi Aktif
2026-03-19,T1,LAUT,912,Kuala Gaung,Riau,-0.165870282,103.4573189,,2,120,0,0,120,2,Baris Riil Transaksi Aktif
2026-03-20,T1,LAUT,912,Kuala Gaung,Riau,-0.165870282,103.4573189,,1,36,0,0,36,1,Baris Riil Transaksi Aktif
2026-03-20,T1,LAUT,912,Kuala Gaung,Riau,-0.165870282,103.4573189,,2,110,0,0,110,2,Baris Riil Transaksi Aktif
2026-03-23,T1,LAUT,912,Kuala Gaung,Riau,-0.165870282,103.4573189,,2,18,1,0,18,3,Baris Riil Transaksi Aktif
2026-03-23,T1,LAUT,912,Kuala Gaung,Riau,-0.165870282,103.4573189,,1,45,0,0,45,1,Baris Riil Transaksi Aktif
2026-03-24,T1,LAUT,912,Kuala Gaung,Riau,-0.165870282,103.4573189,,2,0,1,34,34,3,Baris Riil Transaksi Aktif
2026-03-24,T1,LAUT,912,Kuala Gaung,Riau,-0.165870282,103.4573189,,2,68,0,0,68,2,Baris Riil Transaksi Aktif
2026-03-25,T1,LAUT,912,Kuala Gaung,Riau,-0.165870282,103.4573189,,2,0,1,31,31,3,Baris Riil Transaksi Aktif
2026-03-25,T1,LAUT,912,Kuala Gaung,Riau,-0.165870282,103.4573189,,1,11,0,0,11,1,Baris Riil Transaksi Aktif
2026-03-26,T1,LAUT,912,Kuala Gaung,Riau,-0.165870282,103.4573189,,2,0,1,16,16,3,Baris Riil Transaksi Aktif
2026-03-26,T1,LAUT,912,Kuala Gaung,Riau,-0.165870282,103.4573189,,2,48,0,0,48,2,Baris Riil Transaksi Aktif
2026-03-27,T1,LAUT,912,Kuala Gaung,Riau,-0.165870282,103.4573189,,2,0,1,34,34,3,Baris Riil Transaksi Aktif
2026-03-27,T1,LAUT,912,Kuala Gaung,Riau,-0.165870282,103.4573189,,1,7,0,0,7,1,Baris Riil Transaksi Aktif
2026-03-29,T1,LAUT,912,Kuala Gaung,Riau,-0.165870282,103.4573189,,0,0,0,0,0,0,Baris Dummy Nol Sistem
2026-03-29,T1,LAUT,912,Kuala Gaung,Riau,-0.165870282,103.4573189,,1,0,1,19,19,2,Baris Riil Transaksi Aktif
2026-01-27,T1,LAUT,922,Kuala Samboja,Kalimantan Timur,-1.01610607,117.1152663,,2,0,0,0,0,2,Baris Riil Transaksi Aktif
2026-01-27,T1,LAUT,922,Kuala Samboja,Kalimantan Timur,-1.01610607,117.1152663,,0,0,0,0,0,0,Baris Dummy Nol Sistem
2026-03-12,T1,LAUT,922,Kuala Samboja,Kalimantan Timur,-1.01610607,117.1152663,,0,0,0,0,0,0,Baris Dummy Nol Sistem
2026-03-12,T1,LAUT,922,Kuala Samboja,Kalimantan Timur,-1.01610607,117.1152663,,1,0,1,0,0,2,Baris Riil Transaksi Aktif
2026-01-01,T1,LAUT,14,Kuala Tungkal,Jambi,-0.813333,103.459444,,3,58,1,14,72,4,Baris Riil Transaksi Aktif
2026-01-01,T1,LAUT,14,Kuala Tungkal,Jambi,-0.813333,103.459444,,1,258,2,248,506,3,Baris Riil Transaksi Aktif
2026-01-03,T1,LAUT,14,Kuala Tungkal,Jambi,-0.813333,103.459444,,1,0,2,15,15,3,Baris Riil Transaksi Aktif
2026-01-03,T1,LAUT,14,Kuala Tungkal,Jambi,-0.813333,103.459444,,1,256,1,179,435,2,Baris Riil Transaksi Aktif
2026-01-04,T1,LAUT,14,Kuala Tungkal,Jambi,-0.813333,103.459444,,1,39,0,0,39,1,Baris Riil Transaksi Aktif
2026-01-04,T1,LAUT,14,Kuala Tungkal,Jambi,-0.813333,103.459444,,1,219,1,108,327,2,Baris Riil Transaksi Aktif
2026-01-05,T1,LAUT,14,Kuala Tungkal,Jambi,-0.813333,103.459444,,1,0,2,47,47,3,Baris Riil Transaksi Aktif
2026-01-05,T1,LAUT,14,Kuala Tungkal,Jambi,-0.813333,103.459444,,1,241,1,140,381,2,Baris Riil Transaksi Aktif
2026-01-06,T1,LAUT,14,Kuala Tungkal,Jambi,-0.813333,103.459444,,2,49,0,0,49,2,Baris Riil Transaksi Aktif
2026-01-06,T1,LAUT,14,Kuala Tungkal,Jambi,-0.813333,103.459444,,1,227,0,0,227,1,Baris Riil Transaksi Aktif
2026-01-07,T1,LAUT,14,Kuala Tungkal,Jambi,-0.813333,103.459444,,1,0,2,34,34,3,Baris Riil Transaksi Aktif
2026-01-07,T1,LAUT,14,Kuala Tungkal,Jambi,-0.813333,103.459444,,1,287,1,105,392,2,Baris Riil Transaksi Aktif
2026-03-15,T1,LAUT,14,Kuala Tungkal,Jambi,-0.813333,103.459444,,1,326,1,179,505,2,Baris Riil Transaksi Aktif
2026-03-15,T1,LAUT,14,Kuala Tungkal,Jambi,-0.813333,103.459444,,4,374,2,22,396,6,Baris Riil Transaksi Aktif
2026-03-16,T1,LAUT,14,Kuala Tungkal,Jambi,-0.813333,103.459444,,3,287,3,70,357,6,Baris Riil Transaksi Aktif
2026-03-16,T1,LAUT,14,Kuala Tungkal,Jambi,-0.813333,103.459444,,1,293,1,193,486,2,Baris Riil Transaksi Aktif
2026-03-17,T1,LAUT,14,Kuala Tungkal,Jambi,-0.813333,103.459444,,1,240,1,179,419,2,Baris Riil Transaksi Aktif
2026-03-17,T1,LAUT,14,Kuala Tungkal,Jambi,-0.813333,103.459444,,4,303,2,32,335,6,Baris Riil Transaksi Aktif
2026-03-18,T1,LAUT,14,Kuala Tungkal,Jambi,-0.813333,103.459444,,3,297,3,107,404,6,Baris Riil Transaksi Aktif
2026-03-18,T1,LAUT,14,Kuala Tungkal,Jambi,-0.813333,103.459444,,1,316,1,73,389,2,Baris Riil Transaksi Aktif
2026-03-19,T1,LAUT,14,Kuala Tungkal,Jambi,-0.813333,103.459444,,4,298,1,0,298,5,Baris Riil Transaksi Aktif
2026-03-19,T1,LAUT,14,Kuala Tungkal,Jambi,-0.813333,103.459444,,2,629,2,49,678,4,Baris Riil Transaksi Aktif
2026-03-21,T1,LAUT,14,Kuala Tungkal,Jambi,-0.813333,103.459444,,1,0,1,20,20,2,Baris Riil Transaksi Aktif
2026-03-21,T1,LAUT,14,Kuala Tungkal,Jambi,-0.813333,103.459444,,1,258,1,37,295,2,Baris Riil Transaksi Aktif
2026-03-23,T1,LAUT,14,Kuala Tungkal,Jambi,-0.813333,103.459444,,2,46,2,87,133,4,Baris Riil Transaksi Aktif
2026-03-23,T1,LAUT,14,Kuala Tungkal,Jambi,-0.813333,103.459444,,2,352,2,291,643,4,Baris Riil Transaksi Aktif
2026-03-30,T1,LAUT,14,Kuala Tungkal,Jambi,-0.813333,103.459444,,2,41,2,97,138,4,Baris Riil Transaksi Aktif
2026-03-30,T1,LAUT,14,Kuala Tungkal,Jambi,-0.813333,103.459444,,1,315,1,167,482,2,Baris Riil Transaksi Aktif
2026-01-01,T1,LAUT,27,Kumai,Kalimantan Tengah,-2.74,111.727778,,0,0,0,0,0,0,Baris Dummy Nol Sistem
2026-01-01,T1,LAUT,27,Kumai,Kalimantan Tengah,-2.74,111.727778,,2,354,1,99,453,3,Baris Riil Transaksi Aktif
2026-03-16,T1,LAUT,27,Kumai,Kalimantan Tengah,-2.74,111.727778,,0,0,0,0,0,0,Baris Dummy Nol Sistem
2026-03-16,T1,LAUT,27,Kumai,Kalimantan Tengah,-2.74,111.727778,,2,168,2,1408,1576,4,Baris Riil Transaksi Aktif
2026-03-17,T1,LAUT,27,Kumai,Kalimantan Tengah,-2.74,111.727778,,0,0,0,0,0,0,Baris Dummy Nol Sistem
2026-03-17,T1,LAUT,27,Kumai,Kalimantan Tengah,-2.74,111.727778,,1,134,0,0,134,1,Baris Riil Transaksi Aktif
2026-03-16,T1,LAUT,935,Kwandang,Gorontalo,0.8511963,122.9025879,,0,0,0,0,0,0,Baris Dummy Nol Sistem
2026-03-16,T1,LAUT,935,Kwandang,Gorontalo,0.8511963,122.9025879,,1,28,0,0,28,1,Baris Riil Transaksi Aktif
2026-03-17,T1,LAUT,948,Labuhan Maringgai,Lampung,-5.358010089,105.8198286,,0,0,0,0,0,0,Baris Dummy Nol Sistem
2026-03-17,T1,LAUT,948,Labuhan Maringgai,Lampung,-5.358010089,105.8198286,,1,0,1,5,5,2,Baris Riil Transaksi Aktif
2026-01-01,T1,LAUT,979,Lhokseumawe,D.I Aceh,5.219030159,97.1145506,,2,0,1,0,0,3,Baris Riil Transaksi Aktif
2026-01-01,T1,LAUT,979,Lhokseumawe,D.I Aceh,5.219030159,97.1145506,,0,0,0,0,0,0,Baris Dummy Nol Sistem
2026-01-06,T1,LAUT,979,Lhokseumawe,D.I Aceh,5.219030159,97.1145506,,1,0,1,0,0,2,Baris Riil Transaksi Aktif
2026-01-06,T1,LAUT,979,Lhokseumawe,D.I Aceh,5.219030159,97.1145506,,0,0,0,0,0,0,Baris Dummy Nol Sistem
2026-01-08,T1,LAUT,979,Lhokseumawe,D.I Aceh,5.219030159,97.1145506,,1,0,0,0,0,1,Baris Riil Transaksi Aktif
2026-01-08,T1,LAUT,979,Lhokseumawe,D.I Aceh,5.219030159,97.1145506,,0,0,0,0,0,0,Baris Dummy Nol Sistem
2026-01-11,T1,LAUT,979,Lhokseumawe,D.I Aceh,5.219030159,97.1145506,,0,0,0,0,0,0,Baris Dummy Nol Sistem
2026-01-11,T1,LAUT,979,Lhokseumawe,D.I Aceh,5.219030159,97.1145506,,1,0,1,10,10,2,Baris Riil Transaksi Aktif
2026-01-13,T1,LAUT,979,Lhokseumawe,D.I Aceh,5.219030159,97.1145506,,2,0,1,0,0,3,Baris Riil Transaksi Aktif
2026-01-13,T1,LAUT,979,Lhokseumawe,D.I Aceh,5.219030159,97.1145506,,0,0,0,0,0,0,Baris Dummy Nol Sistem
2026-01-17,T1,LAUT,979,Lhokseumawe,D.I Aceh,5.219030159,97.1145506,,1,0,1,0,0,2,Baris Riil Transaksi Aktif
2026-01-17,T1,LAUT,979,Lhokseumawe,D.I Aceh,5.219030159,97.1145506,,0,0,0,0,0,0,Baris Dummy Nol Sistem
2026-01-19,T1,LAUT,979,Lhokseumawe,D.I Aceh,5.219030159,97.1145506,,1,0,0,0,0,1,Baris Riil Transaksi Aktif
2026-01-19,T1,LAUT,979,Lhokseumawe,D.I Aceh,5.219030159,97.1145506,,0,0,0,0,0,0,Baris Dummy Nol Sistem
2026-01-21,T1,LAUT,979,Lhokseumawe,D.I Aceh,5.219030159,97.1145506,,1,0,1,0,0,2,Baris Riil Transaksi Aktif
2026-01-21,T1,LAUT,979,Lhokseumawe,D.I Aceh,5.219030159,97.1145506,,0,0,0,0,0,0,Baris Dummy Nol Sistem
2026-01-22,T1,LAUT,979,Lhokseumawe,D.I Aceh,5.219030159,97.1145506,,1,0,0,0,0,1,Baris Riil Transaksi Aktif
2026-01-22,T1,LAUT,979,Lhokseumawe,D.I Aceh,5.219030159,97.1145506,,0,0,0,0,0,0,Baris Dummy Nol Sistem
2026-01-24,T1,LAUT,979,Lhokseumawe,D.I Aceh,5.219030159,97.1145506,,1,0,1,0,0,2,Baris Riil Transaksi Aktif
2026-01-24,T1,LAUT,979,Lhokseumawe,D.I Aceh,5.219030159,97.1145506,,0,0,0,0,0,0,Baris Dummy Nol Sistem
2026-01-25,T1,LAUT,979,Lhokseumawe,D.I Aceh,5.219030159,97.1145506,,1,0,0,0,0,1,Baris Riil Transaksi Aktif
2026-01-25,T1,LAUT,979,Lhokseumawe,D.I Aceh,5.219030159,97.1145506,,0,0,0,0,0,0,Baris Dummy Nol Sistem
2026-01-27,T1,LAUT,979,Lhokseumawe,D.I Aceh,5.219030159,97.1145506,,2,0,1,0,0,3,Baris Riil Transaksi Aktif
2026-01-27,T1,LAUT,979,Lhokseumawe,D.I Aceh,5.219030159,97.1145506,,0,0,0,0,0,0,Baris Dummy Nol Sistem
2026-02-02,T1,LAUT,979,Lhokseumawe,D.I Aceh,5.219030159,97.1145506,,1,0,1,0,0,2,Baris Riil Transaksi Aktif
2026-02-02,T1,LAUT,979,Lhokseumawe,D.I Aceh,5.219030159,97.1145506,,0,0,0,0,0,0,Baris Dummy Nol Sistem
2026-02-04,T1,LAUT,979,Lhokseumawe,D.I Aceh,5.219030159,97.1145506,,1,0,0,0,0,1,Baris Riil Transaksi Aktif
2026-02-04,T1,LAUT,979,Lhokseumawe,D.I Aceh,5.219030159,97.1145506,,0,0,0,0,0,0,Baris Dummy Nol Sistem
2026-02-10,T1,LAUT,979,Lhokseumawe,D.I Aceh,5.219030159,97.1145506,,2,0,1,0,0,3,Baris Riil Transaksi Aktif
2026-02-10,T1,LAUT,979,Lhokseumawe,D.I Aceh,5.219030159,97.1145506,,0,0,0,0,0,0,Baris Dummy Nol Sistem
2026-02-24,T1,LAUT,979,Lhokseumawe,D.I Aceh,5.219030159,97.1145506,,2,0,1,0,0,3,Baris Riil Transaksi Aktif
2026-02-24,T1,LAUT,979,Lhokseumawe,D.I Aceh,5.219030159,97.1145506,,0,0,0,0,0,0,Baris Dummy Nol Sistem
2026-03-02,T1,LAUT,979,Lhokseumawe,D.I Aceh,5.219030159,97.1145506,,0,0,0,0,0,0,Baris Dummy Nol Sistem
2026-03-02,T1,LAUT,979,Lhokseumawe,D.I Aceh,5.219030159,97.1145506,,1,0,1,0,0,2,Baris Riil Transaksi Aktif
2026-03-10,T1,LAUT,979,Lhokseumawe,D.I Aceh,5.219030159,97.1145506,,0,0,0,0,0,0,Baris Dummy Nol Sistem
2026-03-10,T1,LAUT,979,Lhokseumawe,D.I Aceh,5.219030159,97.1145506,,2,0,1,0,0,3,Baris Riil Transaksi Aktif
2026-03-30,T1,LAUT,979,Lhokseumawe,D.I Aceh,5.219030159,97.1145506,,1,0,1,0,0,2,Baris Riil Transaksi Aktif
2026-03-30,T1,LAUT,979,Lhokseumawe,D.I Aceh,5.219030159,97.1145506,,0,0,0,0,0,0,Baris Dummy Nol Sistem
2026-04-01,T1,LAUT,979,Lhokseumawe,D.I Aceh,5.219030159,97.1145506,,1,0,0,0,0,1,Baris Riil Transaksi Aktif
2026-04-01,T1,LAUT,979,Lhokseumawe,D.I Aceh,5.219030159,97.1145506,,0,0,0,0,0,0,Baris Dummy Nol Sistem
2026-04-07,T1,LAUT,979,Lhokseumawe,D.I Aceh,5.219030159,97.1145506,,0,0,0,0,0,0,Baris Dummy Nol Sistem
2026-04-07,T1,LAUT,979,Lhokseumawe,D.I Aceh,5.219030159,97.1145506,,1,0,1,0,0,2,Baris Riil Transaksi Aktif
2026-04-27,T1,LAUT,979,Lhokseumawe,D.I Aceh,5.219030159,97.1145506,,1,0,1,0,0,2,Baris Riil Transaksi Aktif
2026-04-27,T1,LAUT,979,Lhokseumawe,D.I Aceh,5.219030159,97.1145506,,0,0,0,0,0,0,Baris Dummy Nol Sistem
2026-04-29,T1,LAUT,979,Lhokseumawe,D.I Aceh,5.219030159,97.1145506,,1,0,0,0,0,1,Baris Riil Transaksi Aktif
2026-04-29,T1,LAUT,979,Lhokseumawe,D.I Aceh,5.219030159,97.1145506,,0,0,0,0,0,0,Baris Dummy Nol Sistem
2026-05-05,T2,LAUT,979,Lhokseumawe,D.I Aceh,5.219030159,97.1145506,,2,0,1,0,0,3,Baris Riil Transaksi Aktif
2026-05-05,T2,LAUT,979,Lhokseumawe,D.I Aceh,5.219030159,97.1145506,,0,0,0,0,0,0,Baris Dummy Nol Sistem
2026-05-19,T2,LAUT,979,Lhokseumawe,D.I Aceh,5.219030159,97.1145506,,2,0,1,0,0,3,Baris Riil Transaksi Aktif
2026-05-19,T2,LAUT,979,Lhokseumawe,D.I Aceh,5.219030159,97.1145506,,0,0,0,0,0,0,Baris Dummy Nol Sistem
2026-05-24,T2,LAUT,979,Lhokseumawe,D.I Aceh,5.219030159,97.1145506,,1,0,1,0,0,2,Baris Riil Transaksi Aktif
2026-05-24,T2,LAUT,979,Lhokseumawe,D.I Aceh,5.219030159,97.1145506,,0,0,0,0,0,0,Baris Dummy Nol Sistem
2026-05-27,T2,LAUT,979,Lhokseumawe,D.I Aceh,5.219030159,97.1145506,,1,0,0,0,0,1,Baris Riil Transaksi Aktif
2026-05-27,T2,LAUT,979,Lhokseumawe,D.I Aceh,5.219030159,97.1145506,,0,0,0,0,0,0,Baris Dummy Nol Sistem
2026-06-02,T2,LAUT,979,Lhokseumawe,D.I Aceh,5.219030159,97.1145506,,2,0,1,0,0,3,Baris Riil Transaksi Aktif
2026-06-02,T2,LAUT,979,Lhokseumawe,D.I Aceh,5.219030159,97.1145506,,0,0,0,0,0,0,Baris Dummy Nol Sistem
2026-06-10,T2,LAUT,979,Lhokseumawe,D.I Aceh,5.219030159,97.1145506,,2,0,1,0,0,3,Baris Riil Transaksi Aktif
2026-06-10,T2,LAUT,979,Lhokseumawe,D.I Aceh,5.219030159,97.1145506,,0,0,0,0,0,0,Baris Dummy Nol Sistem
2026-06-11,T2,LAUT,979,Lhokseumawe,D.I Aceh,5.219030159,97.1145506,,1,0,1,0,0,2,Baris Riil Transaksi Aktif
2026-06-11,T2,LAUT,979,Lhokseumawe,D.I Aceh,5.219030159,97.1145506,,0,0,0,0,0,0,Baris Dummy Nol Sistem
2026-06-14,T2,LAUT,979,Lhokseumawe,D.I Aceh,5.219030159,97.1145506,,1,0,0,0,0,1,Baris Riil Transaksi Aktif
2026-06-14,T2,LAUT,979,Lhokseumawe,D.I Aceh,5.219030159,97.1145506,,0,0,0,0,0,0,Baris Dummy Nol Sistem
2026-06-16,T2,LAUT,979,Lhokseumawe,D.I Aceh,5.219030159,97.1145506,,2,0,1,0,0,3,Baris Riil Transaksi Aktif
2026-06-16,T2,LAUT,979,Lhokseumawe,D.I Aceh,5.219030159,97.1145506,,0,0,0,0,0,0,Baris Dummy Nol Sistem
2026-06-22,T2,LAUT,979,Lhokseumawe,D.I Aceh,5.219030159,97.1145506,,1,0,1,0,0,2,Baris Riil Transaksi Aktif
2026-06-22,T2,LAUT,979,Lhokseumawe,D.I Aceh,5.219030159,97.1145506,,0,0,0,0,0,0,Baris Dummy Nol Sistem
2026-06-24,T2,LAUT,979,Lhokseumawe,D.I Aceh,5.219030159,97.1145506,,1,0,0,0,0,1,Baris Riil Transaksi Aktif
2026-06-24,T2,LAUT,979,Lhokseumawe,D.I Aceh,5.219030159,97.1145506,,0,0,0,0,0,0,Baris Dummy Nol Sistem
2026-06-30,T2,LAUT,979,Lhokseumawe,D.I Aceh,5.219030159,97.1145506,,2,0,1,0,0,3,Baris Riil Transaksi Aktif
2026-06-30,T2,LAUT,979,Lhokseumawe,D.I Aceh,5.219030159,97.1145506,,0,0,0,0,0,0,Baris Dummy Nol Sistem
2026-07-14,T2,LAUT,979,Lhokseumawe,D.I Aceh,5.219030159,97.1145506,,2,0,1,0,0,3,Baris Riil Transaksi Aktif
2026-07-14,T2,LAUT,979,Lhokseumawe,D.I Aceh,5.219030159,97.1145506,,0,0,0,0,0,0,Baris Dummy Nol Sistem
2026-07-20,T2,LAUT,979,Lhokseumawe,D.I Aceh,5.219030159,97.1145506,,1,0,1,0,0,2,Baris Riil Transaksi Aktif
2026-07-20,T2,LAUT,979,Lhokseumawe,D.I Aceh,5.219030159,97.1145506,,0,0,0,0,0,0,Baris Dummy Nol Sistem
2026-07-22,T2,LAUT,979,Lhokseumawe,D.I Aceh,5.219030159,97.1145506,,0,0,0,0,0,0,Baris Dummy Nol Sistem
2026-07-22,T2,LAUT,979,Lhokseumawe,D.I Aceh,5.219030159,97.1145506,,1,0,0,0,0,1,Baris Riil Transaksi Aktif
2026-07-28,T2,LAUT,979,Lhokseumawe,D.I Aceh,5.219030159,97.1145506,,2,0,1,0,0,3,Baris Riil Transaksi Aktif
2026-07-28,T2,LAUT,979,Lhokseumawe,D.I Aceh,5.219030159,97.1145506,,0,0,0,0,0,0,Baris Dummy Nol Sistem
2026-08-11,T2,LAUT,979,Lhokseumawe,D.I Aceh,5.219030159,97.1145506,,2,0,1,0,0,3,Baris Riil Transaksi Aktif
2026-08-11,T2,LAUT,979,Lhokseumawe,D.I Aceh,5.219030159,97.1145506,,0,0,0,0,0,0,Baris Dummy Nol Sistem
2026-08-17,T2,LAUT,979,Lhokseumawe,D.I Aceh,5.219030159,97.1145506,,1,0,1,0,0,2,Baris Riil Transaksi Aktif
2026-08-17,T2,LAUT,979,Lhokseumawe,D.I Aceh,5.219030159,97.1145506,,0,0,0,0,0,0,Baris Dummy Nol Sistem
2026-08-19,T2,LAUT,979,Lhokseumawe,D.I Aceh,5.219030159,97.1145506,,1,0,0,0,0,1,Baris Riil Transaksi Aktif
2026-08-19,T2,LAUT,979,Lhokseumawe,D.I Aceh,5.219030159,97.1145506,,0,0,0,0,0,0,Baris Dummy Nol Sistem
2026-08-25,T2,LAUT,979,Lhokseumawe,D.I Aceh,5.219030159,97.1145506,,2,0,1,0,0,3,Baris Riil Transaksi Aktif
2026-08-25,T2,LAUT,979,Lhokseumawe,D.I Aceh,5.219030159,97.1145506,,0,0,0,0,0,0,Baris Dummy Nol Sistem
2026-01-08,T1,LAUT,1020,Manggar,Kepulauan Bangka Belitung,-2.859694013,108.2815926,,0,0,0,0,0,0,Baris Dummy Nol Sistem
2026-01-08,T1,LAUT,1020,Manggar,Kepulauan Bangka Belitung,-2.859694013,108.2815926,,1,3,0,0,3,1,Baris Riil Transaksi Aktif
2026-03-16,T1,LAUT,1020,Manggar,Kepulauan Bangka Belitung,-2.859694013,108.2815926,,0,0,0,0,0,0,Baris Dummy Nol Sistem
2026-03-16,T1,LAUT,1020,Manggar,Kepulauan Bangka Belitung,-2.859694013,108.2815926,,2,0,1,50,50,3,Baris Riil Transaksi Aktif
2026-03-26,T1,LAUT,1020,Manggar,Kepulauan Bangka Belitung,-2.859694013,108.2815926,,0,0,0,0,0,0,Baris Dummy Nol Sistem
2026-03-26,T1,LAUT,1020,Manggar,Kepulauan Bangka Belitung,-2.859694013,108.2815926,,2,46,1,0,46,3,Baris Riil Transaksi Aktif
2026-03-28,T1,LAUT,1020,Manggar,Kepulauan Bangka Belitung,-2.859694013,108.2815926,,0,0,0,0,0,0,Baris Dummy Nol Sistem
2026-03-28,T1,LAUT,1020,Manggar,Kepulauan Bangka Belitung,-2.859694013,108.2815926,,2,12,1,97,109,3,Baris Riil Transaksi Aktif
2026-04-07,T1,LAUT,1020,Manggar,Kepulauan Bangka Belitung,-2.859694013,108.2815926,,0,0,0,0,0,0,Baris Dummy Nol Sistem
2026-04-07,T1,LAUT,1020,Manggar,Kepulauan Bangka Belitung,-2.859694013,108.2815926,,2,37,1,0,37,3,Baris Riil Transaksi Aktif
2026-04-09,T1,LAUT,1020,Manggar,Kepulauan Bangka Belitung,-2.859694013,108.2815926,,1,0,0,0,0,1,Baris Riil Transaksi Aktif
2026-04-09,T1,LAUT,1020,Manggar,Kepulauan Bangka Belitung,-2.859694013,108.2815926,,0,0,0,0,0,0,Baris Dummy Nol Sistem
2026-04-10,T1,LAUT,1020,Manggar,Kepulauan Bangka Belitung,-2.859694013,108.2815926,,0,0,0,0,0,0,Baris Dummy Nol Sistem
2026-04-10,T1,LAUT,1020,Manggar,Kepulauan Bangka Belitung,-2.859694013,108.2815926,,1,0,1,28,28,2,Baris Riil Transaksi Aktif
2026-05-04,T2,LAUT,1020,Manggar,Kepulauan Bangka Belitung,-2.859694013,108.2815926,,0,0,0,0,0,0,Baris Dummy Nol Sistem
2026-05-04,T2,LAUT,1020,Manggar,Kepulauan Bangka Belitung,-2.859694013,108.2815926,,2,1,1,32,33,3,Baris Riil Transaksi Aktif
2026-06-09,T2,LAUT,1020,Manggar,Kepulauan Bangka Belitung,-2.859694013,108.2815926,,0,0,0,0,0,0,Baris Dummy Nol Sistem
2026-06-09,T2,LAUT,1020,Manggar,Kepulauan Bangka Belitung,-2.859694013,108.2815926,,2,14,1,0,14,3,Baris Riil Transaksi Aktif
2026-06-11,T2,LAUT,1020,Manggar,Kepulauan Bangka Belitung,-2.859694013,108.2815926,,0,0,0,0,0,0,Baris Dummy Nol Sistem
2026-06-11,T2,LAUT,1020,Manggar,Kepulauan Bangka Belitung,-2.859694013,108.2815926,,2,0,1,36,36,3,Baris Riil Transaksi Aktif
2026-06-23,T2,LAUT,1020,Manggar,Kepulauan Bangka Belitung,-2.859694013,108.2815926,,0,0,0,0,0,0,Baris Dummy Nol Sistem
2026-06-23,T2,LAUT,1020,Manggar,Kepulauan Bangka Belitung,-2.859694013,108.2815926,,2,0,1,37,37,3,Baris Riil Transaksi Aktif
2026-07-05,T2,LAUT,1020,Manggar,Kepulauan Bangka Belitung,-2.859694013,108.2815926,,0,0,0,0,0,0,Baris Dummy Nol Sistem
2026-07-05,T2,LAUT,1020,Manggar,Kepulauan Bangka Belitung,-2.859694013,108.2815926,,1,2,0,0,2,1,Baris Riil Transaksi Aktif
2026-08-03,T2,LAUT,1020,Manggar,Kepulauan Bangka Belitung,-2.859694013,108.2815926,,0,0,0,0,0,0,Baris Dummy Nol Sistem
2026-08-03,T2,LAUT,1020,Manggar,Kepulauan Bangka Belitung,-2.859694013,108.2815926,,2,14,1,0,14,3,Baris Riil Transaksi Aktif
2026-08-15,T2,LAUT,1020,Manggar,Kepulauan Bangka Belitung,-2.859694013,108.2815926,,0,0,0,0,0,0,Baris Dummy Nol Sistem
2026-08-15,T2,LAUT,1020,Manggar,Kepulauan Bangka Belitung,-2.859694013,108.2815926,,1,13,0,0,13,1,Baris Riil Transaksi Aktif
2026-08-16,T2,LAUT,1020,Manggar,Kepulauan Bangka Belitung,-2.859694013,108.2815926,,1,0,1,0,0,2,Baris Riil Transaksi Aktif
2026-08-16,T2,LAUT,1020,Manggar,Kepulauan Bangka Belitung,-2.859694013,108.2815926,,0,0,0,0,0,0,Baris Dummy Nol Sistem
2026-08-30,T2,LAUT,1020,Manggar,Kepulauan Bangka Belitung,-2.859694013,108.2815926,,0,0,0,0,0,0,Baris Dummy Nol Sistem
2026-08-30,T2,LAUT,1020,Manggar,Kepulauan Bangka Belitung,-2.859694013,108.2815926,,1,6,0,0,6,1,Baris Riil Transaksi Aktif
2026-03-15,T1,LAUT,85,Maumere,Nusa Tenggara Timur,-8.615727942,122.218616,,0,0,0,0,0,0,Baris Dummy Nol Sistem
2026-03-15,T1,LAUT,85,Maumere,Nusa Tenggara Timur,-8.615727942,122.218616,,2,60,2,212,272,4,Baris Riil Transaksi Aktif
2026-03-18,T1,LAUT,85,Maumere,Nusa Tenggara Timur,-8.615727942,122.218616,,0,0,0,0,0,0,Baris Dummy Nol Sistem
2026-03-18,T1,LAUT,85,Maumere,Nusa Tenggara Timur,-8.615727942,122.218616,,1,0,0,0,0,1,Baris Riil Transaksi Aktif
2026-03-29,T1,LAUT,85,Maumere,Nusa Tenggara Timur,-8.615727942,122.218616,,0,0,0,0,0,0,Baris Dummy Nol Sistem
2026-03-29,T1,LAUT,85,Maumere,Nusa Tenggara Timur,-8.615727942,122.218616,,1,14,0,0,14,1,Baris Riil Transaksi Aktif
2026-01-03,T1,LAUT,1070,Muara Angke,DKI Jakarta,-6.10449219,106.776001,,3,88,0,0,88,3,Baris Riil Transaksi Aktif
2026-01-03,T1,LAUT,1070,Muara Angke,DKI Jakarta,-6.10449219,106.776001,,5,371,10,0,371,15,Baris Riil Transaksi Aktif
2026-01-05,T1,LAUT,1070,Muara Angke,DKI Jakarta,-6.10449219,106.776001,,3,90,4,188,278,7,Baris Riil Transaksi Aktif
2026-01-05,T1,LAUT,1070,Muara Angke,DKI Jakarta,-6.10449219,106.776001,,5,191,6,332,523,11,Baris Riil Transaksi Aktif
2026-01-06,T1,LAUT,1070,Muara Angke,DKI Jakarta,-6.10449219,106.776001,,4,126,3,113,239,7,Baris Riil Transaksi Aktif
2026-01-06,T1,LAUT,1070,Muara Angke,DKI Jakarta,-6.10449219,106.776001,,4,132,3,0,132,7,Baris Riil Transaksi Aktif
2026-01-07,T1,LAUT,1070,Muara Angke,DKI Jakarta,-6.10449219,106.776001,,2,19,3,222,241,5,Baris Riil Transaksi Aktif
2026-01-07,T1,LAUT,1070,Muara Angke,DKI Jakarta,-6.10449219,106.776001,,3,116,4,162,278,7,Baris Riil Transaksi Aktif
2026-01-08,T1,LAUT,1070,Muara Angke,DKI Jakarta,-6.10449219,106.776001,,3,108,2,0,108,5,Baris Riil Transaksi Aktif
2026-01-08,T1,LAUT,1070,Muara Angke,DKI Jakarta,-6.10449219,106.776001,,4,150,3,95,245,7,Baris Riil Transaksi Aktif
2026-01-09,T1,LAUT,1070,Muara Angke,DKI Jakarta,-6.10449219,106.776001,,0,0,2,57,57,2,Baris Riil Transaksi Aktif
2026-01-09,T1,LAUT,1070,Muara Angke,DKI Jakarta,-6.10449219,106.776001,,5,99,4,153,252,9,Baris Riil Transaksi Aktif
2026-01-10,T1,LAUT,1070,Muara Angke,DKI Jakarta,-6.10449219,106.776001,,3,46,1,0,46,4,Baris Riil Transaksi Aktif
2026-01-10,T1,LAUT,1070,Muara Angke,DKI Jakarta,-6.10449219,106.776001,,3,97,0,0,97,3,Baris Riil Transaksi Aktif
2026-01-11,T1,LAUT,1070,Muara Angke,DKI Jakarta,-6.10449219,106.776001,,1,76,3,113,189,4,Baris Riil Transaksi Aktif
2026-01-11,T1,LAUT,1070,Muara Angke,DKI Jakarta,-6.10449219,106.776001,,8,915,5,75,990,13,Baris Riil Transaksi Aktif
2026-01-19,T1,LAUT,1070,Muara Angke,DKI Jakarta,-6.10449219,106.776001,,4,55,5,107,162,9,Baris Riil Transaksi Aktif
2026-01-19,T1,LAUT,1070,Muara Angke,DKI Jakarta,-6.10449219,106.776001,,3,70,0,0,70,3,Baris Riil Transaksi Aktif
2026-01-20,T1,LAUT,1070,Muara Angke,DKI Jakarta,-6.10449219,106.776001,,4,44,1,10,54,5,Baris Riil Transaksi Aktif
2026-01-20,T1,LAUT,1070,Muara Angke,DKI Jakarta,-6.10449219,106.776001,,4,76,6,73,149,10,Baris Riil Transaksi Aktif
2026-01-30,T1,LAUT,1070,Muara Angke,DKI Jakarta,-6.10449219,106.776001,,3,47,0,0,47,3,Baris Riil Transaksi Aktif
2026-01-30,T1,LAUT,1070,Muara Angke,DKI Jakarta,-6.10449219,106.776001,,9,80,1,99,179,10,Baris Riil Transaksi Aktif
2026-01-31,T1,LAUT,1070,Muara Angke,DKI Jakarta,-6.10449219,106.776001,,3,29,8,871,900,11,Baris Riil Transaksi Aktif
2026-01-31,T1,LAUT,1070,Muara Angke,DKI Jakarta,-6.10449219,106.776001,,4,68,5,116,184,9,Baris Riil Transaksi Aktif
2026-02-01,T1,LAUT,1070,Muara Angke,DKI Jakarta,-6.10449219,106.776001,,0,0,1,37,37,1,Baris Riil Transaksi Aktif
2026-02-01,T1,LAUT,1070,Muara Angke,DKI Jakarta,-6.10449219,106.776001,,10,769,5,121,890,15,Baris Riil Transaksi Aktif
2026-02-03,T1,LAUT,1070,Muara Angke,DKI Jakarta,-6.10449219,106.776001,,0,0,1,48,48,1,Baris Riil Transaksi Aktif
2026-02-03,T1,LAUT,1070,Muara Angke,DKI Jakarta,-6.10449219,106.776001,,4,46,3,168,214,7,Baris Riil Transaksi Aktif
2026-02-11,T1,LAUT,1070,Muara Angke,DKI Jakarta,-6.10449219,106.776001,,0,0,1,48,48,1,Baris Riil Transaksi Aktif
2026-02-11,T1,LAUT,1070,Muara Angke,DKI Jakarta,-6.10449219,106.776001,,5,140,3,119,259,8,Baris Riil Transaksi Aktif
2026-03-02,T1,LAUT,1070,Muara Angke,DKI Jakarta,-6.10449219,106.776001,,3,35,3,60,95,6,Baris Riil Transaksi Aktif
2026-03-02,T1,LAUT,1070,Muara Angke,DKI Jakarta,-6.10449219,106.776001,,2,47,1,69,116,3,Baris Riil Transaksi Aktif
2026-03-03,T1,LAUT,1070,Muara Angke,DKI Jakarta,-6.10449219,106.776001,,2,17,2,48,65,4,Baris Riil Transaksi Aktif
2026-03-03,T1,LAUT,1070,Muara Angke,DKI Jakarta,-6.10449219,106.776001,,1,33,2,35,68,3,Baris Riil Transaksi Aktif
2026-03-04,T1,LAUT,1070,Muara Angke,DKI Jakarta,-6.10449219,106.776001,,0,0,1,51,51,1,Baris Riil Transaksi Aktif
2026-03-04,T1,LAUT,1070,Muara Angke,DKI Jakarta,-6.10449219,106.776001,,3,33,1,35,68,4,Baris Riil Transaksi Aktif
2026-03-06,T1,LAUT,1070,Muara Angke,DKI Jakarta,-6.10449219,106.776001,,2,86,0,0,86,2,Baris Riil Transaksi Aktif
2026-03-06,T1,LAUT,1070,Muara Angke,DKI Jakarta,-6.10449219,106.776001,,5,145,2,199,344,7,Baris Riil Transaksi Aktif
2026-03-07,T1,LAUT,1070,Muara Angke,DKI Jakarta,-6.10449219,106.776001,,1,47,0,0,47,1,Baris Riil Transaksi Aktif
2026-03-07,T1,LAUT,1070,Muara Angke,DKI Jakarta,-6.10449219,106.776001,,4,216,3,202,418,7,Baris Riil Transaksi Aktif
2026-03-08,T1,LAUT,1070,Muara Angke,DKI Jakarta,-6.10449219,106.776001,,2,112,0,0,112,2,Baris Riil Transaksi Aktif
2026-03-08,T1,LAUT,1070,Muara Angke,DKI Jakarta,-6.10449219,106.776001,,3,156,3,172,328,6,Baris Riil Transaksi Aktif
2026-03-10,T1,LAUT,1070,Muara Angke,DKI Jakarta,-6.10449219,106.776001,,4,45,2,63,108,6,Baris Riil Transaksi Aktif
2026-03-10,T1,LAUT,1070,Muara Angke,DKI Jakarta,-6.10449219,106.776001,,2,57,0,0,57,2,Baris Riil Transaksi Aktif
2026-03-12,T1,LAUT,1070,Muara Angke,DKI Jakarta,-6.10449219,106.776001,,2,113,0,0,113,2,Baris Riil Transaksi Aktif
2026-03-12,T1,LAUT,1070,Muara Angke,DKI Jakarta,-6.10449219,106.776001,,3,141,2,122,263,5,Baris Riil Transaksi Aktif
2026-03-13,T1,LAUT,1070,Muara Angke,DKI Jakarta,-6.10449219,106.776001,,2,115,3,133,248,5,Baris Riil Transaksi Aktif
2026-03-13,T1,LAUT,1070,Muara Angke,DKI Jakarta,-6.10449219,106.776001,,7,283,2,105,388,9,Baris Riil Transaksi Aktif
2026-03-14,T1,LAUT,1070,Muara Angke,DKI Jakarta,-6.10449219,106.776001,,2,118,3,186,304,5,Baris Riil Transaksi Aktif
2026-03-14,T1,LAUT,1070,Muara Angke,DKI Jakarta,-6.10449219,106.776001,,3,181,5,335,516,8,Baris Riil Transaksi Aktif
2026-03-15,T1,LAUT,1070,Muara Angke,DKI Jakarta,-6.10449219,106.776001,,3,126,2,75,201,5,Baris Riil Transaksi Aktif
2026-03-15,T1,LAUT,1070,Muara Angke,DKI Jakarta,-6.10449219,106.776001,,5,270,2,323,593,7,Baris Riil Transaksi Aktif
2026-03-16,T1,LAUT,1070,Muara Angke,DKI Jakarta,-6.10449219,106.776001,,3,111,4,226,337,7,Baris Riil Transaksi Aktif
2026-03-16,T1,LAUT,1070,Muara Angke,DKI Jakarta,-6.10449219,106.776001,,3,137,5,437,574,8,Baris Riil Transaksi Aktif
2026-03-17,T1,LAUT,1070,Muara Angke,DKI Jakarta,-6.10449219,106.776001,,8,67,3,353,420,11,Baris Riil Transaksi Aktif
2026-03-17,T1,LAUT,1070,Muara Angke,DKI Jakarta,-6.10449219,106.776001,,4,144,1,39,183,5,Baris Riil Transaksi Aktif
2026-03-18,T1,LAUT,1070,Muara Angke,DKI Jakarta,-6.10449219,106.776001,,7,0,7,302,302,14,Baris Riil Transaksi Aktif
2026-03-18,T1,LAUT,1070,Muara Angke,DKI Jakarta,-6.10449219,106.776001,,12,167,6,862,1029,18,Baris Riil Transaksi Aktif
2026-03-19,T1,LAUT,1070,Muara Angke,DKI Jakarta,-6.10449219,106.776001,,1,22,1,33,55,2,Baris Riil Transaksi Aktif
2026-03-19,T1,LAUT,1070,Muara Angke,DKI Jakarta,-6.10449219,106.776001,,14,311,12,1792,2103,26,Baris Riil Transaksi Aktif
2026-03-20,T1,LAUT,1070,Muara Angke,DKI Jakarta,-6.10449219,106.776001,,1,42,1,70,112,2,Baris Riil Transaksi Aktif
2026-03-20,T1,LAUT,1070,Muara Angke,DKI Jakarta,-6.10449219,106.776001,,11,880,12,1494,2374,23,Baris Riil Transaksi Aktif
2026-03-21,T1,LAUT,1070,Muara Angke,DKI Jakarta,-6.10449219,106.776001,,2,102,3,159,261,5,Baris Riil Transaksi Aktif
2026-03-21,T1,LAUT,1070,Muara Angke,DKI Jakarta,-6.10449219,106.776001,,17,1231,9,1609,2840,26,Baris Riil Transaksi Aktif
2026-03-22,T1,LAUT,1070,Muara Angke,DKI Jakarta,-6.10449219,106.776001,,2,111,1,40,151,3,Baris Riil Transaksi Aktif
2026-03-22,T1,LAUT,1070,Muara Angke,DKI Jakarta,-6.10449219,106.776001,,20,1553,20,3106,4659,40,Baris Riil Transaksi Aktif
2026-03-23,T1,LAUT,1070,Muara Angke,DKI Jakarta,-6.10449219,106.776001,,2,105,3,180,285,5,Baris Riil Transaksi Aktif
2026-03-23,T1,LAUT,1070,Muara Angke,DKI Jakarta,-6.10449219,106.776001,,18,2364,20,3326,5690,38,Baris Riil Transaksi Aktif
2026-03-24,T1,LAUT,1070,Muara Angke,DKI Jakarta,-6.10449219,106.776001,,1,75,0,0,75,1,Baris Riil Transaksi Aktif
2026-03-24,T1,LAUT,1070,Muara Angke,DKI Jakarta,-6.10449219,106.776001,,21,3344,21,2304,5648,42,Baris Riil Transaksi Aktif
2026-03-25,T1,LAUT,1070,Muara Angke,DKI Jakarta,-6.10449219,106.776001,,1,75,1,75,150,2,Baris Riil Transaksi Aktif
2026-03-25,T1,LAUT,1070,Muara Angke,DKI Jakarta,-6.10449219,106.776001,,16,2204,14,1636,3840,30,Baris Riil Transaksi Aktif
2026-03-26,T1,LAUT,1070,Muara Angke,DKI Jakarta,-6.10449219,106.776001,,3,157,3,155,312,6,Baris Riil Transaksi Aktif
2026-03-26,T1,LAUT,1070,Muara Angke,DKI Jakarta,-6.10449219,106.776001,,11,1573,14,1704,3277,25,Baris Riil Transaksi Aktif
2026-03-27,T1,LAUT,1070,Muara Angke,DKI Jakarta,-6.10449219,106.776001,,2,80,3,79,159,5,Baris Riil Transaksi Aktif
2026-03-27,T1,LAUT,1070,Muara Angke,DKI Jakarta,-6.10449219,106.776001,,15,1427,9,1173,2600,24,Baris Riil Transaksi Aktif
2026-03-28,T1,LAUT,1070,Muara Angke,DKI Jakarta,-6.10449219,106.776001,,1,77,2,154,231,3,Baris Riil Transaksi Aktif
2026-03-28,T1,LAUT,1070,Muara Angke,DKI Jakarta,-6.10449219,106.776001,,10,1343,14,2437,3780,24,Baris Riil Transaksi Aktif
2026-03-29,T1,LAUT,1070,Muara Angke,DKI Jakarta,-6.10449219,106.776001,,2,152,1,74,226,3,Baris Riil Transaksi Aktif
2026-03-29,T1,LAUT,1070,Muara Angke,DKI Jakarta,-6.10449219,106.776001,,16,2270,13,702,2972,29,Baris Riil Transaksi Aktif
2026-04-03,T1,LAUT,1070,Muara Angke,DKI Jakarta,-6.10449219,106.776001,,1,49,0,0,49,1,Baris Riil Transaksi Aktif
2026-04-03,T1,LAUT,1070,Muara Angke,DKI Jakarta,-6.10449219,106.776001,,19,383,18,2974,3357,37,Baris Riil Transaksi Aktif
2026-04-04,T1,LAUT,1070,Muara Angke,DKI Jakarta,-6.10449219,106.776001,,1,73,1,69,142,2,Baris Riil Transaksi Aktif
2026-04-04,T1,LAUT,1070,Muara Angke,DKI Jakarta,-6.10449219,106.776001,,16,2053,20,2602,4655,36,Baris Riil Transaksi Aktif
2026-04-05,T1,LAUT,1070,Muara Angke,DKI Jakarta,-6.10449219,106.776001,,1,65,1,65,130,2,Baris Riil Transaksi Aktif
2026-04-05,T1,LAUT,1070,Muara Angke,DKI Jakarta,-6.10449219,106.776001,,18,2918,20,558,3476,38,Baris Riil Transaksi Aktif
2026-04-06,T1,LAUT,1070,Muara Angke,DKI Jakarta,-6.10449219,106.776001,,4,123,9,345,468,13,Baris Riil Transaksi Aktif
2026-04-06,T1,LAUT,1070,Muara Angke,DKI Jakarta,-6.10449219,106.776001,,3,131,0,0,131,3,Baris Riil Transaksi Aktif
2026-04-07,T1,LAUT,1070,Muara Angke,DKI Jakarta,-6.10449219,106.776001,,3,99,2,91,190,5,Baris Riil Transaksi Aktif
2026-04-07,T1,LAUT,1070,Muara Angke,DKI Jakarta,-6.10449219,106.776001,,4,175,3,352,527,7,Baris Riil Transaksi Aktif
2026-04-08,T1,LAUT,1070,Muara Angke,DKI Jakarta,-6.10449219,106.776001,,0,0,3,151,151,3,Baris Riil Transaksi Aktif
2026-04-08,T1,LAUT,1070,Muara Angke,DKI Jakarta,-6.10449219,106.776001,,6,238,3,235,473,9,Baris Riil Transaksi Aktif
2026-04-09,T1,LAUT,1070,Muara Angke,DKI Jakarta,-6.10449219,106.776001,,1,59,0,0,59,1,Baris Riil Transaksi Aktif
2026-04-09,T1,LAUT,1070,Muara Angke,DKI Jakarta,-6.10449219,106.776001,,6,283,4,414,697,10,Baris Riil Transaksi Aktif
2026-05-07,T2,LAUT,1070,Muara Angke,DKI Jakarta,-6.10449219,106.776001,,3,131,0,0,131,3,Baris Riil Transaksi Aktif
2026-05-07,T2,LAUT,1070,Muara Angke,DKI Jakarta,-6.10449219,106.776001,,8,538,4,440,978,12,Baris Riil Transaksi Aktif
2026-05-08,T2,LAUT,1070,Muara Angke,DKI Jakarta,-6.10449219,106.776001,,2,63,0,0,63,2,Baris Riil Transaksi Aktif
2026-05-08,T2,LAUT,1070,Muara Angke,DKI Jakarta,-6.10449219,106.776001,,14,392,5,583,975,19,Baris Riil Transaksi Aktif
2026-05-09,T2,LAUT,1070,Muara Angke,DKI Jakarta,-6.10449219,106.776001,,2,132,2,150,282,4,Baris Riil Transaksi Aktif
2026-05-09,T2,LAUT,1070,Muara Angke,DKI Jakarta,-6.10449219,106.776001,,6,240,19,3063,3303,25,Baris Riil Transaksi Aktif
2026-05-11,T2,LAUT,1070,Muara Angke,DKI Jakarta,-6.10449219,106.776001,,1,39,1,71,110,2,Baris Riil Transaksi Aktif
2026-05-11,T2,LAUT,1070,Muara Angke,DKI Jakarta,-6.10449219,106.776001,,5,164,11,497,661,16,Baris Riil Transaksi Aktif
2026-05-12,T2,LAUT,1070,Muara Angke,DKI Jakarta,-6.10449219,106.776001,,2,65,0,0,65,2,Baris Riil Transaksi Aktif
2026-05-12,T2,LAUT,1070,Muara Angke,DKI Jakarta,-6.10449219,106.776001,,5,343,4,301,644,9,Baris Riil Transaksi Aktif
2026-06-02,T2,LAUT,1070,Muara Angke,DKI Jakarta,-6.10449219,106.776001,,3,73,0,0,73,3,Baris Riil Transaksi Aktif
2026-06-02,T2,LAUT,1070,Muara Angke,DKI Jakarta,-6.10449219,106.776001,,4,102,9,223,325,13,Baris Riil Transaksi Aktif
2026-06-07,T2,LAUT,1070,Muara Angke,DKI Jakarta,-6.10449219,106.776001,,2,91,0,0,91,2,Baris Riil Transaksi Aktif
2026-06-07,T2,LAUT,1070,Muara Angke,DKI Jakarta,-6.10449219,106.776001,,12,1566,6,240,1806,18,Baris Riil Transaksi Aktif
2026-08-06,T2,LAUT,1070,Muara Angke,DKI Jakarta,-6.10449219,106.776001,,1,40,0,0,40,1,Baris Riil Transaksi Aktif
2026-08-06,T2,LAUT,1070,Muara Angke,DKI Jakarta,-6.10449219,106.776001,,7,311,5,333,644,12,Baris Riil Transaksi Aktif
2026-03-19,T1,LAUT,1082,Muara Siberut,Sumatera Barat,-1.5980835,99.21502686,,0,0,0,0,0,0,Baris Dummy Nol Sistem
2026-03-19,T1,LAUT,1082,Muara Siberut,Sumatera Barat,-1.5980835,99.21502686,,1,0,3,30,30,4,Baris Riil Transaksi Aktif
2026-03-21,T1,LAUT,1082,Muara Siberut,Sumatera Barat,-1.5980835,99.21502686,,0,0,0,0,0,0,Baris Dummy Nol Sistem
2026-03-21,T1,LAUT,1082,Muara Siberut,Sumatera Barat,-1.5980835,99.21502686,,2,11,0,0,11,2,Baris Riil Transaksi Aktif
2026-03-27,T1,LAUT,1082,Muara Siberut,Sumatera Barat,-1.5980835,99.21502686,,0,0,0,0,0,0,Baris Dummy Nol Sistem
2026-03-27,T1,LAUT,1082,Muara Siberut,Sumatera Barat,-1.5980835,99.21502686,,1,2,0,0,2,1,Baris Riil Transaksi Aktif
2026-01-01,T1,LAUT,308,Muntok (Tanjung Kalian),Kepulauan Bangka Belitung,-2.075833,105.179167,,2,0,1,0,0,3,Baris Riil Transaksi Aktif
2026-01-01,T1,LAUT,308,Muntok (Tanjung Kalian),Kepulauan Bangka Belitung,-2.075833,105.179167,,1,30,2,429,459,3,Baris Riil Transaksi Aktif
2026-01-07,T1,LAUT,308,Muntok (Tanjung Kalian),Kepulauan Bangka Belitung,-2.075833,105.179167,,0,0,6,902,902,6,Baris Riil Transaksi Aktif
2026-01-07,T1,LAUT,308,Muntok (Tanjung Kalian),Kepulauan Bangka Belitung,-2.075833,105.179167,,2,46,1,12,58,3,Baris Riil Transaksi Aktif
2026-01-03,T1,LAUT,88,Nabire,Papua Tengah,-3.230447137,135.5824847,,0,0,0,0,0,0,Baris Dummy Nol Sistem
2026-01-03,T1,LAUT,88,Nabire,Papua Tengah,-3.230447137,135.5824847,,3,156,2,118,274,5,Baris Riil Transaksi Aktif
2026-01-05,T1,LAUT,88,Nabire,Papua Tengah,-3.230447137,135.5824847,,0,0,0,0,0,0,Baris Dummy Nol Sistem
2026-01-05,T1,LAUT,88,Nabire,Papua Tengah,-3.230447137,135.5824847,,2,132,1,56,188,3,Baris Riil Transaksi Aktif
2026-01-01,T1,LAUT,1107,Nusa Penida,Bali,-8.67669678,115.487793,,1,13,1,13,26,2,Baris Riil Transaksi Aktif
2026-01-01,T1,LAUT,1107,Nusa Penida,Bali,-8.67669678,115.487793,,139,6696,138,6654,13350,277,Baris Riil Transaksi Aktif
2026-01-02,T1,LAUT,1107,Nusa Penida,Bali,-8.67669678,115.487793,,7,67,7,67,134,14,Baris Riil Transaksi Aktif
2026-01-02,T1,LAUT,1107,Nusa Penida,Bali,-8.67669678,115.487793,,189,11161,188,10337,21498,377,Baris Riil Transaksi Aktif
2026-01-05,T1,LAUT,1107,Nusa Penida,Bali,-8.67669678,115.487793,,6,70,6,70,140,12,Baris Riil Transaksi Aktif
2026-01-05,T1,LAUT,1107,Nusa Penida,Bali,-8.67669678,115.487793,,134,6526,133,5663,12189,267,Baris Riil Transaksi Aktif
2026-01-06,T1,LAUT,1107,Nusa Penida,Bali,-8.67669678,115.487793,,8,79,6,55,134,14,Baris Riil Transaksi Aktif
2026-01-06,T1,LAUT,1107,Nusa Penida,Bali,-8.67669678,115.487793,,157,7174,151,7344,14518,308,Baris Riil Transaksi Aktif
2026-01-07,T1,LAUT,1107,Nusa Penida,Bali,-8.67669678,115.487793,,1,5,2,17,22,3,Baris Riil Transaksi Aktif
2026-01-07,T1,LAUT,1107,Nusa Penida,Bali,-8.67669678,115.487793,,159,6533,164,7100,13633,323,Baris Riil Transaksi Aktif
2026-01-09,T1,LAUT,1107,Nusa Penida,Bali,-8.67669678,115.487793,,5,65,5,65,130,10,Baris Riil Transaksi Aktif
2026-01-09,T1,LAUT,1107,Nusa Penida,Bali,-8.67669678,115.487793,,155,7787,154,7894,15681,309,Baris Riil Transaksi Aktif
2026-01-10,T1,LAUT,1107,Nusa Penida,Bali,-8.67669678,115.487793,,2,30,2,30,60,4,Baris Riil Transaksi Aktif
2026-01-10,T1,LAUT,1107,Nusa Penida,Bali,-8.67669678,115.487793,,79,3475,54,2622,6097,133,Baris Riil Transaksi Aktif
2026-01-11,T1,LAUT,1107,Nusa Penida,Bali,-8.67669678,115.487793,,5,71,3,39,110,8,Baris Riil Transaksi Aktif
2026-01-11,T1,LAUT,1107,Nusa Penida,Bali,-8.67669678,115.487793,,143,6574,144,6444,13018,287,Baris Riil Transaksi Aktif
2026-01-12,T1,LAUT,1107,Nusa Penida,Bali,-8.67669678,115.487793,,3,40,4,56,96,7,Baris Riil Transaksi Aktif
2026-01-12,T1,LAUT,1107,Nusa Penida,Bali,-8.67669678,115.487793,,153,6614,149,6203,12817,302,Baris Riil Transaksi Aktif
2026-01-13,T1,LAUT,1107,Nusa Penida,Bali,-8.67669678,115.487793,,4,54,4,54,108,8,Baris Riil Transaksi Aktif
2026-01-13,T1,LAUT,1107,Nusa Penida,Bali,-8.67669678,115.487793,,148,6346,143,5245,11591,291,Baris Riil Transaksi Aktif
2026-01-14,T1,LAUT,1107,Nusa Penida,Bali,-8.67669678,115.487793,,5,43,5,43,86,10,Baris Riil Transaksi Aktif
2026-01-14,T1,LAUT,1107,Nusa Penida,Bali,-8.67669678,115.487793,,149,7076,148,6796,13872,297,Baris Riil Transaksi Aktif
2026-01-15,T1,LAUT,1107,Nusa Penida,Bali,-8.67669678,115.487793,,4,105,2,29,134,6,Baris Riil Transaksi Aktif
2026-01-15,T1,LAUT,1107,Nusa Penida,Bali,-8.67669678,115.487793,,145,7283,143,6820,14103,288,Baris Riil Transaksi Aktif
2026-01-16,T1,LAUT,1107,Nusa Penida,Bali,-8.67669678,115.487793,,17,634,0,0,634,17,Baris Riil Transaksi Aktif
2026-01-16,T1,LAUT,1107,Nusa Penida,Bali,-8.67669678,115.487793,,37,1924,38,1523,3447,75,Baris Riil Transaksi Aktif
2026-01-17,T1,LAUT,1107,Nusa Penida,Bali,-8.67669678,115.487793,,5,58,4,47,105,9,Baris Riil Transaksi Aktif
2026-01-17,T1,LAUT,1107,Nusa Penida,Bali,-8.67669678,115.487793,,152,8122,151,5408,13530,303,Baris Riil Transaksi Aktif
2026-01-18,T1,LAUT,1107,Nusa Penida,Bali,-8.67669678,115.487793,,4,34,5,46,80,9,Baris Riil Transaksi Aktif
2026-01-18,T1,LAUT,1107,Nusa Penida,Bali,-8.67669678,115.487793,,152,7348,149,7613,14961,301,Baris Riil Transaksi Aktif
2026-01-19,T1,LAUT,1107,Nusa Penida,Bali,-8.67669678,115.487793,,3,36,2,24,60,5,Baris Riil Transaksi Aktif
2026-01-19,T1,LAUT,1107,Nusa Penida,Bali,-8.67669678,115.487793,,161,8057,164,8174,16231,325,Baris Riil Transaksi Aktif
2026-01-20,T1,LAUT,1107,Nusa Penida,Bali,-8.67669678,115.487793,,2,9,2,9,18,4,Baris Riil Transaksi Aktif
2026-01-20,T1,LAUT,1107,Nusa Penida,Bali,-8.67669678,115.487793,,143,6569,141,5932,12501,284,Baris Riil Transaksi Aktif
2026-01-21,T1,LAUT,1107,Nusa Penida,Bali,-8.67669678,115.487793,,7,75,7,75,150,14,Baris Riil Transaksi Aktif
2026-01-21,T1,LAUT,1107,Nusa Penida,Bali,-8.67669678,115.487793,,141,6083,142,5813,11896,283,Baris Riil Transaksi Aktif
2026-01-23,T1,LAUT,1107,Nusa Penida,Bali,-8.67669678,115.487793,,1,8,1,8,16,2,Baris Riil Transaksi Aktif
2026-01-23,T1,LAUT,1107,Nusa Penida,Bali,-8.67669678,115.487793,,140,6404,141,6393,12797,281,Baris Riil Transaksi Aktif
2026-01-24,T1,LAUT,1107,Nusa Penida,Bali,-8.67669678,115.487793,,4,48,3,34,82,7,Baris Riil Transaksi Aktif
2026-01-24,T1,LAUT,1107,Nusa Penida,Bali,-8.67669678,115.487793,,149,7533,138,6143,13676,287,Baris Riil Transaksi Aktif
2026-01-25,T1,LAUT,1107,Nusa Penida,Bali,-8.67669678,115.487793,,4,39,4,39,78,8,Baris Riil Transaksi Aktif
2026-01-25,T1,LAUT,1107,Nusa Penida,Bali,-8.67669678,115.487793,,141,6730,145,7193,13923,286,Baris Riil Transaksi Aktif
2026-01-26,T1,LAUT,1107,Nusa Penida,Bali,-8.67669678,115.487793,,5,55,6,69,124,11,Baris Riil Transaksi Aktif
2026-01-26,T1,LAUT,1107,Nusa Penida,Bali,-8.67669678,115.487793,,119,5800,112,5203,11003,231,Baris Riil Transaksi Aktif
2026-01-27,T1,LAUT,1107,Nusa Penida,Bali,-8.67669678,115.487793,,3,26,2,14,40,5,Baris Riil Transaksi Aktif
2026-01-27,T1,LAUT,1107,Nusa Penida,Bali,-8.67669678,115.487793,,153,7459,148,6349,13808,301,Baris Riil Transaksi Aktif
2026-01-28,T1,LAUT,1107,Nusa Penida,Bali,-8.67669678,115.487793,,4,39,4,39,78,8,Baris Riil Transaksi Aktif
2026-01-28,T1,LAUT,1107,Nusa Penida,Bali,-8.67669678,115.487793,,146,6559,143,6185,12744,289,Baris Riil Transaksi Aktif
2026-01-29,T1,LAUT,1107,Nusa Penida,Bali,-8.67669678,115.487793,,5,39,4,32,71,9,Baris Riil Transaksi Aktif
2026-01-29,T1,LAUT,1107,Nusa Penida,Bali,-8.67669678,115.487793,,149,7610,150,7185,14795,299,Baris Riil Transaksi Aktif
2026-01-30,T1,LAUT,1107,Nusa Penida,Bali,-8.67669678,115.487793,,2,23,1,12,35,3,Baris Riil Transaksi Aktif
2026-01-30,T1,LAUT,1107,Nusa Penida,Bali,-8.67669678,115.487793,,126,6374,104,4614,10988,230,Baris Riil Transaksi Aktif
2026-01-31,T1,LAUT,1107,Nusa Penida,Bali,-8.67669678,115.487793,,4,27,4,80,107,8,Baris Riil Transaksi Aktif
2026-01-31,T1,LAUT,1107,Nusa Penida,Bali,-8.67669678,115.487793,,151,7469,156,7582,15051,307,Baris Riil Transaksi Aktif
2026-02-01,T1,LAUT,1107,Nusa Penida,Bali,-8.67669678,115.487793,,2,8,1,4,12,3,Baris Riil Transaksi Aktif
2026-02-01,T1,LAUT,1107,Nusa Penida,Bali,-8.67669678,115.487793,,154,7126,134,6324,13450,288,Baris Riil Transaksi Aktif
2026-02-02,T1,LAUT,1107,Nusa Penida,Bali,-8.67669678,115.487793,,4,57,3,40,97,7,Baris Riil Transaksi Aktif
2026-02-02,T1,LAUT,1107,Nusa Penida,Bali,-8.67669678,115.487793,,154,7602,123,6067,13669,277,Baris Riil Transaksi Aktif
2026-02-03,T1,LAUT,1107,Nusa Penida,Bali,-8.67669678,115.487793,,5,62,4,50,112,9,Baris Riil Transaksi Aktif
2026-02-03,T1,LAUT,1107,Nusa Penida,Bali,-8.67669678,115.487793,,152,7457,116,5259,12716,268,Baris Riil Transaksi Aktif
2026-02-04,T1,LAUT,1107,Nusa Penida,Bali,-8.67669678,115.487793,,3,36,2,22,58,5,Baris Riil Transaksi Aktif
2026-02-04,T1,LAUT,1107,Nusa Penida,Bali,-8.67669678,115.487793,,147,7229,116,5392,12621,263,Baris Riil Transaksi Aktif
2026-02-05,T1,LAUT,1107,Nusa Penida,Bali,-8.67669678,115.487793,,7,89,4,47,136,11,Baris Riil Transaksi Aktif
2026-02-05,T1,LAUT,1107,Nusa Penida,Bali,-8.67669678,115.487793,,161,7861,132,6727,14588,293,Baris Riil Transaksi Aktif
2026-02-06,T1,LAUT,1107,Nusa Penida,Bali,-8.67669678,115.487793,,1,14,0,0,14,1,Baris Riil Transaksi Aktif
2026-02-06,T1,LAUT,1107,Nusa Penida,Bali,-8.67669678,115.487793,,158,7377,130,5482,12859,288,Baris Riil Transaksi Aktif
2026-02-07,T1,LAUT,1107,Nusa Penida,Bali,-8.67669678,115.487793,,3,32,4,46,78,7,Baris Riil Transaksi Aktif
2026-02-07,T1,LAUT,1107,Nusa Penida,Bali,-8.67669678,115.487793,,155,8031,124,6153,14184,279,Baris Riil Transaksi Aktif
2026-02-08,T1,LAUT,1107,Nusa Penida,Bali,-8.67669678,115.487793,,3,40,2,29,69,5,Baris Riil Transaksi Aktif
2026-02-08,T1,LAUT,1107,Nusa Penida,Bali,-8.67669678,115.487793,,151,8010,121,6111,14121,272,Baris Riil Transaksi Aktif
2026-02-09,T1,LAUT,1107,Nusa Penida,Bali,-8.67669678,115.487793,,4,42,4,42,84,8,Baris Riil Transaksi Aktif
2026-02-09,T1,LAUT,1107,Nusa Penida,Bali,-8.67669678,115.487793,,152,7858,127,6304,14162,279,Baris Riil Transaksi Aktif
2026-02-10,T1,LAUT,1107,Nusa Penida,Bali,-8.67669678,115.487793,,3,35,2,28,63,5,Baris Riil Transaksi Aktif
2026-02-10,T1,LAUT,1107,Nusa Penida,Bali,-8.67669678,115.487793,,150,7265,126,5689,12954,276,Baris Riil Transaksi Aktif
2026-02-12,T1,LAUT,1107,Nusa Penida,Bali,-8.67669678,115.487793,,8,88,4,43,131,12,Baris Riil Transaksi Aktif
2026-02-12,T1,LAUT,1107,Nusa Penida,Bali,-8.67669678,115.487793,,150,7616,147,7215,14831,297,Baris Riil Transaksi Aktif
2026-02-13,T1,LAUT,1107,Nusa Penida,Bali,-8.67669678,115.487793,,5,66,3,38,104,8,Baris Riil Transaksi Aktif
2026-02-13,T1,LAUT,1107,Nusa Penida,Bali,-8.67669678,115.487793,,149,8089,125,6174,14263,274,Baris Riil Transaksi Aktif
2026-02-14,T1,LAUT,1107,Nusa Penida,Bali,-8.67669678,115.487793,,6,52,5,37,89,11,Baris Riil Transaksi Aktif
2026-02-14,T1,LAUT,1107,Nusa Penida,Bali,-8.67669678,115.487793,,158,9072,124,6538,15610,282,Baris Riil Transaksi Aktif
2026-02-15,T1,LAUT,1107,Nusa Penida,Bali,-8.67669678,115.487793,,5,48,5,48,96,10,Baris Riil Transaksi Aktif
2026-02-15,T1,LAUT,1107,Nusa Penida,Bali,-8.67669678,115.487793,,169,8826,147,8044,16870,316,Baris Riil Transaksi Aktif
2026-02-16,T1,LAUT,1107,Nusa Penida,Bali,-8.67669678,115.487793,,9,82,7,65,147,16,Baris Riil Transaksi Aktif
2026-02-16,T1,LAUT,1107,Nusa Penida,Bali,-8.67669678,115.487793,,163,9468,128,6814,16282,291,Baris Riil Transaksi Aktif
2026-02-17,T1,LAUT,1107,Nusa Penida,Bali,-8.67669678,115.487793,,5,54,3,27,81,8,Baris Riil Transaksi Aktif
2026-02-17,T1,LAUT,1107,Nusa Penida,Bali,-8.67669678,115.487793,,169,9974,128,7797,17771,297,Baris Riil Transaksi Aktif
2026-02-18,T1,LAUT,1107,Nusa Penida,Bali,-8.67669678,115.487793,,6,60,6,60,120,12,Baris Riil Transaksi Aktif
2026-02-18,T1,LAUT,1107,Nusa Penida,Bali,-8.67669678,115.487793,,161,9546,119,6843,16389,280,Baris Riil Transaksi Aktif
2026-02-19,T1,LAUT,1107,Nusa Penida,Bali,-8.67669678,115.487793,,4,63,4,63,126,8,Baris Riil Transaksi Aktif
2026-02-19,T1,LAUT,1107,Nusa Penida,Bali,-8.67669678,115.487793,,172,9875,123,6669,16544,295,Baris Riil Transaksi Aktif
2026-02-20,T1,LAUT,1107,Nusa Penida,Bali,-8.67669678,115.487793,,4,48,4,48,96,8,Baris Riil Transaksi Aktif
2026-02-20,T1,LAUT,1107,Nusa Penida,Bali,-8.67669678,115.487793,,158,8838,99,4394,13232,257,Baris Riil Transaksi Aktif
2026-02-21,T1,LAUT,1107,Nusa Penida,Bali,-8.67669678,115.487793,,4,45,4,45,90,8,Baris Riil Transaksi Aktif
2026-02-21,T1,LAUT,1107,Nusa Penida,Bali,-8.67669678,115.487793,,166,9767,132,7665,17432,298,Baris Riil Transaksi Aktif
2026-02-22,T1,LAUT,1107,Nusa Penida,Bali,-8.67669678,115.487793,,4,43,4,43,86,8,Baris Riil Transaksi Aktif
2026-02-22,T1,LAUT,1107,Nusa Penida,Bali,-8.67669678,115.487793,,156,8202,119,6345,14547,275,Baris Riil Transaksi Aktif
2026-02-28,T1,LAUT,1107,Nusa Penida,Bali,-8.67669678,115.487793,,3,36,3,36,72,6,Baris Riil Transaksi Aktif
2026-02-28,T1,LAUT,1107,Nusa Penida,Bali,-8.67669678,115.487793,,149,6440,116,4448,10888,265,Baris Riil Transaksi Aktif
2026-03-01,T1,LAUT,1107,Nusa Penida,Bali,-8.67669678,115.487793,,5,41,3,18,59,8,Baris Riil Transaksi Aktif
2026-03-01,T1,LAUT,1107,Nusa Penida,Bali,-8.67669678,115.487793,,138,6590,138,6571,13161,276,Baris Riil Transaksi Aktif
2026-03-02,T1,LAUT,1107,Nusa Penida,Bali,-8.67669678,115.487793,,2,24,2,24,48,4,Baris Riil Transaksi Aktif
2026-03-02,T1,LAUT,1107,Nusa Penida,Bali,-8.67669678,115.487793,,142,5860,139,5982,11842,281,Baris Riil Transaksi Aktif
2026-03-03,T1,LAUT,1107,Nusa Penida,Bali,-8.67669678,115.487793,,2,25,2,25,50,4,Baris Riil Transaksi Aktif
2026-03-03,T1,LAUT,1107,Nusa Penida,Bali,-8.67669678,115.487793,,140,6135,138,5921,12056,278,Baris Riil Transaksi Aktif
2026-03-04,T1,LAUT,1107,Nusa Penida,Bali,-8.67669678,115.487793,,1,4,1,4,8,2,Baris Riil Transaksi Aktif
2026-03-04,T1,LAUT,1107,Nusa Penida,Bali,-8.67669678,115.487793,,140,5839,91,3794,9633,231,Baris Riil Transaksi Aktif
2026-03-05,T1,LAUT,1107,Nusa Penida,Bali,-8.67669678,115.487793,,3,28,3,28,56,6,Baris Riil Transaksi Aktif
2026-03-05,T1,LAUT,1107,Nusa Penida,Bali,-8.67669678,115.487793,,138,5983,112,5006,10989,250,Baris Riil Transaksi Aktif
2026-03-06,T1,LAUT,1107,Nusa Penida,Bali,-8.67669678,115.487793,,3,33,3,33,66,6,Baris Riil Transaksi Aktif
2026-03-06,T1,LAUT,1107,Nusa Penida,Bali,-8.67669678,115.487793,,132,6380,131,6855,13235,263,Baris Riil Transaksi Aktif
2026-03-07,T1,LAUT,1107,Nusa Penida,Bali,-8.67669678,115.487793,,2,27,2,27,54,4,Baris Riil Transaksi Aktif
2026-03-07,T1,LAUT,1107,Nusa Penida,Bali,-8.67669678,115.487793,,143,7089,140,7026,14115,283,Baris Riil Transaksi Aktif
2026-03-08,T1,LAUT,1107,Nusa Penida,Bali,-8.67669678,115.487793,,2,16,2,16,32,4,Baris Riil Transaksi Aktif
2026-03-08,T1,LAUT,1107,Nusa Penida,Bali,-8.67669678,115.487793,,138,5913,137,6386,12299,275,Baris Riil Transaksi Aktif
2026-03-09,T1,LAUT,1107,Nusa Penida,Bali,-8.67669678,115.487793,,3,35,3,35,70,6,Baris Riil Transaksi Aktif
2026-03-09,T1,LAUT,1107,Nusa Penida,Bali,-8.67669678,115.487793,,132,6317,132,6296,12613,264,Baris Riil Transaksi Aktif
2026-03-10,T1,LAUT,1107,Nusa Penida,Bali,-8.67669678,115.487793,,2,19,2,19,38,4,Baris Riil Transaksi Aktif
2026-03-10,T1,LAUT,1107,Nusa Penida,Bali,-8.67669678,115.487793,,130,5893,129,6207,12100,259,Baris Riil Transaksi Aktif
2026-03-11,T1,LAUT,1107,Nusa Penida,Bali,-8.67669678,115.487793,,3,50,3,50,100,6,Baris Riil Transaksi Aktif
2026-03-11,T1,LAUT,1107,Nusa Penida,Bali,-8.67669678,115.487793,,135,5868,134,6260,12128,269,Baris Riil Transaksi Aktif
2026-03-12,T1,LAUT,1107,Nusa Penida,Bali,-8.67669678,115.487793,,3,40,3,40,80,6,Baris Riil Transaksi Aktif
2026-03-12,T1,LAUT,1107,Nusa Penida,Bali,-8.67669678,115.487793,,136,6041,135,6386,12427,271,Baris Riil Transaksi Aktif
2026-03-13,T1,LAUT,1107,Nusa Penida,Bali,-8.67669678,115.487793,,4,38,4,38,76,8,Baris Riil Transaksi Aktif
2026-03-13,T1,LAUT,1107,Nusa Penida,Bali,-8.67669678,115.487793,,130,5929,130,6676,12605,260,Baris Riil Transaksi Aktif
2026-03-14,T1,LAUT,1107,Nusa Penida,Bali,-8.67669678,115.487793,,4,53,4,53,106,8,Baris Riil Transaksi Aktif
2026-03-14,T1,LAUT,1107,Nusa Penida,Bali,-8.67669678,115.487793,,135,6411,134,7251,13662,269,Baris Riil Transaksi Aktif
2026-03-16,T1,LAUT,1107,Nusa Penida,Bali,-8.67669678,115.487793,,3,26,3,28,54,6,Baris Riil Transaksi Aktif
2026-03-16,T1,LAUT,1107,Nusa Penida,Bali,-8.67669678,115.487793,,148,6136,145,6678,12814,293,Baris Riil Transaksi Aktif
2026-03-17,T1,LAUT,1107,Nusa Penida,Bali,-8.67669678,115.487793,,3,31,3,31,62,6,Baris Riil Transaksi Aktif
2026-03-17,T1,LAUT,1107,Nusa Penida,Bali,-8.67669678,115.487793,,141,6639,139,8406,15045,280,Baris Riil Transaksi Aktif
2026-03-19,T1,LAUT,1107,Nusa Penida,Bali,-8.67669678,115.487793,,0,0,0,0,0,0,Baris Dummy Nol Sistem
2026-03-19,T1,LAUT,1107,Nusa Penida,Bali,-8.67669678,115.487793,,2,12,1,14,26,3,Baris Riil Transaksi Aktif
2026-03-20,T1,LAUT,1107,Nusa Penida,Bali,-8.67669678,115.487793,,1,17,1,17,34,2,Baris Riil Transaksi Aktif
2026-03-20,T1,LAUT,1107,Nusa Penida,Bali,-8.67669678,115.487793,,167,11284,166,10354,21638,333,Baris Riil Transaksi Aktif
2026-03-21,T1,LAUT,1107,Nusa Penida,Bali,-8.67669678,115.487793,,4,53,4,38,91,8,Baris Riil Transaksi Aktif
2026-03-21,T1,LAUT,1107,Nusa Penida,Bali,-8.67669678,115.487793,,181,12508,178,11929,24437,359,Baris Riil Transaksi Aktif
2026-03-22,T1,LAUT,1107,Nusa Penida,Bali,-8.67669678,115.487793,,5,43,5,43,86,10,Baris Riil Transaksi Aktif
2026-03-22,T1,LAUT,1107,Nusa Penida,Bali,-8.67669678,115.487793,,187,11822,187,12784,24606,374,Baris Riil Transaksi Aktif
2026-03-23,T1,LAUT,1107,Nusa Penida,Bali,-8.67669678,115.487793,,4,55,4,55,110,8,Baris Riil Transaksi Aktif
2026-03-23,T1,LAUT,1107,Nusa Penida,Bali,-8.67669678,115.487793,,193,12493,193,13124,25617,386,Baris Riil Transaksi Aktif
2026-03-24,T1,LAUT,1107,Nusa Penida,Bali,-8.67669678,115.487793,,5,56,5,56,112,10,Baris Riil Transaksi Aktif
2026-03-24,T1,LAUT,1107,Nusa Penida,Bali,-8.67669678,115.487793,,156,9701,156,10671,20372,312,Baris Riil Transaksi Aktif
2026-03-25,T1,LAUT,1107,Nusa Penida,Bali,-8.67669678,115.487793,,3,43,3,43,86,6,Baris Riil Transaksi Aktif
2026-03-25,T1,LAUT,1107,Nusa Penida,Bali,-8.67669678,115.487793,,177,10931,176,11276,22207,353,Baris Riil Transaksi Aktif
2026-03-26,T1,LAUT,1107,Nusa Penida,Bali,-8.67669678,115.487793,,2,18,2,18,36,4,Baris Riil Transaksi Aktif
2026-03-26,T1,LAUT,1107,Nusa Penida,Bali,-8.67669678,115.487793,,161,9966,160,10449,20415,321,Baris Riil Transaksi Aktif
2026-03-27,T1,LAUT,1107,Nusa Penida,Bali,-8.67669678,115.487793,,7,64,7,64,128,14,Baris Riil Transaksi Aktif
2026-03-27,T1,LAUT,1107,Nusa Penida,Bali,-8.67669678,115.487793,,147,8485,146,8579,17064,293,Baris Riil Transaksi Aktif
2026-03-28,T1,LAUT,1107,Nusa Penida,Bali,-8.67669678,115.487793,,6,53,6,53,106,12,Baris Riil Transaksi Aktif
2026-03-28,T1,LAUT,1107,Nusa Penida,Bali,-8.67669678,115.487793,,150,8405,148,8134,16539,298,Baris Riil Transaksi Aktif
2026-03-30,T1,LAUT,1107,Nusa Penida,Bali,-8.67669678,115.487793,,6,76,6,76,152,12,Baris Riil Transaksi Aktif
2026-03-30,T1,LAUT,1107,Nusa Penida,Bali,-8.67669678,115.487793,,143,7243,141,7735,14978,284,Baris Riil Transaksi Aktif
2026-03-31,T1,LAUT,1107,Nusa Penida,Bali,-8.67669678,115.487793,,5,56,5,56,112,10,Baris Riil Transaksi Aktif
2026-03-31,T1,LAUT,1107,Nusa Penida,Bali,-8.67669678,115.487793,,142,7102,143,7109,14211,285,Baris Riil Transaksi Aktif
2026-04-01,T1,LAUT,1107,Nusa Penida,Bali,-8.67669678,115.487793,,6,63,6,63,126,12,Baris Riil Transaksi Aktif
2026-04-01,T1,LAUT,1107,Nusa Penida,Bali,-8.67669678,115.487793,,145,7571,143,7305,14876,288,Baris Riil Transaksi Aktif
2026-04-02,T1,LAUT,1107,Nusa Penida,Bali,-8.67669678,115.487793,,5,64,5,64,128,10,Baris Riil Transaksi Aktif
2026-04-02,T1,LAUT,1107,Nusa Penida,Bali,-8.67669678,115.487793,,147,8203,146,7891,16094,293,Baris Riil Transaksi Aktif
2026-04-03,T1,LAUT,1107,Nusa Penida,Bali,-8.67669678,115.487793,,9,87,9,87,174,18,Baris Riil Transaksi Aktif
2026-04-03,T1,LAUT,1107,Nusa Penida,Bali,-8.67669678,115.487793,,177,10827,175,10478,21305,352,Baris Riil Transaksi Aktif
2026-04-04,T1,LAUT,1107,Nusa Penida,Bali,-8.67669678,115.487793,,10,134,10,134,268,20,Baris Riil Transaksi Aktif
2026-04-04,T1,LAUT,1107,Nusa Penida,Bali,-8.67669678,115.487793,,155,8701,155,8774,17475,310,Baris Riil Transaksi Aktif
2026-04-05,T1,LAUT,1107,Nusa Penida,Bali,-8.67669678,115.487793,,8,90,8,90,180,16,Baris Riil Transaksi Aktif
2026-04-05,T1,LAUT,1107,Nusa Penida,Bali,-8.67669678,115.487793,,185,11873,184,12042,23915,369,Baris Riil Transaksi Aktif
2026-04-06,T1,LAUT,1107,Nusa Penida,Bali,-8.67669678,115.487793,,6,71,6,71,142,12,Baris Riil Transaksi Aktif
2026-04-06,T1,LAUT,1107,Nusa Penida,Bali,-8.67669678,115.487793,,148,8703,148,8419,17122,296,Baris Riil Transaksi Aktif
2026-04-07,T1,LAUT,1107,Nusa Penida,Bali,-8.67669678,115.487793,,10,99,10,99,198,20,Baris Riil Transaksi Aktif
2026-04-07,T1,LAUT,1107,Nusa Penida,Bali,-8.67669678,115.487793,,150,8332,147,8091,16423,297,Baris Riil Transaksi Aktif
2026-04-08,T1,LAUT,1107,Nusa Penida,Bali,-8.67669678,115.487793,,11,107,10,93,200,21,Baris Riil Transaksi Aktif
2026-04-08,T1,LAUT,1107,Nusa Penida,Bali,-8.67669678,115.487793,,151,7331,149,7769,15100,300,Baris Riil Transaksi Aktif
2026-04-09,T1,LAUT,1107,Nusa Penida,Bali,-8.67669678,115.487793,,10,108,11,122,230,21,Baris Riil Transaksi Aktif
2026-04-09,T1,LAUT,1107,Nusa Penida,Bali,-8.67669678,115.487793,,151,8464,153,8610,17074,304,Baris Riil Transaksi Aktif
2026-04-10,T1,LAUT,1107,Nusa Penida,Bali,-8.67669678,115.487793,,10,105,10,105,210,20,Baris Riil Transaksi Aktif
2026-04-10,T1,LAUT,1107,Nusa Penida,Bali,-8.67669678,115.487793,,156,9090,155,9036,18126,311,Baris Riil Transaksi Aktif
2026-04-11,T1,LAUT,1107,Nusa Penida,Bali,-8.67669678,115.487793,,9,100,8,90,190,17,Baris Riil Transaksi Aktif
2026-04-11,T1,LAUT,1107,Nusa Penida,Bali,-8.67669678,115.487793,,150,8460,149,8416,16876,299,Baris Riil Transaksi Aktif
2026-04-12,T1,LAUT,1107,Nusa Penida,Bali,-8.67669678,115.487793,,10,94,10,94,188,20,Baris Riil Transaksi Aktif
2026-04-12,T1,LAUT,1107,Nusa Penida,Bali,-8.67669678,115.487793,,158,8946,155,9343,18289,313,Baris Riil Transaksi Aktif
2026-04-13,T1,LAUT,1107,Nusa Penida,Bali,-8.67669678,115.487793,,7,60,7,60,120,14,Baris Riil Transaksi Aktif
2026-04-13,T1,LAUT,1107,Nusa Penida,Bali,-8.67669678,115.487793,,156,8458,157,8514,16972,313,Baris Riil Transaksi Aktif
2026-04-14,T1,LAUT,1107,Nusa Penida,Bali,-8.67669678,115.487793,,7,98,7,98,196,14,Baris Riil Transaksi Aktif
2026-04-14,T1,LAUT,1107,Nusa Penida,Bali,-8.67669678,115.487793,,153,8805,152,8744,17549,305,Baris Riil Transaksi Aktif
2026-04-15,T1,LAUT,1107,Nusa Penida,Bali,-8.67669678,115.487793,,8,100,8,100,200,16,Baris Riil Transaksi Aktif
2026-04-15,T1,LAUT,1107,Nusa Penida,Bali,-8.67669678,115.487793,,156,8352,155,8677,17029,311,Baris Riil Transaksi Aktif
2026-04-16,T1,LAUT,1107,Nusa Penida,Bali,-8.67669678,115.487793,,7,86,7,86,172,14,Baris Riil Transaksi Aktif
2026-04-16,T1,LAUT,1107,Nusa Penida,Bali,-8.67669678,115.487793,,159,8265,159,8427,16692,318,Baris Riil Transaksi Aktif
2026-04-17,T1,LAUT,1107,Nusa Penida,Bali,-8.67669678,115.487793,,9,94,8,77,171,17,Baris Riil Transaksi Aktif
2026-04-17,T1,LAUT,1107,Nusa Penida,Bali,-8.67669678,115.487793,,157,9494,156,9293,18787,313,Baris Riil Transaksi Aktif
2026-04-18,T1,LAUT,1107,Nusa Penida,Bali,-8.67669678,115.487793,,8,121,7,74,195,15,Baris Riil Transaksi Aktif
2026-04-18,T1,LAUT,1107,Nusa Penida,Bali,-8.67669678,115.487793,,150,8020,148,8138,16158,298,Baris Riil Transaksi Aktif
2026-04-19,T1,LAUT,1107,Nusa Penida,Bali,-8.67669678,115.487793,,4,64,3,47,111,7,Baris Riil Transaksi Aktif
2026-04-19,T1,LAUT,1107,Nusa Penida,Bali,-8.67669678,115.487793,,156,9171,156,10217,19388,312,Baris Riil Transaksi Aktif
2026-04-20,T1,LAUT,1107,Nusa Penida,Bali,-8.67669678,115.487793,,5,49,6,70,119,11,Baris Riil Transaksi Aktif
2026-04-20,T1,LAUT,1107,Nusa Penida,Bali,-8.67669678,115.487793,,164,14174,162,8895,23069,326,Baris Riil Transaksi Aktif
2026-04-21,T1,LAUT,1107,Nusa Penida,Bali,-8.67669678,115.487793,,4,56,4,56,112,8,Baris Riil Transaksi Aktif
2026-04-21,T1,LAUT,1107,Nusa Penida,Bali,-8.67669678,115.487793,,151,8060,149,7973,16033,300,Baris Riil Transaksi Aktif
2026-04-22,T1,LAUT,1107,Nusa Penida,Bali,-8.67669678,115.487793,,5,63,5,63,126,10,Baris Riil Transaksi Aktif
2026-04-22,T1,LAUT,1107,Nusa Penida,Bali,-8.67669678,115.487793,,157,8484,155,8312,16796,312,Baris Riil Transaksi Aktif
2026-04-23,T1,LAUT,1107,Nusa Penida,Bali,-8.67669678,115.487793,,5,42,5,42,84,10,Baris Riil Transaksi Aktif
2026-04-23,T1,LAUT,1107,Nusa Penida,Bali,-8.67669678,115.487793,,157,8413,153,8571,16984,310,Baris Riil Transaksi Aktif
2026-04-24,T1,LAUT,1107,Nusa Penida,Bali,-8.67669678,115.487793,,6,106,5,82,188,11,Baris Riil Transaksi Aktif
2026-04-24,T1,LAUT,1107,Nusa Penida,Bali,-8.67669678,115.487793,,161,8761,158,8648,17409,319,Baris Riil Transaksi Aktif
2026-04-25,T1,LAUT,1107,Nusa Penida,Bali,-8.67669678,115.487793,,4,65,4,65,130,8,Baris Riil Transaksi Aktif
2026-04-25,T1,LAUT,1107,Nusa Penida,Bali,-8.67669678,115.487793,,153,8975,152,9017,17992,305,Baris Riil Transaksi Aktif
2026-04-26,T1,LAUT,1107,Nusa Penida,Bali,-8.67669678,115.487793,,7,94,6,80,174,13,Baris Riil Transaksi Aktif
2026-04-26,T1,LAUT,1107,Nusa Penida,Bali,-8.67669678,115.487793,,156,8835,155,9167,18002,311,Baris Riil Transaksi Aktif
2026-04-27,T1,LAUT,1107,Nusa Penida,Bali,-8.67669678,115.487793,,4,43,4,43,86,8,Baris Riil Transaksi Aktif
2026-04-27,T1,LAUT,1107,Nusa Penida,Bali,-8.67669678,115.487793,,158,8253,160,8693,16946,318,Baris Riil Transaksi Aktif
2026-04-28,T1,LAUT,1107,Nusa Penida,Bali,-8.67669678,115.487793,,7,109,5,71,180,12,Baris Riil Transaksi Aktif
2026-04-28,T1,LAUT,1107,Nusa Penida,Bali,-8.67669678,115.487793,,160,8275,159,8248,16523,319,Baris Riil Transaksi Aktif
2026-04-29,T1,LAUT,1107,Nusa Penida,Bali,-8.67669678,115.487793,,5,69,6,84,153,11,Baris Riil Transaksi Aktif
2026-04-29,T1,LAUT,1107,Nusa Penida,Bali,-8.67669678,115.487793,,154,8704,155,9268,17972,309,Baris Riil Transaksi Aktif
2026-04-30,T1,LAUT,1107,Nusa Penida,Bali,-8.67669678,115.487793,,3,30,2,27,57,5,Baris Riil Transaksi Aktif
2026-04-30,T1,LAUT,1107,Nusa Penida,Bali,-8.67669678,115.487793,,154,8960,151,8664,17624,305,Baris Riil Transaksi Aktif
2026-05-01,T2,LAUT,1107,Nusa Penida,Bali,-8.67669678,115.487793,,4,46,4,46,92,8,Baris Riil Transaksi Aktif
2026-05-01,T2,LAUT,1107,Nusa Penida,Bali,-8.67669678,115.487793,,173,10311,173,10896,21207,346,Baris Riil Transaksi Aktif
2026-05-02,T2,LAUT,1107,Nusa Penida,Bali,-8.67669678,115.487793,,4,63,4,63,126,8,Baris Riil Transaksi Aktif
2026-05-02,T2,LAUT,1107,Nusa Penida,Bali,-8.67669678,115.487793,,167,10634,178,11514,22148,345,Baris Riil Transaksi Aktif
2026-05-03,T2,LAUT,1107,Nusa Penida,Bali,-8.67669678,115.487793,,0,0,1,3,3,1,Baris Riil Transaksi Aktif
2026-05-03,T2,LAUT,1107,Nusa Penida,Bali,-8.67669678,115.487793,,19,812,0,0,812,19,Baris Riil Transaksi Aktif
2026-05-04,T2,LAUT,1107,Nusa Penida,Bali,-8.67669678,115.487793,,4,63,4,63,126,8,Baris Riil Transaksi Aktif
2026-05-04,T2,LAUT,1107,Nusa Penida,Bali,-8.67669678,115.487793,,173,9830,174,10057,19887,347,Baris Riil Transaksi Aktif
2026-05-05,T2,LAUT,1107,Nusa Penida,Bali,-8.67669678,115.487793,,5,59,5,59,118,10,Baris Riil Transaksi Aktif
2026-05-05,T2,LAUT,1107,Nusa Penida,Bali,-8.67669678,115.487793,,161,8707,159,8813,17520,320,Baris Riil Transaksi Aktif
2026-05-06,T2,LAUT,1107,Nusa Penida,Bali,-8.67669678,115.487793,,3,51,3,51,102,6,Baris Riil Transaksi Aktif
2026-05-06,T2,LAUT,1107,Nusa Penida,Bali,-8.67669678,115.487793,,162,8730,161,8731,17461,323,Baris Riil Transaksi Aktif
2026-05-07,T2,LAUT,1107,Nusa Penida,Bali,-8.67669678,115.487793,,6,76,6,76,152,12,Baris Riil Transaksi Aktif
2026-05-07,T2,LAUT,1107,Nusa Penida,Bali,-8.67669678,115.487793,,161,8707,162,8845,17552,323,Baris Riil Transaksi Aktif
2026-05-08,T2,LAUT,1107,Nusa Penida,Bali,-8.67669678,115.487793,,5,69,4,61,130,9,Baris Riil Transaksi Aktif
2026-05-08,T2,LAUT,1107,Nusa Penida,Bali,-8.67669678,115.487793,,163,9172,160,8880,18052,323,Baris Riil Transaksi Aktif
2026-05-09,T2,LAUT,1107,Nusa Penida,Bali,-8.67669678,115.487793,,5,65,4,53,118,9,Baris Riil Transaksi Aktif
2026-05-09,T2,LAUT,1107,Nusa Penida,Bali,-8.67669678,115.487793,,161,8748,162,9203,17951,323,Baris Riil Transaksi Aktif
2026-05-10,T2,LAUT,1107,Nusa Penida,Bali,-8.67669678,115.487793,,2,33,3,45,78,5,Baris Riil Transaksi Aktif
2026-05-10,T2,LAUT,1107,Nusa Penida,Bali,-8.67669678,115.487793,,169,9652,167,10026,19678,336,Baris Riil Transaksi Aktif
2026-05-11,T2,LAUT,1107,Nusa Penida,Bali,-8.67669678,115.487793,,6,78,5,64,142,11,Baris Riil Transaksi Aktif
2026-05-11,T2,LAUT,1107,Nusa Penida,Bali,-8.67669678,115.487793,,166,8443,166,8776,17219,332,Baris Riil Transaksi Aktif
2026-05-12,T2,LAUT,1107,Nusa Penida,Bali,-8.67669678,115.487793,,5,70,6,78,148,11,Baris Riil Transaksi Aktif
2026-05-12,T2,LAUT,1107,Nusa Penida,Bali,-8.67669678,115.487793,,161,8325,160,8113,16438,321,Baris Riil Transaksi Aktif
2026-05-13,T2,LAUT,1107,Nusa Penida,Bali,-8.67669678,115.487793,,8,115,8,115,230,16,Baris Riil Transaksi Aktif
2026-05-13,T2,LAUT,1107,Nusa Penida,Bali,-8.67669678,115.487793,,168,9203,169,9169,18372,337,Baris Riil Transaksi Aktif
2026-05-14,T2,LAUT,1107,Nusa Penida,Bali,-8.67669678,115.487793,,6,89,6,89,178,12,Baris Riil Transaksi Aktif
2026-05-14,T2,LAUT,1107,Nusa Penida,Bali,-8.67669678,115.487793,,179,10572,174,10456,21028,353,Baris Riil Transaksi Aktif
2026-05-15,T2,LAUT,1107,Nusa Penida,Bali,-8.67669678,115.487793,,5,61,4,47,108,9,Baris Riil Transaksi Aktif
2026-05-15,T2,LAUT,1107,Nusa Penida,Bali,-8.67669678,115.487793,,175,10371,173,10510,20881,348,Baris Riil Transaksi Aktif
2026-05-16,T2,LAUT,1107,Nusa Penida,Bali,-8.67669678,115.487793,,5,77,6,91,168,11,Baris Riil Transaksi Aktif
2026-05-16,T2,LAUT,1107,Nusa Penida,Bali,-8.67669678,115.487793,,177,9936,177,10907,20843,354,Baris Riil Transaksi Aktif
2026-05-17,T2,LAUT,1107,Nusa Penida,Bali,-8.67669678,115.487793,,5,72,5,72,144,10,Baris Riil Transaksi Aktif
2026-05-17,T2,LAUT,1107,Nusa Penida,Bali,-8.67669678,115.487793,,163,8941,161,9981,18922,324,Baris Riil Transaksi Aktif
2026-05-18,T2,LAUT,1107,Nusa Penida,Bali,-8.67669678,115.487793,,4,60,4,60,120,8,Baris Riil Transaksi Aktif
2026-05-18,T2,LAUT,1107,Nusa Penida,Bali,-8.67669678,115.487793,,163,8572,161,8352,16924,324,Baris Riil Transaksi Aktif
2026-05-19,T2,LAUT,1107,Nusa Penida,Bali,-8.67669678,115.487793,,4,60,4,60,120,8,Baris Riil Transaksi Aktif
2026-05-19,T2,LAUT,1107,Nusa Penida,Bali,-8.67669678,115.487793,,160,7811,160,7178,14989,320,Baris Riil Transaksi Aktif
2026-05-21,T2,LAUT,1107,Nusa Penida,Bali,-8.67669678,115.487793,,6,66,6,66,132,12,Baris Riil Transaksi Aktif
2026-05-21,T2,LAUT,1107,Nusa Penida,Bali,-8.67669678,115.487793,,157,8187,158,8189,16376,315,Baris Riil Transaksi Aktif
2026-05-22,T2,LAUT,1107,Nusa Penida,Bali,-8.67669678,115.487793,,5,75,5,75,150,10,Baris Riil Transaksi Aktif
2026-05-22,T2,LAUT,1107,Nusa Penida,Bali,-8.67669678,115.487793,,160,8633,158,8843,17476,318,Baris Riil Transaksi Aktif
2026-05-23,T2,LAUT,1107,Nusa Penida,Bali,-8.67669678,115.487793,,4,56,3,41,97,7,Baris Riil Transaksi Aktif
2026-05-23,T2,LAUT,1107,Nusa Penida,Bali,-8.67669678,115.487793,,169,8801,170,9117,17918,339,Baris Riil Transaksi Aktif
2026-05-24,T2,LAUT,1107,Nusa Penida,Bali,-8.67669678,115.487793,,8,128,8,128,256,16,Baris Riil Transaksi Aktif
2026-05-24,T2,LAUT,1107,Nusa Penida,Bali,-8.67669678,115.487793,,164,8801,162,9412,18213,326,Baris Riil Transaksi Aktif
2026-05-25,T2,LAUT,1107,Nusa Penida,Bali,-8.67669678,115.487793,,3,42,4,57,99,7,Baris Riil Transaksi Aktif
2026-05-25,T2,LAUT,1107,Nusa Penida,Bali,-8.67669678,115.487793,,154,8224,153,8581,16805,307,Baris Riil Transaksi Aktif
2026-05-26,T2,LAUT,1107,Nusa Penida,Bali,-8.67669678,115.487793,,5,72,5,72,144,10,Baris Riil Transaksi Aktif
2026-05-26,T2,LAUT,1107,Nusa Penida,Bali,-8.67669678,115.487793,,160,8534,158,8667,17201,318,Baris Riil Transaksi Aktif
2026-05-27,T2,LAUT,1107,Nusa Penida,Bali,-8.67669678,115.487793,,7,100,7,100,200,14,Baris Riil Transaksi Aktif
2026-05-27,T2,LAUT,1107,Nusa Penida,Bali,-8.67669678,115.487793,,169,9382,169,9324,18706,338,Baris Riil Transaksi Aktif
2026-05-28,T2,LAUT,1107,Nusa Penida,Bali,-8.67669678,115.487793,,7,102,7,102,204,14,Baris Riil Transaksi Aktif
2026-05-28,T2,LAUT,1107,Nusa Penida,Bali,-8.67669678,115.487793,,167,9514,165,10149,19663,332,Baris Riil Transaksi Aktif
2026-05-29,T2,LAUT,1107,Nusa Penida,Bali,-8.67669678,115.487793,,9,130,8,114,244,17,Baris Riil Transaksi Aktif
2026-05-29,T2,LAUT,1107,Nusa Penida,Bali,-8.67669678,115.487793,,158,8787,156,8967,17754,314,Baris Riil Transaksi Aktif
2026-05-30,T2,LAUT,1107,Nusa Penida,Bali,-8.67669678,115.487793,,5,72,5,72,144,10,Baris Riil Transaksi Aktif
2026-05-30,T2,LAUT,1107,Nusa Penida,Bali,-8.67669678,115.487793,,168,9557,167,9499,19056,335,Baris Riil Transaksi Aktif
2026-05-31,T2,LAUT,1107,Nusa Penida,Bali,-8.67669678,115.487793,,4,62,4,62,124,8,Baris Riil Transaksi Aktif
2026-05-31,T2,LAUT,1107,Nusa Penida,Bali,-8.67669678,115.487793,,169,10130,168,10645,20775,337,Baris Riil Transaksi Aktif
2026-06-01,T2,LAUT,1107,Nusa Penida,Bali,-8.67669678,115.487793,,5,71,6,87,158,11,Baris Riil Transaksi Aktif
2026-06-01,T2,LAUT,1107,Nusa Penida,Bali,-8.67669678,115.487793,,156,9110,154,9519,18629,310,Baris Riil Transaksi Aktif
2026-06-02,T2,LAUT,1107,Nusa Penida,Bali,-8.67669678,115.487793,,4,69,4,69,138,8,Baris Riil Transaksi Aktif
2026-06-02,T2,LAUT,1107,Nusa Penida,Bali,-8.67669678,115.487793,,158,8859,157,8656,17515,315,Baris Riil Transaksi Aktif
2026-06-03,T2,LAUT,1107,Nusa Penida,Bali,-8.67669678,115.487793,,6,88,6,88,176,12,Baris Riil Transaksi Aktif
2026-06-03,T2,LAUT,1107,Nusa Penida,Bali,-8.67669678,115.487793,,158,9023,158,9079,18102,316,Baris Riil Transaksi Aktif
2026-06-04,T2,LAUT,1107,Nusa Penida,Bali,-8.67669678,115.487793,,6,91,6,91,182,12,Baris Riil Transaksi Aktif
2026-06-04,T2,LAUT,1107,Nusa Penida,Bali,-8.67669678,115.487793,,157,8157,155,8747,16904,312,Baris Riil Transaksi Aktif
2026-06-05,T2,LAUT,1107,Nusa Penida,Bali,-8.67669678,115.487793,,7,99,7,99,198,14,Baris Riil Transaksi Aktif
2026-06-05,T2,LAUT,1107,Nusa Penida,Bali,-8.67669678,115.487793,,164,8409,164,8381,16790,328,Baris Riil Transaksi Aktif
2026-06-06,T2,LAUT,1107,Nusa Penida,Bali,-8.67669678,115.487793,,7,84,7,84,168,14,Baris Riil Transaksi Aktif
2026-06-06,T2,LAUT,1107,Nusa Penida,Bali,-8.67669678,115.487793,,158,8878,156,8517,17395,314,Baris Riil Transaksi Aktif
2026-06-07,T2,LAUT,1107,Nusa Penida,Bali,-8.67669678,115.487793,,4,59,4,59,118,8,Baris Riil Transaksi Aktif
2026-06-07,T2,LAUT,1107,Nusa Penida,Bali,-8.67669678,115.487793,,169,8698,167,9173,17871,336,Baris Riil Transaksi Aktif
2026-06-08,T2,LAUT,1107,Nusa Penida,Bali,-8.67669678,115.487793,,5,75,4,59,134,9,Baris Riil Transaksi Aktif
2026-06-08,T2,LAUT,1107,Nusa Penida,Bali,-8.67669678,115.487793,,164,8626,164,8621,17247,328,Baris Riil Transaksi Aktif
2026-06-09,T2,LAUT,1107,Nusa Penida,Bali,-8.67669678,115.487793,,6,74,5,69,143,11,Baris Riil Transaksi Aktif
2026-06-09,T2,LAUT,1107,Nusa Penida,Bali,-8.67669678,115.487793,,161,8868,160,8669,17537,321,Baris Riil Transaksi Aktif
2026-06-10,T2,LAUT,1107,Nusa Penida,Bali,-8.67669678,115.487793,,5,83,5,83,166,10,Baris Riil Transaksi Aktif
2026-06-10,T2,LAUT,1107,Nusa Penida,Bali,-8.67669678,115.487793,,162,8549,160,8936,17485,322,Baris Riil Transaksi Aktif
2026-06-11,T2,LAUT,1107,Nusa Penida,Bali,-8.67669678,115.487793,,4,67,4,67,134,8,Baris Riil Transaksi Aktif
2026-06-11,T2,LAUT,1107,Nusa Penida,Bali,-8.67669678,115.487793,,165,9081,165,9325,18406,330,Baris Riil Transaksi Aktif
2026-06-12,T2,LAUT,1107,Nusa Penida,Bali,-8.67669678,115.487793,,4,50,6,71,121,10,Baris Riil Transaksi Aktif
2026-06-12,T2,LAUT,1107,Nusa Penida,Bali,-8.67669678,115.487793,,159,9163,154,9123,18286,313,Baris Riil Transaksi Aktif
2026-06-13,T2,LAUT,1107,Nusa Penida,Bali,-8.67669678,115.487793,,5,65,5,65,130,10,Baris Riil Transaksi Aktif
2026-06-13,T2,LAUT,1107,Nusa Penida,Bali,-8.67669678,115.487793,,157,9415,156,9446,18861,313,Baris Riil Transaksi Aktif
2026-06-14,T2,LAUT,1107,Nusa Penida,Bali,-8.67669678,115.487793,,5,79,4,66,145,9,Baris Riil Transaksi Aktif
2026-06-14,T2,LAUT,1107,Nusa Penida,Bali,-8.67669678,115.487793,,164,9150,162,9431,18581,326,Baris Riil Transaksi Aktif
2026-06-15,T2,LAUT,1107,Nusa Penida,Bali,-8.67669678,115.487793,,5,81,6,94,175,11,Baris Riil Transaksi Aktif
2026-06-15,T2,LAUT,1107,Nusa Penida,Bali,-8.67669678,115.487793,,174,10055,172,10541,20596,346,Baris Riil Transaksi Aktif
2026-06-17,T2,LAUT,1107,Nusa Penida,Bali,-8.67669678,115.487793,,7,98,7,98,196,14,Baris Riil Transaksi Aktif
2026-06-17,T2,LAUT,1107,Nusa Penida,Bali,-8.67669678,115.487793,,103,6593,104,6977,13570,207,Baris Riil Transaksi Aktif
2026-06-18,T2,LAUT,1107,Nusa Penida,Bali,-8.67669678,115.487793,,3,30,3,30,60,6,Baris Riil Transaksi Aktif
2026-06-18,T2,LAUT,1107,Nusa Penida,Bali,-8.67669678,115.487793,,191,12654,190,13271,25925,381,Baris Riil Transaksi Aktif
2026-06-19,T2,LAUT,1107,Nusa Penida,Bali,-8.67669678,115.487793,,12,160,10,142,302,22,Baris Riil Transaksi Aktif
2026-06-19,T2,LAUT,1107,Nusa Penida,Bali,-8.67669678,115.487793,,181,11225,180,11921,23146,361,Baris Riil Transaksi Aktif
2026-06-20,T2,LAUT,1107,Nusa Penida,Bali,-8.67669678,115.487793,,10,140,10,140,280,20,Baris Riil Transaksi Aktif
2026-06-20,T2,LAUT,1107,Nusa Penida,Bali,-8.67669678,115.487793,,175,11360,175,11072,22432,350,Baris Riil Transaksi Aktif
2026-06-21,T2,LAUT,1107,Nusa Penida,Bali,-8.67669678,115.487793,,10,126,10,126,252,20,Baris Riil Transaksi Aktif
2026-06-21,T2,LAUT,1107,Nusa Penida,Bali,-8.67669678,115.487793,,169,9766,166,10162,19928,335,Baris Riil Transaksi Aktif
2026-06-22,T2,LAUT,1107,Nusa Penida,Bali,-8.67669678,115.487793,,6,68,6,68,136,12,Baris Riil Transaksi Aktif
2026-06-22,T2,LAUT,1107,Nusa Penida,Bali,-8.67669678,115.487793,,173,10313,173,11087,21400,346,Baris Riil Transaksi Aktif
2026-06-23,T2,LAUT,1107,Nusa Penida,Bali,-8.67669678,115.487793,,7,96,8,99,195,15,Baris Riil Transaksi Aktif
2026-06-23,T2,LAUT,1107,Nusa Penida,Bali,-8.67669678,115.487793,,169,10552,165,10012,20564,334,Baris Riil Transaksi Aktif
2026-06-24,T2,LAUT,1107,Nusa Penida,Bali,-8.67669678,115.487793,,6,69,6,69,138,12,Baris Riil Transaksi Aktif
2026-06-24,T2,LAUT,1107,Nusa Penida,Bali,-8.67669678,115.487793,,175,10260,174,10619,20879,349,Baris Riil Transaksi Aktif
2026-06-25,T2,LAUT,1107,Nusa Penida,Bali,-8.67669678,115.487793,,9,102,9,102,204,18,Baris Riil Transaksi Aktif
2026-06-25,T2,LAUT,1107,Nusa Penida,Bali,-8.67669678,115.487793,,169,10109,168,10387,20496,337,Baris Riil Transaksi Aktif
2026-06-26,T2,LAUT,1107,Nusa Penida,Bali,-8.67669678,115.487793,,9,130,9,130,260,18,Baris Riil Transaksi Aktif
2026-06-26,T2,LAUT,1107,Nusa Penida,Bali,-8.67669678,115.487793,,168,9838,166,9900,19738,334,Baris Riil Transaksi Aktif
2026-06-27,T2,LAUT,1107,Nusa Penida,Bali,-8.67669678,115.487793,,9,100,7,83,183,16,Baris Riil Transaksi Aktif
2026-06-27,T2,LAUT,1107,Nusa Penida,Bali,-8.67669678,115.487793,,138,8380,136,8713,17093,274,Baris Riil Transaksi Aktif
2026-06-28,T2,LAUT,1107,Nusa Penida,Bali,-8.67669678,115.487793,,9,122,11,139,261,20,Baris Riil Transaksi Aktif
2026-06-28,T2,LAUT,1107,Nusa Penida,Bali,-8.67669678,115.487793,,182,12289,181,12844,25133,363,Baris Riil Transaksi Aktif
2026-06-29,T2,LAUT,1107,Nusa Penida,Bali,-8.67669678,115.487793,,10,132,10,132,264,20,Baris Riil Transaksi Aktif
2026-06-29,T2,LAUT,1107,Nusa Penida,Bali,-8.67669678,115.487793,,171,11278,168,11327,22605,339,Baris Riil Transaksi Aktif
2026-06-30,T2,LAUT,1107,Nusa Penida,Bali,-8.67669678,115.487793,,7,93,7,93,186,14,Baris Riil Transaksi Aktif
2026-06-30,T2,LAUT,1107,Nusa Penida,Bali,-8.67669678,115.487793,,162,10175,164,10473,20648,326,Baris Riil Transaksi Aktif
2026-07-01,T2,LAUT,1107,Nusa Penida,Bali,-8.67669678,115.487793,,9,104,8,90,194,17,Baris Riil Transaksi Aktif
2026-07-01,T2,LAUT,1107,Nusa Penida,Bali,-8.67669678,115.487793,,177,10163,174,10573,20736,351,Baris Riil Transaksi Aktif
2026-07-02,T2,LAUT,1107,Nusa Penida,Bali,-8.67669678,115.487793,,7,62,8,76,138,15,Baris Riil Transaksi Aktif
2026-07-02,T2,LAUT,1107,Nusa Penida,Bali,-8.67669678,115.487793,,177,10251,175,10736,20987,352,Baris Riil Transaksi Aktif
2026-07-03,T2,LAUT,1107,Nusa Penida,Bali,-8.67669678,115.487793,,5,66,5,66,132,10,Baris Riil Transaksi Aktif
2026-07-03,T2,LAUT,1107,Nusa Penida,Bali,-8.67669678,115.487793,,177,10713,177,11000,21713,354,Baris Riil Transaksi Aktif
2026-07-04,T2,LAUT,1107,Nusa Penida,Bali,-8.67669678,115.487793,,8,91,8,91,182,16,Baris Riil Transaksi Aktif
2026-07-04,T2,LAUT,1107,Nusa Penida,Bali,-8.67669678,115.487793,,177,10442,176,10733,21175,353,Baris Riil Transaksi Aktif
2026-07-05,T2,LAUT,1107,Nusa Penida,Bali,-8.67669678,115.487793,,2,30,1,16,46,3,Baris Riil Transaksi Aktif
2026-07-05,T2,LAUT,1107,Nusa Penida,Bali,-8.67669678,115.487793,,177,11381,171,11293,22674,348,Baris Riil Transaksi Aktif
2026-07-06,T2,LAUT,1107,Nusa Penida,Bali,-8.67669678,115.487793,,9,114,8,109,223,17,Baris Riil Transaksi Aktif
2026-07-06,T2,LAUT,1107,Nusa Penida,Bali,-8.67669678,115.487793,,177,10918,177,10530,21448,354,Baris Riil Transaksi Aktif
2026-07-07,T2,LAUT,1107,Nusa Penida,Bali,-8.67669678,115.487793,,9,127,11,143,270,20,Baris Riil Transaksi Aktif
2026-07-07,T2,LAUT,1107,Nusa Penida,Bali,-8.67669678,115.487793,,176,10439,174,10824,21263,350,Baris Riil Transaksi Aktif
2026-07-08,T2,LAUT,1107,Nusa Penida,Bali,-8.67669678,115.487793,,9,131,9,131,262,18,Baris Riil Transaksi Aktif
2026-07-08,T2,LAUT,1107,Nusa Penida,Bali,-8.67669678,115.487793,,181,10577,180,11597,22174,361,Baris Riil Transaksi Aktif
2026-07-09,T2,LAUT,1107,Nusa Penida,Bali,-8.67669678,115.487793,,10,145,10,145,290,20,Baris Riil Transaksi Aktif
2026-07-09,T2,LAUT,1107,Nusa Penida,Bali,-8.67669678,115.487793,,170,10489,168,10905,21394,338,Baris Riil Transaksi Aktif
2026-07-10,T2,LAUT,1107,Nusa Penida,Bali,-8.67669678,115.487793,,8,110,8,110,220,16,Baris Riil Transaksi Aktif
2026-07-10,T2,LAUT,1107,Nusa Penida,Bali,-8.67669678,115.487793,,177,11285,177,10865,22150,354,Baris Riil Transaksi Aktif
2026-07-11,T2,LAUT,1107,Nusa Penida,Bali,-8.67669678,115.487793,,7,89,7,89,178,14,Baris Riil Transaksi Aktif
2026-07-11,T2,LAUT,1107,Nusa Penida,Bali,-8.67669678,115.487793,,175,11459,173,12001,23460,348,Baris Riil Transaksi Aktif
2026-07-12,T2,LAUT,1107,Nusa Penida,Bali,-8.67669678,115.487793,,9,125,7,96,221,16,Baris Riil Transaksi Aktif
2026-07-12,T2,LAUT,1107,Nusa Penida,Bali,-8.67669678,115.487793,,170,10366,168,11023,21389,338,Baris Riil Transaksi Aktif
2026-07-13,T2,LAUT,1107,Nusa Penida,Bali,-8.67669678,115.487793,,9,102,11,117,219,20,Baris Riil Transaksi Aktif
2026-07-13,T2,LAUT,1107,Nusa Penida,Bali,-8.67669678,115.487793,,184,10045,183,10324,20369,367,Baris Riil Transaksi Aktif
2026-07-14,T2,LAUT,1107,Nusa Penida,Bali,-8.67669678,115.487793,,8,123,7,107,230,15,Baris Riil Transaksi Aktif
2026-07-14,T2,LAUT,1107,Nusa Penida,Bali,-8.67669678,115.487793,,183,10484,182,10584,21068,365,Baris Riil Transaksi Aktif
2026-07-15,T2,LAUT,1107,Nusa Penida,Bali,-8.67669678,115.487793,,11,152,9,113,265,20,Baris Riil Transaksi Aktif
2026-07-15,T2,LAUT,1107,Nusa Penida,Bali,-8.67669678,115.487793,,172,10143,174,10373,20516,346,Baris Riil Transaksi Aktif
2026-07-16,T2,LAUT,1107,Nusa Penida,Bali,-8.67669678,115.487793,,5,66,6,90,156,11,Baris Riil Transaksi Aktif
2026-07-16,T2,LAUT,1107,Nusa Penida,Bali,-8.67669678,115.487793,,176,10362,173,9991,20353,349,Baris Riil Transaksi Aktif
2026-07-17,T2,LAUT,1107,Nusa Penida,Bali,-8.67669678,115.487793,,9,102,9,102,204,18,Baris Riil Transaksi Aktif
2026-07-17,T2,LAUT,1107,Nusa Penida,Bali,-8.67669678,115.487793,,176,10417,175,10053,20470,351,Baris Riil Transaksi Aktif
2026-07-18,T2,LAUT,1107,Nusa Penida,Bali,-8.67669678,115.487793,,5,58,5,58,116,10,Baris Riil Transaksi Aktif
2026-07-18,T2,LAUT,1107,Nusa Penida,Bali,-8.67669678,115.487793,,181,10525,181,10432,20957,362,Baris Riil Transaksi Aktif
2026-07-19,T2,LAUT,1107,Nusa Penida,Bali,-8.67669678,115.487793,,8,103,8,103,206,16,Baris Riil Transaksi Aktif
2026-07-19,T2,LAUT,1107,Nusa Penida,Bali,-8.67669678,115.487793,,178,10582,173,10831,21413,351,Baris Riil Transaksi Aktif
2026-07-20,T2,LAUT,1107,Nusa Penida,Bali,-8.67669678,115.487793,,7,94,7,94,188,14,Baris Riil Transaksi Aktif
2026-07-20,T2,LAUT,1107,Nusa Penida,Bali,-8.67669678,115.487793,,172,10323,172,10408,20731,344,Baris Riil Transaksi Aktif
2026-07-21,T2,LAUT,1107,Nusa Penida,Bali,-8.67669678,115.487793,,8,103,8,103,206,16,Baris Riil Transaksi Aktif
2026-07-21,T2,LAUT,1107,Nusa Penida,Bali,-8.67669678,115.487793,,181,10813,179,10168,20981,360,Baris Riil Transaksi Aktif
2026-07-22,T2,LAUT,1107,Nusa Penida,Bali,-8.67669678,115.487793,,7,87,7,87,174,14,Baris Riil Transaksi Aktif
2026-07-22,T2,LAUT,1107,Nusa Penida,Bali,-8.67669678,115.487793,,177,10109,175,10088,20197,352,Baris Riil Transaksi Aktif
2026-07-23,T2,LAUT,1107,Nusa Penida,Bali,-8.67669678,115.487793,,6,80,6,80,160,12,Baris Riil Transaksi Aktif
2026-07-23,T2,LAUT,1107,Nusa Penida,Bali,-8.67669678,115.487793,,173,10921,175,11195,22116,348,Baris Riil Transaksi Aktif
2026-07-24,T2,LAUT,1107,Nusa Penida,Bali,-8.67669678,115.487793,,38,1334,35,1250,2584,73,Baris Riil Transaksi Aktif
2026-07-24,T2,LAUT,1107,Nusa Penida,Bali,-8.67669678,115.487793,,58,3916,43,2101,6017,101,Baris Riil Transaksi Aktif
2026-07-25,T2,LAUT,1107,Nusa Penida,Bali,-8.67669678,115.487793,,6,78,6,78,156,12,Baris Riil Transaksi Aktif
2026-07-25,T2,LAUT,1107,Nusa Penida,Bali,-8.67669678,115.487793,,183,11087,183,11860,22947,366,Baris Riil Transaksi Aktif
2026-07-26,T2,LAUT,1107,Nusa Penida,Bali,-8.67669678,115.487793,,5,72,5,72,144,10,Baris Riil Transaksi Aktif
2026-07-26,T2,LAUT,1107,Nusa Penida,Bali,-8.67669678,115.487793,,189,11245,187,11512,22757,376,Baris Riil Transaksi Aktif
2026-07-27,T2,LAUT,1107,Nusa Penida,Bali,-8.67669678,115.487793,,7,88,7,88,176,14,Baris Riil Transaksi Aktif
2026-07-27,T2,LAUT,1107,Nusa Penida,Bali,-8.67669678,115.487793,,179,10768,177,10593,21361,356,Baris Riil Transaksi Aktif
2026-07-28,T2,LAUT,1107,Nusa Penida,Bali,-8.67669678,115.487793,,7,103,7,103,206,14,Baris Riil Transaksi Aktif
2026-07-28,T2,LAUT,1107,Nusa Penida,Bali,-8.67669678,115.487793,,180,10171,177,10213,20384,357,Baris Riil Transaksi Aktif
2026-07-29,T2,LAUT,1107,Nusa Penida,Bali,-8.67669678,115.487793,,5,61,5,61,122,10,Baris Riil Transaksi Aktif
2026-07-29,T2,LAUT,1107,Nusa Penida,Bali,-8.67669678,115.487793,,179,10606,176,10274,20880,355,Baris Riil Transaksi Aktif
2026-07-30,T2,LAUT,1107,Nusa Penida,Bali,-8.67669678,115.487793,,4,59,6,184,243,10,Baris Riil Transaksi Aktif
2026-07-30,T2,LAUT,1107,Nusa Penida,Bali,-8.67669678,115.487793,,176,11077,178,10912,21989,354,Baris Riil Transaksi Aktif
2026-07-31,T2,LAUT,1107,Nusa Penida,Bali,-8.67669678,115.487793,,4,61,4,61,122,8,Baris Riil Transaksi Aktif
2026-07-31,T2,LAUT,1107,Nusa Penida,Bali,-8.67669678,115.487793,,187,11683,186,11130,22813,373,Baris Riil Transaksi Aktif
2026-08-01,T2,LAUT,1107,Nusa Penida,Bali,-8.67669678,115.487793,,6,60,6,60,120,12,Baris Riil Transaksi Aktif
2026-08-01,T2,LAUT,1107,Nusa Penida,Bali,-8.67669678,115.487793,,181,10871,182,10871,21742,363,Baris Riil Transaksi Aktif
2026-08-02,T2,LAUT,1107,Nusa Penida,Bali,-8.67669678,115.487793,,10,118,10,118,236,20,Baris Riil Transaksi Aktif
2026-08-02,T2,LAUT,1107,Nusa Penida,Bali,-8.67669678,115.487793,,185,10993,181,11729,22722,366,Baris Riil Transaksi Aktif
2026-08-03,T2,LAUT,1107,Nusa Penida,Bali,-8.67669678,115.487793,,7,102,7,102,204,14,Baris Riil Transaksi Aktif
2026-08-03,T2,LAUT,1107,Nusa Penida,Bali,-8.67669678,115.487793,,187,10830,187,11294,22124,374,Baris Riil Transaksi Aktif
2026-08-04,T2,LAUT,1107,Nusa Penida,Bali,-8.67669678,115.487793,,7,91,7,91,182,14,Baris Riil Transaksi Aktif
2026-08-04,T2,LAUT,1107,Nusa Penida,Bali,-8.67669678,115.487793,,186,11444,185,11088,22532,371,Baris Riil Transaksi Aktif
2026-08-05,T2,LAUT,1107,Nusa Penida,Bali,-8.67669678,115.487793,,4,57,4,57,114,8,Baris Riil Transaksi Aktif
2026-08-05,T2,LAUT,1107,Nusa Penida,Bali,-8.67669678,115.487793,,189,10874,188,11366,22240,377,Baris Riil Transaksi Aktif
2026-08-06,T2,LAUT,1107,Nusa Penida,Bali,-8.67669678,115.487793,,4,31,4,31,62,8,Baris Riil Transaksi Aktif
2026-08-06,T2,LAUT,1107,Nusa Penida,Bali,-8.67669678,115.487793,,188,11573,186,12244,23817,374,Baris Riil Transaksi Aktif
2026-08-08,T2,LAUT,1107,Nusa Penida,Bali,-8.67669678,115.487793,,8,82,5,48,130,13,Baris Riil Transaksi Aktif
2026-08-08,T2,LAUT,1107,Nusa Penida,Bali,-8.67669678,115.487793,,197,12640,196,13077,25717,393,Baris Riil Transaksi Aktif
2026-08-09,T2,LAUT,1107,Nusa Penida,Bali,-8.67669678,115.487793,,9,115,11,146,261,20,Baris Riil Transaksi Aktif
2026-08-09,T2,LAUT,1107,Nusa Penida,Bali,-8.67669678,115.487793,,192,12362,189,12491,24853,381,Baris Riil Transaksi Aktif
2026-08-10,T2,LAUT,1107,Nusa Penida,Bali,-8.67669678,115.487793,,10,130,9,114,244,19,Baris Riil Transaksi Aktif
2026-08-10,T2,LAUT,1107,Nusa Penida,Bali,-8.67669678,115.487793,,190,11722,186,11283,23005,376,Baris Riil Transaksi Aktif
2026-08-11,T2,LAUT,1107,Nusa Penida,Bali,-8.67669678,115.487793,,9,123,9,124,247,18,Baris Riil Transaksi Aktif
2026-08-11,T2,LAUT,1107,Nusa Penida,Bali,-8.67669678,115.487793,,176,11199,173,10935,22134,349,Baris Riil Transaksi Aktif
2026-08-12,T2,LAUT,1107,Nusa Penida,Bali,-8.67669678,115.487793,,5,56,5,56,112,10,Baris Riil Transaksi Aktif
2026-08-12,T2,LAUT,1107,Nusa Penida,Bali,-8.67669678,115.487793,,172,10613,173,11303,21916,345,Baris Riil Transaksi Aktif
2026-08-13,T2,LAUT,1107,Nusa Penida,Bali,-8.67669678,115.487793,,6,51,5,38,89,11,Baris Riil Transaksi Aktif
2026-08-13,T2,LAUT,1107,Nusa Penida,Bali,-8.67669678,115.487793,,192,11864,189,11839,23703,381,Baris Riil Transaksi Aktif
2026-08-14,T2,LAUT,1107,Nusa Penida,Bali,-8.67669678,115.487793,,8,92,8,92,184,16,Baris Riil Transaksi Aktif
2026-08-14,T2,LAUT,1107,Nusa Penida,Bali,-8.67669678,115.487793,,181,11226,184,10636,21862,365,Baris Riil Transaksi Aktif
2026-08-15,T2,LAUT,1107,Nusa Penida,Bali,-8.67669678,115.487793,,8,99,8,99,198,16,Baris Riil Transaksi Aktif
2026-08-15,T2,LAUT,1107,Nusa Penida,Bali,-8.67669678,115.487793,,195,12192,196,11970,24162,391,Baris Riil Transaksi Aktif
2026-08-16,T2,LAUT,1107,Nusa Penida,Bali,-8.67669678,115.487793,,12,138,8,87,225,20,Baris Riil Transaksi Aktif
2026-08-16,T2,LAUT,1107,Nusa Penida,Bali,-8.67669678,115.487793,,201,13080,201,13172,26252,402,Baris Riil Transaksi Aktif
2026-08-17,T2,LAUT,1107,Nusa Penida,Bali,-8.67669678,115.487793,,2,19,2,19,38,4,Baris Riil Transaksi Aktif
2026-08-17,T2,LAUT,1107,Nusa Penida,Bali,-8.67669678,115.487793,,196,12016,195,12288,24304,391,Baris Riil Transaksi Aktif
2026-08-18,T2,LAUT,1107,Nusa Penida,Bali,-8.67669678,115.487793,,6,89,6,89,178,12,Baris Riil Transaksi Aktif
2026-08-18,T2,LAUT,1107,Nusa Penida,Bali,-8.67669678,115.487793,,184,12765,180,12422,25187,364,Baris Riil Transaksi Aktif
2026-08-19,T2,LAUT,1107,Nusa Penida,Bali,-8.67669678,115.487793,,5,47,5,47,94,10,Baris Riil Transaksi Aktif
2026-08-19,T2,LAUT,1107,Nusa Penida,Bali,-8.67669678,115.487793,,197,12058,199,12127,24185,396,Baris Riil Transaksi Aktif
2026-08-20,T2,LAUT,1107,Nusa Penida,Bali,-8.67669678,115.487793,,7,90,7,90,180,14,Baris Riil Transaksi Aktif
2026-08-20,T2,LAUT,1107,Nusa Penida,Bali,-8.67669678,115.487793,,184,11211,182,11146,22357,366,Baris Riil Transaksi Aktif
2026-08-21,T2,LAUT,1107,Nusa Penida,Bali,-8.67669678,115.487793,,8,99,8,99,198,16,Baris Riil Transaksi Aktif
2026-08-21,T2,LAUT,1107,Nusa Penida,Bali,-8.67669678,115.487793,,184,11373,180,11392,22765,364,Baris Riil Transaksi Aktif
2026-08-22,T2,LAUT,1107,Nusa Penida,Bali,-8.67669678,115.487793,,4,48,3,33,81,7,Baris Riil Transaksi Aktif
2026-08-22,T2,LAUT,1107,Nusa Penida,Bali,-8.67669678,115.487793,,184,11668,183,11962,23630,367,Baris Riil Transaksi Aktif
2026-08-23,T2,LAUT,1107,Nusa Penida,Bali,-8.67669678,115.487793,,4,54,5,69,123,9,Baris Riil Transaksi Aktif
2026-08-23,T2,LAUT,1107,Nusa Penida,Bali,-8.67669678,115.487793,,189,11402,188,12335,23737,377,Baris Riil Transaksi Aktif
2026-08-24,T2,LAUT,1107,Nusa Penida,Bali,-8.67669678,115.487793,,5,70,5,70,140,10,Baris Riil Transaksi Aktif
2026-08-24,T2,LAUT,1107,Nusa Penida,Bali,-8.67669678,115.487793,,187,15897,185,11527,27424,372,Baris Riil Transaksi Aktif
2026-08-25,T2,LAUT,1107,Nusa Penida,Bali,-8.67669678,115.487793,,7,122,6,98,220,13,Baris Riil Transaksi Aktif
2026-08-25,T2,LAUT,1107,Nusa Penida,Bali,-8.67669678,115.487793,,181,11567,184,12320,23887,365,Baris Riil Transaksi Aktif
2026-08-26,T2,LAUT,1107,Nusa Penida,Bali,-8.67669678,115.487793,,6,64,5,49,113,11,Baris Riil Transaksi Aktif
2026-08-26,T2,LAUT,1107,Nusa Penida,Bali,-8.67669678,115.487793,,179,11005,174,11212,22217,353,Baris Riil Transaksi Aktif
2026-08-27,T2,LAUT,1107,Nusa Penida,Bali,-8.67669678,115.487793,,8,84,8,84,168,16,Baris Riil Transaksi Aktif
2026-08-27,T2,LAUT,1107,Nusa Penida,Bali,-8.67669678,115.487793,,181,11079,180,11336,22415,361,Baris Riil Transaksi Aktif
2026-08-28,T2,LAUT,1107,Nusa Penida,Bali,-8.67669678,115.487793,,5,47,5,47,94,10,Baris Riil Transaksi Aktif
2026-08-28,T2,LAUT,1107,Nusa Penida,Bali,-8.67669678,115.487793,,185,10895,186,11316,22211,371,Baris Riil Transaksi Aktif
2026-08-29,T2,LAUT,1107,Nusa Penida,Bali,-8.67669678,115.487793,,6,60,5,45,105,11,Baris Riil Transaksi Aktif
2026-08-29,T2,LAUT,1107,Nusa Penida,Bali,-8.67669678,115.487793,,171,10676,170,10885,21561,341,Baris Riil Transaksi Aktif
2026-08-30,T2,LAUT,1107,Nusa Penida,Bali,-8.67669678,115.487793,,5,64,5,64,128,10,Baris Riil Transaksi Aktif
2026-08-30,T2,LAUT,1107,Nusa Penida,Bali,-8.67669678,115.487793,,173,9820,171,9975,19795,344,Baris Riil Transaksi Aktif
2026-08-31,T2,LAUT,1107,Nusa Penida,Bali,-8.67669678,115.487793,,7,95,7,95,190,14,Baris Riil Transaksi Aktif
2026-08-31,T2,LAUT,1107,Nusa Penida,Bali,-8.67669678,115.487793,,184,10231,182,9749,19980,366,Baris Riil Transaksi Aktif
2026-09-01,T3,LAUT,1107,Nusa Penida,Bali,-8.67669678,115.487793,,10,127,9,112,239,19,Baris Riil Transaksi Aktif
2026-09-01,T3,LAUT,1107,Nusa Penida,Bali,-8.67669678,115.487793,,168,10658,169,9538,20196,337,Baris Riil Transaksi Aktif
2026-09-02,T3,LAUT,1107,Nusa Penida,Bali,-8.67669678,115.487793,,8,101,8,101,202,16,Baris Riil Transaksi Aktif
2026-09-02,T3,LAUT,1107,Nusa Penida,Bali,-8.67669678,115.487793,,172,9349,167,9190,18539,339,Baris Riil Transaksi Aktif
2026-09-03,T3,LAUT,1107,Nusa Penida,Bali,-8.67669678,115.487793,,6,92,5,76,168,11,Baris Riil Transaksi Aktif
2026-09-03,T3,LAUT,1107,Nusa Penida,Bali,-8.67669678,115.487793,,166,9406,166,9755,19161,332,Baris Riil Transaksi Aktif
2026-09-04,T3,LAUT,1107,Nusa Penida,Bali,-8.67669678,115.487793,,8,118,7,103,221,15,Baris Riil Transaksi Aktif
2026-09-04,T3,LAUT,1107,Nusa Penida,Bali,-8.67669678,115.487793,,163,9197,164,9693,18890,327,Baris Riil Transaksi Aktif
2026-09-05,T3,LAUT,1107,Nusa Penida,Bali,-8.67669678,115.487793,,7,92,7,92,184,14,Baris Riil Transaksi Aktif
2026-09-05,T3,LAUT,1107,Nusa Penida,Bali,-8.67669678,115.487793,,172,9961,170,9832,19793,342,Baris Riil Transaksi Aktif
2026-09-06,T3,LAUT,1107,Nusa Penida,Bali,-8.67669678,115.487793,,7,103,6,90,193,13,Baris Riil Transaksi Aktif
2026-09-06,T3,LAUT,1107,Nusa Penida,Bali,-8.67669678,115.487793,,165,9545,162,9748,19293,327,Baris Riil Transaksi Aktif
2026-09-07,T3,LAUT,1107,Nusa Penida,Bali,-8.67669678,115.487793,,7,100,7,100,200,14,Baris Riil Transaksi Aktif
2026-09-07,T3,LAUT,1107,Nusa Penida,Bali,-8.67669678,115.487793,,168,9112,168,8953,18065,336,Baris Riil Transaksi Aktif
2026-09-08,T3,LAUT,1107,Nusa Penida,Bali,-8.67669678,115.487793,,4,61,4,61,122,8,Baris Riil Transaksi Aktif
2026-09-08,T3,LAUT,1107,Nusa Penida,Bali,-8.67669678,115.487793,,167,9110,166,9440,18550,333,Baris Riil Transaksi Aktif
2026-09-09,T3,LAUT,1107,Nusa Penida,Bali,-8.67669678,115.487793,,5,77,5,77,154,10,Baris Riil Transaksi Aktif
2026-09-09,T3,LAUT,1107,Nusa Penida,Bali,-8.67669678,115.487793,,171,9038,172,9191,18229,343,Baris Riil Transaksi Aktif
2026-09-10,T3,LAUT,1107,Nusa Penida,Bali,-8.67669678,115.487793,,7,108,7,108,216,14,Baris Riil Transaksi Aktif
2026-09-10,T3,LAUT,1107,Nusa Penida,Bali,-8.67669678,115.487793,,168,8736,169,9407,18143,337,Baris Riil Transaksi Aktif
2026-09-11,T3,LAUT,1107,Nusa Penida,Bali,-8.67669678,115.487793,,8,103,8,103,206,16,Baris Riil Transaksi Aktif
2026-09-11,T3,LAUT,1107,Nusa Penida,Bali,-8.67669678,115.487793,,165,9783,162,9467,19250,327,Baris Riil Transaksi Aktif
2026-09-12,T3,LAUT,1107,Nusa Penida,Bali,-8.67669678,115.487793,,6,83,6,83,166,12,Baris Riil Transaksi Aktif
2026-09-12,T3,LAUT,1107,Nusa Penida,Bali,-8.67669678,115.487793,,171,9885,170,10206,20091,341,Baris Riil Transaksi Aktif
2026-09-13,T3,LAUT,1107,Nusa Penida,Bali,-8.67669678,115.487793,,7,92,6,78,170,13,Baris Riil Transaksi Aktif
2026-09-13,T3,LAUT,1107,Nusa Penida,Bali,-8.67669678,115.487793,,162,9871,161,10658,20529,323,Baris Riil Transaksi Aktif
2026-09-14,T3,LAUT,1107,Nusa Penida,Bali,-8.67669678,115.487793,,2,39,3,53,92,5,Baris Riil Transaksi Aktif
2026-09-14,T3,LAUT,1107,Nusa Penida,Bali,-8.67669678,115.487793,,160,10074,159,10270,20344,319,Baris Riil Transaksi Aktif
2026-09-15,T3,LAUT,1107,Nusa Penida,Bali,-8.67669678,115.487793,,5,65,5,65,130,10,Baris Riil Transaksi Aktif
2026-09-15,T3,LAUT,1107,Nusa Penida,Bali,-8.67669678,115.487793,,171,10543,171,11164,21707,342,Baris Riil Transaksi Aktif
2026-09-16,T3,LAUT,1107,Nusa Penida,Bali,-8.67669678,115.487793,,5,84,5,84,168,10,Baris Riil Transaksi Aktif
2026-09-16,T3,LAUT,1107,Nusa Penida,Bali,-8.67669678,115.487793,,173,10082,173,11487,21569,346,Baris Riil Transaksi Aktif
2026-09-17,T3,LAUT,1107,Nusa Penida,Bali,-8.67669678,115.487793,,7,80,6,74,154,13,Baris Riil Transaksi Aktif
2026-09-17,T3,LAUT,1107,Nusa Penida,Bali,-8.67669678,115.487793,,180,10844,179,11384,22228,359,Baris Riil Transaksi Aktif
2026-09-18,T3,LAUT,1107,Nusa Penida,Bali,-8.67669678,115.487793,,10,128,9,114,242,19,Baris Riil Transaksi Aktif
2026-09-18,T3,LAUT,1107,Nusa Penida,Bali,-8.67669678,115.487793,,167,10112,167,9774,19886,334,Baris Riil Transaksi Aktif
2026-09-19,T3,LAUT,1107,Nusa Penida,Bali,-8.67669678,115.487793,,4,56,3,41,97,7,Baris Riil Transaksi Aktif
2026-09-19,T3,LAUT,1107,Nusa Penida,Bali,-8.67669678,115.487793,,178,10067,177,10459,20526,355,Baris Riil Transaksi Aktif
2026-09-20,T3,LAUT,1107,Nusa Penida,Bali,-8.67669678,115.487793,,6,78,8,99,177,14,Baris Riil Transaksi Aktif
2026-09-20,T3,LAUT,1107,Nusa Penida,Bali,-8.67669678,115.487793,,174,10530,172,10901,21431,346,Baris Riil Transaksi Aktif
2026-09-21,T3,LAUT,1107,Nusa Penida,Bali,-8.67669678,115.487793,,4,59,4,59,118,8,Baris Riil Transaksi Aktif
2026-09-21,T3,LAUT,1107,Nusa Penida,Bali,-8.67669678,115.487793,,175,9808,174,10070,19878,349,Baris Riil Transaksi Aktif
2026-09-22,T3,LAUT,1107,Nusa Penida,Bali,-8.67669678,115.487793,,5,80,5,80,160,10,Baris Riil Transaksi Aktif
2026-09-22,T3,LAUT,1107,Nusa Penida,Bali,-8.67669678,115.487793,,167,9304,166,9274,18578,333,Baris Riil Transaksi Aktif
2026-09-23,T3,LAUT,1107,Nusa Penida,Bali,-8.67669678,115.487793,,8,112,8,97,209,16,Baris Riil Transaksi Aktif
2026-09-23,T3,LAUT,1107,Nusa Penida,Bali,-8.67669678,115.487793,,167,8918,167,9546,18464,334,Baris Riil Transaksi Aktif
2026-09-24,T3,LAUT,1107,Nusa Penida,Bali,-8.67669678,115.487793,,6,83,6,83,166,12,Baris Riil Transaksi Aktif
2026-09-24,T3,LAUT,1107,Nusa Penida,Bali,-8.67669678,115.487793,,173,9573,171,9762,19335,344,Baris Riil Transaksi Aktif
2026-09-25,T3,LAUT,1107,Nusa Penida,Bali,-8.67669678,115.487793,,7,104,7,104,208,14,Baris Riil Transaksi Aktif
2026-09-25,T3,LAUT,1107,Nusa Penida,Bali,-8.67669678,115.487793,,161,9920,163,9787,19707,324,Baris Riil Transaksi Aktif
2026-01-01,T1,LAUT,251,Pagimana,Sulawesi Tengah,-0.793655728,122.6541655,,0,0,0,0,0,0,Baris Dummy Nol Sistem
2026-01-01,T1,LAUT,251,Pagimana,Sulawesi Tengah,-0.793655728,122.6541655,,1,0,1,197,197,2,Baris Riil Transaksi Aktif
2026-03-14,T1,LAUT,251,Pagimana,Sulawesi Tengah,-0.793655728,122.6541655,,0,0,0,0,0,0,Baris Dummy Nol Sistem
2026-03-14,T1,LAUT,251,Pagimana,Sulawesi Tengah,-0.793655728,122.6541655,,3,7,2,19,26,5,Baris Riil Transaksi Aktif
2026-01-01,T1,LAUT,18,Pangkal Balam,Kepulauan Bangka Belitung,-2.098333,106.130556,,0,0,0,0,0,0,Baris Dummy Nol Sistem
2026-01-01,T1,LAUT,18,Pangkal Balam,Kepulauan Bangka Belitung,-2.098333,106.130556,,1,0,1,101,101,2,Baris Riil Transaksi Aktif
2026-01-04,T1,LAUT,18,Pangkal Balam,Kepulauan Bangka Belitung,-2.098333,106.130556,,0,0,0,0,0,0,Baris Dummy Nol Sistem
2026-01-04,T1,LAUT,18,Pangkal Balam,Kepulauan Bangka Belitung,-2.098333,106.130556,,2,248,1,192,440,3,Baris Riil Transaksi Aktif
2026-03-07,T1,LAUT,18,Pangkal Balam,Kepulauan Bangka Belitung,-2.098333,106.130556,,0,0,0,0,0,0,Baris Dummy Nol Sistem
2026-03-07,T1,LAUT,18,Pangkal Balam,Kepulauan Bangka Belitung,-2.098333,106.130556,,2,41,1,177,218,3,Baris Riil Transaksi Aktif
2026-03-08,T1,LAUT,18,Pangkal Balam,Kepulauan Bangka Belitung,-2.098333,106.130556,,0,0,0,0,0,0,Baris Dummy Nol Sistem
2026-03-08,T1,LAUT,18,Pangkal Balam,Kepulauan Bangka Belitung,-2.098333,106.130556,,1,0,1,187,187,2,Baris Riil Transaksi Aktif
2026-03-10,T1,LAUT,18,Pangkal Balam,Kepulauan Bangka Belitung,-2.098333,106.130556,,0,0,0,0,0,0,Baris Dummy Nol Sistem
2026-03-10,T1,LAUT,18,Pangkal Balam,Kepulauan Bangka Belitung,-2.098333,106.130556,,1,0,1,328,328,2,Baris Riil Transaksi Aktif
2026-03-19,T1,LAUT,18,Pangkal Balam,Kepulauan Bangka Belitung,-2.098333,106.130556,,0,0,0,0,0,0,Baris Dummy Nol Sistem
2026-03-19,T1,LAUT,18,Pangkal Balam,Kepulauan Bangka Belitung,-2.098333,106.130556,,3,451,2,351,802,5,Baris Riil Transaksi Aktif
2026-03-20,T1,LAUT,18,Pangkal Balam,Kepulauan Bangka Belitung,-2.098333,106.130556,,0,0,0,0,0,0,Baris Dummy Nol Sistem
2026-03-20,T1,LAUT,18,Pangkal Balam,Kepulauan Bangka Belitung,-2.098333,106.130556,,1,28,0,0,28,1,Baris Riil Transaksi Aktif
2026-01-01,T1,LAUT,1151,Panjang,Lampung,-5.464864247,105.3198414,,1,0,0,0,0,1,Baris Riil Transaksi Aktif
2026-01-01,T1,LAUT,1151,Panjang,Lampung,-5.464864247,105.3198414,,1,88,0,0,88,1,Baris Riil Transaksi Aktif
2026-01-02,T1,LAUT,1151,Panjang,Lampung,-5.464864247,105.3198414,,2,0,1,0,0,3,Baris Riil Transaksi Aktif
2026-01-02,T1,LAUT,1151,Panjang,Lampung,-5.464864247,105.3198414,,0,0,1,33,33,1,Baris Riil Transaksi Aktif
2026-01-03,T1,LAUT,1151,Panjang,Lampung,-5.464864247,105.3198414,,2,0,1,0,0,3,Baris Riil Transaksi Aktif
2026-01-03,T1,LAUT,1151,Panjang,Lampung,-5.464864247,105.3198414,,1,65,0,0,65,1,Baris Riil Transaksi Aktif
2026-01-04,T1,LAUT,1151,Panjang,Lampung,-5.464864247,105.3198414,,2,0,1,0,0,3,Baris Riil Transaksi Aktif
2026-01-04,T1,LAUT,1151,Panjang,Lampung,-5.464864247,105.3198414,,0,0,1,173,173,1,Baris Riil Transaksi Aktif
2026-01-05,T1,LAUT,1151,Panjang,Lampung,-5.464864247,105.3198414,,2,0,1,0,0,3,Baris Riil Transaksi Aktif
2026-01-05,T1,LAUT,1151,Panjang,Lampung,-5.464864247,105.3198414,,2,174,0,0,174,2,Baris Riil Transaksi Aktif
2026-03-16,T1,LAUT,1151,Panjang,Lampung,-5.464864247,105.3198414,,2,0,0,0,0,2,Baris Riil Transaksi Aktif
2026-03-16,T1,LAUT,1151,Panjang,Lampung,-5.464864247,105.3198414,,1,137,0,0,137,1,Baris Riil Transaksi Aktif
2026-03-17,T1,LAUT,1151,Panjang,Lampung,-5.464864247,105.3198414,,2,0,1,0,0,3,Baris Riil Transaksi Aktif
2026-03-17,T1,LAUT,1151,Panjang,Lampung,-5.464864247,105.3198414,,1,156,1,0,156,2,Baris Riil Transaksi Aktif
2026-03-19,T1,LAUT,1151,Panjang,Lampung,-5.464864247,105.3198414,,1,0,0,0,0,1,Baris Riil Transaksi Aktif
2026-03-19,T1,LAUT,1151,Panjang,Lampung,-5.464864247,105.3198414,,1,134,1,0,134,2,Baris Riil Transaksi Aktif
2026-01-02,T1,LAUT,35,Parepare,Sulawesi Selatan,-4.014167,119.62,,0,0,0,0,0,0,Baris Dummy Nol Sistem
2026-01-02,T1,LAUT,35,Parepare,Sulawesi Selatan,-4.014167,119.62,,3,926,3,1339,2265,6,Baris Riil Transaksi Aktif
2026-01-04,T1,LAUT,35,Parepare,Sulawesi Selatan,-4.014167,119.62,,0,0,0,0,0,0,Baris Dummy Nol Sistem
2026-01-04,T1,LAUT,35,Parepare,Sulawesi Selatan,-4.014167,119.62,,2,526,2,1877,2403,4,Baris Riil Transaksi Aktif
2026-03-13,T1,LAUT,35,Parepare,Sulawesi Selatan,-4.014167,119.62,,0,0,0,0,0,0,Baris Dummy Nol Sistem
2026-03-13,T1,LAUT,35,Parepare,Sulawesi Selatan,-4.014167,119.62,,7,6750,2,210,6960,9,Baris Riil Transaksi Aktif
2026-03-14,T1,LAUT,35,Parepare,Sulawesi Selatan,-4.014167,119.62,,0,0,0,0,0,0,Baris Dummy Nol Sistem
2026-03-14,T1,LAUT,35,Parepare,Sulawesi Selatan,-4.014167,119.62,,4,1996,5,1486,3482,9,Baris Riil Transaksi Aktif
2026-03-15,T1,LAUT,35,Parepare,Sulawesi Selatan,-4.014167,119.62,,0,0,0,0,0,0,Baris Dummy Nol Sistem
2026-03-15,T1,LAUT,35,Parepare,Sulawesi Selatan,-4.014167,119.62,,2,875,4,924,1799,6,Baris Riil Transaksi Aktif
2026-03-16,T1,LAUT,35,Parepare,Sulawesi Selatan,-4.014167,119.62,,0,0,0,0,0,0,Baris Dummy Nol Sistem
2026-03-16,T1,LAUT,35,Parepare,Sulawesi Selatan,-4.014167,119.62,,4,3702,1,37,3739,5,Baris Riil Transaksi Aktif
2026-03-17,T1,LAUT,35,Parepare,Sulawesi Selatan,-4.014167,119.62,,0,0,0,0,0,0,Baris Dummy Nol Sistem
2026-03-17,T1,LAUT,35,Parepare,Sulawesi Selatan,-4.014167,119.62,,3,1511,3,462,1973,6,Baris Riil Transaksi Aktif
2026-03-21,T1,LAUT,35,Parepare,Sulawesi Selatan,-4.014167,119.62,,0,0,0,0,0,0,Baris Dummy Nol Sistem
2026-03-21,T1,LAUT,35,Parepare,Sulawesi Selatan,-4.014167,119.62,,1,290,0,0,290,1,Baris Riil Transaksi Aktif
2026-03-22,T1,LAUT,35,Parepare,Sulawesi Selatan,-4.014167,119.62,,0,0,0,0,0,0,Baris Dummy Nol Sistem
2026-03-22,T1,LAUT,35,Parepare,Sulawesi Selatan,-4.014167,119.62,,2,34,1,699,733,3,Baris Riil Transaksi Aktif
2026-03-23,T1,LAUT,35,Parepare,Sulawesi Selatan,-4.014167,119.62,,0,0,0,0,0,0,Baris Dummy Nol Sistem
2026-03-23,T1,LAUT,35,Parepare,Sulawesi Selatan,-4.014167,119.62,,2,90,1,706,796,3,Baris Riil Transaksi Aktif
2026-03-07,T1,LAUT,4,Pekanbaru,Riau,0.539444,101.443611,,0,0,0,0,0,0,Baris Dummy Nol Sistem
2026-03-07,T1,LAUT,4,Pekanbaru,Riau,0.539444,101.443611,,2,80,1,100,180,3,Baris Riil Transaksi Aktif
2026-03-19,T1,LAUT,4,Pekanbaru,Riau,0.539444,101.443611,,0,0,0,0,0,0,Baris Dummy Nol Sistem
2026-03-19,T1,LAUT,4,Pekanbaru,Riau,0.539444,101.443611,,2,168,1,178,346,3,Baris Riil Transaksi Aktif
2026-03-14,T1,LAUT,1215,Pomalaa,Sulawesi Tenggara,-4.176216187,121.604588,,0,0,0,0,0,0,Baris Dummy Nol Sistem
2026-03-14,T1,LAUT,1215,Pomalaa,Sulawesi Tenggara,-4.176216187,121.604588,,1,5,0,0,5,1,Baris Riil Transaksi Aktif
2026-01-03,T1,LAUT,26,Pontianak,Kalimantan Barat,-0.018056,109.335,,0,0,0,0,0,0,Baris Dummy Nol Sistem
2026-01-03,T1,LAUT,26,Pontianak,Kalimantan Barat,-0.018056,109.335,,2,0,2,31,31,4,Baris Riil Transaksi Aktif
2026-01-05,T1,LAUT,26,Pontianak,Kalimantan Barat,-0.018056,109.335,,0,0,0,0,0,0,Baris Dummy Nol Sistem
2026-01-05,T1,LAUT,26,Pontianak,Kalimantan Barat,-0.018056,109.335,,1,0,2,437,437,3,Baris Riil Transaksi Aktif
2026-01-06,T1,LAUT,26,Pontianak,Kalimantan Barat,-0.018056,109.335,,0,0,0,0,0,0,Baris Dummy Nol Sistem
2026-01-06,T1,LAUT,26,Pontianak,Kalimantan Barat,-0.018056,109.335,,3,50,1,0,50,4,Baris Riil Transaksi Aktif
2026-03-08,T1,LAUT,26,Pontianak,Kalimantan Barat,-0.018056,109.335,,1,649,0,0,649,1,Baris Riil Transaksi Aktif
2026-03-08,T1,LAUT,26,Pontianak,Kalimantan Barat,-0.018056,109.335,,3,965,2,1181,2146,5,Baris Riil Transaksi Aktif
2026-03-10,T1,LAUT,26,Pontianak,Kalimantan Barat,-0.018056,109.335,,0,0,0,0,0,0,Baris Dummy Nol Sistem
2026-03-10,T1,LAUT,26,Pontianak,Kalimantan Barat,-0.018056,109.335,,3,55,2,214,269,5,Baris Riil Transaksi Aktif
2026-03-11,T1,LAUT,26,Pontianak,Kalimantan Barat,-0.018056,109.335,,0,0,0,0,0,0,Baris Dummy Nol Sistem
2026-03-11,T1,LAUT,26,Pontianak,Kalimantan Barat,-0.018056,109.335,,3,0,1,30,30,4,Baris Riil Transaksi Aktif
2026-03-12,T1,LAUT,26,Pontianak,Kalimantan Barat,-0.018056,109.335,,0,0,0,0,0,0,Baris Dummy Nol Sistem
2026-03-12,T1,LAUT,26,Pontianak,Kalimantan Barat,-0.018056,109.335,,3,1400,0,0,1400,3,Baris Riil Transaksi Aktif
2026-03-13,T1,LAUT,26,Pontianak,Kalimantan Barat,-0.018056,109.335,,0,0,0,0,0,0,Baris Dummy Nol Sistem
2026-03-13,T1,LAUT,26,Pontianak,Kalimantan Barat,-0.018056,109.335,,1,0,4,1093,1093,5,Baris Riil Transaksi Aktif
2026-03-14,T1,LAUT,26,Pontianak,Kalimantan Barat,-0.018056,109.335,,0,0,0,0,0,0,Baris Dummy Nol Sistem
2026-03-14,T1,LAUT,26,Pontianak,Kalimantan Barat,-0.018056,109.335,,2,59,1,0,59,3,Baris Riil Transaksi Aktif
2026-03-15,T1,LAUT,26,Pontianak,Kalimantan Barat,-0.018056,109.335,,0,0,0,0,0,0,Baris Dummy Nol Sistem
2026-03-15,T1,LAUT,26,Pontianak,Kalimantan Barat,-0.018056,109.335,,1,0,1,57,57,2,Baris Riil Transaksi Aktif
2026-03-16,T1,LAUT,26,Pontianak,Kalimantan Barat,-0.018056,109.335,,0,0,0,0,0,0,Baris Dummy Nol Sistem
2026-03-16,T1,LAUT,26,Pontianak,Kalimantan Barat,-0.018056,109.335,,1,58,0,0,58,1,Baris Riil Transaksi Aktif
2026-03-20,T1,LAUT,26,Pontianak,Kalimantan Barat,-0.018056,109.335,,0,0,0,0,0,0,Baris Dummy Nol Sistem
2026-03-20,T1,LAUT,26,Pontianak,Kalimantan Barat,-0.018056,109.335,,2,20,1,13,33,3,Baris Riil Transaksi Aktif
2026-03-21,T1,LAUT,26,Pontianak,Kalimantan Barat,-0.018056,109.335,,0,0,0,0,0,0,Baris Dummy Nol Sistem
2026-03-21,T1,LAUT,26,Pontianak,Kalimantan Barat,-0.018056,109.335,,2,13,0,0,13,2,Baris Riil Transaksi Aktif
2026-03-24,T1,LAUT,26,Pontianak,Kalimantan Barat,-0.018056,109.335,,0,0,0,0,0,0,Baris Dummy Nol Sistem
2026-03-24,T1,LAUT,26,Pontianak,Kalimantan Barat,-0.018056,109.335,,1,57,0,0,57,1,Baris Riil Transaksi Aktif
2026-03-25,T1,LAUT,26,Pontianak,Kalimantan Barat,-0.018056,109.335,,0,0,0,0,0,0,Baris Dummy Nol Sistem
2026-03-25,T1,LAUT,26,Pontianak,Kalimantan Barat,-0.018056,109.335,,1,0,2,56,56,3,Baris Riil Transaksi Aktif
2026-03-26,T1,LAUT,26,Pontianak,Kalimantan Barat,-0.018056,109.335,,0,0,0,0,0,0,Baris Dummy Nol Sistem
2026-03-26,T1,LAUT,26,Pontianak,Kalimantan Barat,-0.018056,109.335,,4,894,1,61,955,5,Baris Riil Transaksi Aktif
2026-04-02,T1,LAUT,26,Pontianak,Kalimantan Barat,-0.018056,109.335,,0,0,0,0,0,0,Baris Dummy Nol Sistem
2026-04-02,T1,LAUT,26,Pontianak,Kalimantan Barat,-0.018056,109.335,,5,753,2,1349,2102,7,Baris Riil Transaksi Aktif
2026-04-03,T1,LAUT,26,Pontianak,Kalimantan Barat,-0.018056,109.335,,0,0,0,0,0,0,Baris Dummy Nol Sistem
2026-04-03,T1,LAUT,26,Pontianak,Kalimantan Barat,-0.018056,109.335,,3,32,4,761,793,7,Baris Riil Transaksi Aktif
2026-03-22,T1,LAUT,1224,Probolinggo/Tanjung Tembaga,Jawa Timur,-7.735791509,113.2144768,,0,0,0,0,0,0,Baris Dummy Nol Sistem
2026-03-22,T1,LAUT,1224,Probolinggo/Tanjung Tembaga,Jawa Timur,-7.735791509,113.2144768,,1,62,0,0,62,1,Baris Riil Transaksi Aktif
2026-03-05,T1,LAUT,276,Pulau Bunyu,Kalimantan Utara,3.461253685,117.8384627,,1,18,0,0,18,1,Baris Riil Transaksi Aktif
2026-03-05,T1,LAUT,276,Pulau Bunyu,Kalimantan Utara,3.461253685,117.8384627,,5,117,4,65,182,9,Baris Riil Transaksi Aktif
2026-03-06,T1,LAUT,276,Pulau Bunyu,Kalimantan Utara,3.461253685,117.8384627,,1,22,1,15,37,2,Baris Riil Transaksi Aktif
2026-03-06,T1,LAUT,276,Pulau Bunyu,Kalimantan Utara,3.461253685,117.8384627,,5,118,4,74,192,9,Baris Riil Transaksi Aktif
2026-03-07,T1,LAUT,276,Pulau Bunyu,Kalimantan Utara,3.461253685,117.8384627,,2,38,2,20,58,4,Baris Riil Transaksi Aktif
2026-03-07,T1,LAUT,276,Pulau Bunyu,Kalimantan Utara,3.461253685,117.8384627,,4,64,4,93,157,8,Baris Riil Transaksi Aktif
2026-03-08,T1,LAUT,276,Pulau Bunyu,Kalimantan Utara,3.461253685,117.8384627,,2,64,2,27,91,4,Baris Riil Transaksi Aktif
2026-03-08,T1,LAUT,276,Pulau Bunyu,Kalimantan Utara,3.461253685,117.8384627,,5,131,3,77,208,8,Baris Riil Transaksi Aktif
2026-03-09,T1,LAUT,276,Pulau Bunyu,Kalimantan Utara,3.461253685,117.8384627,,1,39,1,24,63,2,Baris Riil Transaksi Aktif
2026-03-09,T1,LAUT,276,Pulau Bunyu,Kalimantan Utara,3.461253685,117.8384627,,3,70,3,64,134,6,Baris Riil Transaksi Aktif
2026-03-10,T1,LAUT,276,Pulau Bunyu,Kalimantan Utara,3.461253685,117.8384627,,2,54,2,68,122,4,Baris Riil Transaksi Aktif
2026-03-10,T1,LAUT,276,Pulau Bunyu,Kalimantan Utara,3.461253685,117.8384627,,3,76,1,35,111,4,Baris Riil Transaksi Aktif
2026-03-11,T1,LAUT,276,Pulau Bunyu,Kalimantan Utara,3.461253685,117.8384627,,2,64,2,33,97,4,Baris Riil Transaksi Aktif
2026-03-11,T1,LAUT,276,Pulau Bunyu,Kalimantan Utara,3.461253685,117.8384627,,5,115,4,82,197,9,Baris Riil Transaksi Aktif
2026-03-12,T1,LAUT,276,Pulau Bunyu,Kalimantan Utara,3.461253685,117.8384627,,2,48,2,50,98,4,Baris Riil Transaksi Aktif
2026-03-12,T1,LAUT,276,Pulau Bunyu,Kalimantan Utara,3.461253685,117.8384627,,6,119,5,84,203,11,Baris Riil Transaksi Aktif
2026-03-13,T1,LAUT,276,Pulau Bunyu,Kalimantan Utara,3.461253685,117.8384627,,3,48,2,64,112,5,Baris Riil Transaksi Aktif
2026-03-13,T1,LAUT,276,Pulau Bunyu,Kalimantan Utara,3.461253685,117.8384627,,5,132,4,102,234,9,Baris Riil Transaksi Aktif
2026-03-14,T1,LAUT,276,Pulau Bunyu,Kalimantan Utara,3.461253685,117.8384627,,2,57,2,66,123,4,Baris Riil Transaksi Aktif
2026-03-14,T1,LAUT,276,Pulau Bunyu,Kalimantan Utara,3.461253685,117.8384627,,6,143,5,145,288,11,Baris Riil Transaksi Aktif
2026-03-15,T1,LAUT,276,Pulau Bunyu,Kalimantan Utara,3.461253685,117.8384627,,2,66,2,66,132,4,Baris Riil Transaksi Aktif
2026-03-15,T1,LAUT,276,Pulau Bunyu,Kalimantan Utara,3.461253685,117.8384627,,5,152,3,101,253,8,Baris Riil Transaksi Aktif
2026-03-16,T1,LAUT,276,Pulau Bunyu,Kalimantan Utara,3.461253685,117.8384627,,2,70,2,75,145,4,Baris Riil Transaksi Aktif
2026-03-16,T1,LAUT,276,Pulau Bunyu,Kalimantan Utara,3.461253685,117.8384627,,5,157,5,140,297,10,Baris Riil Transaksi Aktif
2026-03-17,T1,LAUT,276,Pulau Bunyu,Kalimantan Utara,3.461253685,117.8384627,,2,75,2,71,146,4,Baris Riil Transaksi Aktif
2026-03-17,T1,LAUT,276,Pulau Bunyu,Kalimantan Utara,3.461253685,117.8384627,,5,165,4,129,294,9,Baris Riil Transaksi Aktif
2026-03-18,T1,LAUT,276,Pulau Bunyu,Kalimantan Utara,3.461253685,117.8384627,,2,91,2,64,155,4,Baris Riil Transaksi Aktif
2026-03-18,T1,LAUT,276,Pulau Bunyu,Kalimantan Utara,3.461253685,117.8384627,,5,165,4,141,306,9,Baris Riil Transaksi Aktif
2026-03-19,T1,LAUT,276,Pulau Bunyu,Kalimantan Utara,3.461253685,117.8384627,,2,101,2,77,178,4,Baris Riil Transaksi Aktif
2026-03-19,T1,LAUT,276,Pulau Bunyu,Kalimantan Utara,3.461253685,117.8384627,,6,168,5,133,301,11,Baris Riil Transaksi Aktif
2026-03-20,T1,LAUT,276,Pulau Bunyu,Kalimantan Utara,3.461253685,117.8384627,,1,14,2,64,78,3,Baris Riil Transaksi Aktif
2026-03-20,T1,LAUT,276,Pulau Bunyu,Kalimantan Utara,3.461253685,117.8384627,,4,118,3,104,222,7,Baris Riil Transaksi Aktif
2026-03-21,T1,LAUT,276,Pulau Bunyu,Kalimantan Utara,3.461253685,117.8384627,,1,0,0,0,0,1,Baris Riil Transaksi Aktif
2026-03-21,T1,LAUT,276,Pulau Bunyu,Kalimantan Utara,3.461253685,117.8384627,,2,41,1,39,80,3,Baris Riil Transaksi Aktif
2026-03-22,T1,LAUT,276,Pulau Bunyu,Kalimantan Utara,3.461253685,117.8384627,,2,105,2,87,192,4,Baris Riil Transaksi Aktif
2026-03-22,T1,LAUT,276,Pulau Bunyu,Kalimantan Utara,3.461253685,117.8384627,,6,172,5,152,324,11,Baris Riil Transaksi Aktif
2026-03-23,T1,LAUT,276,Pulau Bunyu,Kalimantan Utara,3.461253685,117.8384627,,2,74,2,82,156,4,Baris Riil Transaksi Aktif
2026-03-23,T1,LAUT,276,Pulau Bunyu,Kalimantan Utara,3.461253685,117.8384627,,5,165,4,163,328,9,Baris Riil Transaksi Aktif
2026-03-24,T1,LAUT,276,Pulau Bunyu,Kalimantan Utara,3.461253685,117.8384627,,2,77,2,96,173,4,Baris Riil Transaksi Aktif
2026-03-24,T1,LAUT,276,Pulau Bunyu,Kalimantan Utara,3.461253685,117.8384627,,5,163,4,162,325,9,Baris Riil Transaksi Aktif
2026-03-25,T1,LAUT,276,Pulau Bunyu,Kalimantan Utara,3.461253685,117.8384627,,2,68,2,93,161,4,Baris Riil Transaksi Aktif
2026-03-25,T1,LAUT,276,Pulau Bunyu,Kalimantan Utara,3.461253685,117.8384627,,5,164,4,167,331,9,Baris Riil Transaksi Aktif
2026-03-26,T1,LAUT,276,Pulau Bunyu,Kalimantan Utara,3.461253685,117.8384627,,2,55,2,67,122,4,Baris Riil Transaksi Aktif
2026-03-26,T1,LAUT,276,Pulau Bunyu,Kalimantan Utara,3.461253685,117.8384627,,5,108,4,108,216,9,Baris Riil Transaksi Aktif
2026-03-27,T1,LAUT,276,Pulau Bunyu,Kalimantan Utara,3.461253685,117.8384627,,2,56,2,74,130,4,Baris Riil Transaksi Aktif
2026-03-27,T1,LAUT,276,Pulau Bunyu,Kalimantan Utara,3.461253685,117.8384627,,5,151,4,139,290,9,Baris Riil Transaksi Aktif
2026-03-28,T1,LAUT,276,Pulau Bunyu,Kalimantan Utara,3.461253685,117.8384627,,2,76,2,86,162,4,Baris Riil Transaksi Aktif
2026-03-28,T1,LAUT,276,Pulau Bunyu,Kalimantan Utara,3.461253685,117.8384627,,5,144,4,159,303,9,Baris Riil Transaksi Aktif
2026-03-29,T1,LAUT,276,Pulau Bunyu,Kalimantan Utara,3.461253685,117.8384627,,1,24,2,70,94,3,Baris Riil Transaksi Aktif
2026-03-29,T1,LAUT,276,Pulau Bunyu,Kalimantan Utara,3.461253685,117.8384627,,5,165,4,165,330,9,Baris Riil Transaksi Aktif
2026-03-30,T1,LAUT,276,Pulau Bunyu,Kalimantan Utara,3.461253685,117.8384627,,2,82,2,29,111,4,Baris Riil Transaksi Aktif
2026-03-30,T1,LAUT,276,Pulau Bunyu,Kalimantan Utara,3.461253685,117.8384627,,7,149,6,106,255,13,Baris Riil Transaksi Aktif
2026-03-31,T1,LAUT,276,Pulau Bunyu,Kalimantan Utara,3.461253685,117.8384627,,1,19,2,56,75,3,Baris Riil Transaksi Aktif
2026-03-31,T1,LAUT,276,Pulau Bunyu,Kalimantan Utara,3.461253685,117.8384627,,4,107,3,93,200,7,Baris Riil Transaksi Aktif
2026-03-06,T1,LAUT,1763,Rangga Ilung,Kalimantan Tengah,-2.330777423,114.8779373,,0,0,0,0,0,0,Baris Dummy Nol Sistem
2026-03-06,T1,LAUT,1763,Rangga Ilung,Kalimantan Tengah,-2.330777423,114.8779373,,1,0,2,2,2,3,Baris Riil Transaksi Aktif
2026-03-09,T1,LAUT,1763,Rangga Ilung,Kalimantan Tengah,-2.330777423,114.8779373,,0,0,0,0,0,0,Baris Dummy Nol Sistem
2026-03-09,T1,LAUT,1763,Rangga Ilung,Kalimantan Tengah,-2.330777423,114.8779373,,1,0,1,1,1,2,Baris Riil Transaksi Aktif
2026-03-12,T1,LAUT,1763,Rangga Ilung,Kalimantan Tengah,-2.330777423,114.8779373,,0,0,0,0,0,0,Baris Dummy Nol Sistem
2026-03-12,T1,LAUT,1763,Rangga Ilung,Kalimantan Tengah,-2.330777423,114.8779373,,1,0,1,1,1,2,Baris Riil Transaksi Aktif
2026-03-13,T1,LAUT,1763,Rangga Ilung,Kalimantan Tengah,-2.330777423,114.8779373,,0,0,0,0,0,0,Baris Dummy Nol Sistem
2026-03-13,T1,LAUT,1763,Rangga Ilung,Kalimantan Tengah,-2.330777423,114.8779373,,1,0,1,1,1,2,Baris Riil Transaksi Aktif
2026-03-19,T1,LAUT,1763,Rangga Ilung,Kalimantan Tengah,-2.330777423,114.8779373,,0,0,0,0,0,0,Baris Dummy Nol Sistem
2026-03-19,T1,LAUT,1763,Rangga Ilung,Kalimantan Tengah,-2.330777423,114.8779373,,1,0,1,1,1,2,Baris Riil Transaksi Aktif
2026-03-26,T1,LAUT,1763,Rangga Ilung,Kalimantan Tengah,-2.330777423,114.8779373,,0,0,0,0,0,0,Baris Dummy Nol Sistem
2026-03-26,T1,LAUT,1763,Rangga Ilung,Kalimantan Tengah,-2.330777423,114.8779373,,1,0,1,1,1,2,Baris Riil Transaksi Aktif
2026-03-28,T1,LAUT,1763,Rangga Ilung,Kalimantan Tengah,-2.330777423,114.8779373,,0,0,0,0,0,0,Baris Dummy Nol Sistem
2026-03-28,T1,LAUT,1763,Rangga Ilung,Kalimantan Tengah,-2.330777423,114.8779373,,1,0,2,2,2,3,Baris Riil Transaksi Aktif
2026-03-29,T1,LAUT,1763,Rangga Ilung,Kalimantan Tengah,-2.330777423,114.8779373,,0,0,0,0,0,0,Baris Dummy Nol Sistem
2026-03-29,T1,LAUT,1763,Rangga Ilung,Kalimantan Tengah,-2.330777423,114.8779373,,1,0,1,1,1,2,Baris Riil Transaksi Aktif
2026-03-30,T1,LAUT,1763,Rangga Ilung,Kalimantan Tengah,-2.330777423,114.8779373,,0,0,0,0,0,0,Baris Dummy Nol Sistem
2026-03-30,T1,LAUT,1763,Rangga Ilung,Kalimantan Tengah,-2.330777423,114.8779373,,1,0,1,1,1,2,Baris Riil Transaksi Aktif
2026-03-15,T1,LAUT,1280,Rembang,Jawa Tengah,-6.635106804,111.542962,,0,0,0,0,0,0,Baris Dummy Nol Sistem
2026-03-15,T1,LAUT,1280,Rembang,Jawa Tengah,-6.635106804,111.542962,,1,1,0,0,1,1,Baris Riil Transaksi Aktif
2026-03-17,T1,LAUT,1280,Rembang,Jawa Tengah,-6.635106804,111.542962,,0,0,0,0,0,0,Baris Dummy Nol Sistem
2026-03-17,T1,LAUT,1280,Rembang,Jawa Tengah,-6.635106804,111.542962,,1,0,1,1,1,2,Baris Riil Transaksi Aktif
2026-03-19,T1,LAUT,1280,Rembang,Jawa Tengah,-6.635106804,111.542962,,0,0,0,0,0,0,Baris Dummy Nol Sistem
2026-03-19,T1,LAUT,1280,Rembang,Jawa Tengah,-6.635106804,111.542962,,1,2,0,0,2,1,Baris Riil Transaksi Aktif
2026-03-25,T1,LAUT,1280,Rembang,Jawa Tengah,-6.635106804,111.542962,,0,0,0,0,0,0,Baris Dummy Nol Sistem
2026-03-25,T1,LAUT,1280,Rembang,Jawa Tengah,-6.635106804,111.542962,,1,23,0,0,23,1,Baris Riil Transaksi Aktif
2026-03-26,T1,LAUT,1280,Rembang,Jawa Tengah,-6.635106804,111.542962,,0,0,0,0,0,0,Baris Dummy Nol Sistem
2026-03-26,T1,LAUT,1280,Rembang,Jawa Tengah,-6.635106804,111.542962,,1,10,0,0,10,1,Baris Riil Transaksi Aktif
2026-04-01,T1,LAUT,1280,Rembang,Jawa Tengah,-6.635106804,111.542962,,0,0,0,0,0,0,Baris Dummy Nol Sistem
2026-04-01,T1,LAUT,1280,Rembang,Jawa Tengah,-6.635106804,111.542962,,1,13,0,0,13,1,Baris Riil Transaksi Aktif
2026-04-08,T1,LAUT,1280,Rembang,Jawa Tengah,-6.635106804,111.542962,,0,0,0,0,0,0,Baris Dummy Nol Sistem
2026-04-08,T1,LAUT,1280,Rembang,Jawa Tengah,-6.635106804,111.542962,,1,26,0,0,26,1,Baris Riil Transaksi Aktif
2026-01-08,T1,LAUT,549,Reo,Nusa Tenggara Timur,-8.286072926,120.4533045,,1,0,0,0,0,1,Baris Riil Transaksi Aktif
2026-01-08,T1,LAUT,549,Reo,Nusa Tenggara Timur,-8.286072926,120.4533045,,0,0,0,0,0,0,Baris Dummy Nol Sistem
2026-03-13,T1,LAUT,549,Reo,Nusa Tenggara Timur,-8.286072926,120.4533045,,0,0,0,0,0,0,Baris Dummy Nol Sistem
2026-03-13,T1,LAUT,549,Reo,Nusa Tenggara Timur,-8.286072926,120.4533045,,2,15,1,15,30,3,Baris Riil Transaksi Aktif
2026-03-18,T1,LAUT,549,Reo,Nusa Tenggara Timur,-8.286072926,120.4533045,,0,0,0,0,0,0,Baris Dummy Nol Sistem
2026-03-18,T1,LAUT,549,Reo,Nusa Tenggara Timur,-8.286072926,120.4533045,,5,236,3,43,279,8,Baris Riil Transaksi Aktif
2026-03-20,T1,LAUT,549,Reo,Nusa Tenggara Timur,-8.286072926,120.4533045,,0,0,0,0,0,0,Baris Dummy Nol Sistem
2026-03-20,T1,LAUT,549,Reo,Nusa Tenggara Timur,-8.286072926,120.4533045,,1,0,1,1,1,2,Baris Riil Transaksi Aktif
2026-03-22,T1,LAUT,549,Reo,Nusa Tenggara Timur,-8.286072926,120.4533045,,0,0,0,0,0,0,Baris Dummy Nol Sistem
2026-03-22,T1,LAUT,549,Reo,Nusa Tenggara Timur,-8.286072926,120.4533045,,2,4,1,29,33,3,Baris Riil Transaksi Aktif
2026-03-26,T1,LAUT,549,Reo,Nusa Tenggara Timur,-8.286072926,120.4533045,,0,0,0,0,0,0,Baris Dummy Nol Sistem
2026-03-26,T1,LAUT,549,Reo,Nusa Tenggara Timur,-8.286072926,120.4533045,,2,30,1,36,66,3,Baris Riil Transaksi Aktif
2026-03-27,T1,LAUT,549,Reo,Nusa Tenggara Timur,-8.286072926,120.4533045,,0,0,0,0,0,0,Baris Dummy Nol Sistem
2026-03-27,T1,LAUT,549,Reo,Nusa Tenggara Timur,-8.286072926,120.4533045,,1,65,0,0,65,1,Baris Riil Transaksi Aktif
2026-01-20,T1,LAUT,252,Sabang,D.I Aceh,5.8895874,95.31799316,,2,126,0,0,126,2,Baris Riil Transaksi Aktif
2026-01-20,T1,LAUT,252,Sabang,D.I Aceh,5.8895874,95.31799316,,4,381,5,492,873,9,Baris Riil Transaksi Aktif
2026-01-21,T1,LAUT,252,Sabang,D.I Aceh,5.8895874,95.31799316,,2,132,2,143,275,4,Baris Riil Transaksi Aktif
2026-01-21,T1,LAUT,252,Sabang,D.I Aceh,5.8895874,95.31799316,,3,386,3,386,772,6,Baris Riil Transaksi Aktif
2026-01-22,T1,LAUT,252,Sabang,D.I Aceh,5.8895874,95.31799316,,1,138,0,0,138,1,Baris Riil Transaksi Aktif
2026-01-22,T1,LAUT,252,Sabang,D.I Aceh,5.8895874,95.31799316,,2,234,0,0,234,2,Baris Riil Transaksi Aktif
2026-03-15,T1,LAUT,266,Sadai,Kepulauan Bangka Belitung,-3.005700672,106.7386326,,2,63,1,26,89,3,Baris Riil Transaksi Aktif
2026-03-15,T1,LAUT,266,Sadai,Kepulauan Bangka Belitung,-3.005700672,106.7386326,,1,126,0,0,126,1,Baris Riil Transaksi Aktif
2026-01-01,T1,LAUT,113,Saketa,Maluku Utara,-0.3392944,127.8187866,,1,0,0,0,0,1,Baris Riil Transaksi Aktif
2026-01-01,T1,LAUT,113,Saketa,Maluku Utara,-0.3392944,127.8187866,,2,116,0,0,116,2,Baris Riil Transaksi Aktif
2026-01-02,T1,LAUT,113,Saketa,Maluku Utara,-0.3392944,127.8187866,,1,0,1,1,1,2,Baris Riil Transaksi Aktif
2026-01-02,T1,LAUT,113,Saketa,Maluku Utara,-0.3392944,127.8187866,,1,76,1,86,162,2,Baris Riil Transaksi Aktif
2026-01-06,T1,LAUT,113,Saketa,Maluku Utara,-0.3392944,127.8187866,,2,0,1,25,25,3,Baris Riil Transaksi Aktif
2026-01-06,T1,LAUT,113,Saketa,Maluku Utara,-0.3392944,127.8187866,,1,186,1,223,409,2,Baris Riil Transaksi Aktif
2026-01-08,T1,LAUT,113,Saketa,Maluku Utara,-0.3392944,127.8187866,,1,0,0,0,0,1,Baris Riil Transaksi Aktif
2026-01-08,T1,LAUT,113,Saketa,Maluku Utara,-0.3392944,127.8187866,,1,186,0,0,186,1,Baris Riil Transaksi Aktif
2026-01-01,T1,LAUT,28,Sampit,Kalimantan Tengah,-2.541389,112.964167,,0,0,0,0,0,0,Baris Dummy Nol Sistem
2026-01-01,T1,LAUT,28,Sampit,Kalimantan Tengah,-2.541389,112.964167,,1,0,1,139,139,2,Baris Riil Transaksi Aktif
2026-01-03,T1,LAUT,28,Sampit,Kalimantan Tengah,-2.541389,112.964167,,0,0,0,0,0,0,Baris Dummy Nol Sistem
2026-01-03,T1,LAUT,28,Sampit,Kalimantan Tengah,-2.541389,112.964167,,1,0,1,135,135,2,Baris Riil Transaksi Aktif
2026-03-19,T1,LAUT,28,Sampit,Kalimantan Tengah,-2.541389,112.964167,,0,0,0,0,0,0,Baris Dummy Nol Sistem
2026-03-19,T1,LAUT,28,Sampit,Kalimantan Tengah,-2.541389,112.964167,,1,0,1,770,770,2,Baris Riil Transaksi Aktif
2026-03-02,T1,LAUT,1310,Sangatta,Kalimantan Timur,0.483042814,117.5312793,,0,0,0,0,0,0,Baris Dummy Nol Sistem
2026-03-02,T1,LAUT,1310,Sangatta,Kalimantan Timur,0.483042814,117.5312793,,1,0,0,0,0,1,Baris Riil Transaksi Aktif
2026-03-30,T1,LAUT,1310,Sangatta,Kalimantan Timur,0.483042814,117.5312793,,2,0,0,0,0,2,Baris Riil Transaksi Aktif
2026-03-30,T1,LAUT,1310,Sangatta,Kalimantan Timur,0.483042814,117.5312793,,0,0,0,0,0,0,Baris Dummy Nol Sistem
2026-01-01,T1,LAUT,1320,Sapudi,Jawa Timur,-7.1704712,114.3265991,,2,15,3,39,54,5,Baris Riil Transaksi Aktif
2026-01-01,T1,LAUT,1320,Sapudi,Jawa Timur,-7.1704712,114.3265991,,5,201,4,142,343,9,Baris Riil Transaksi Aktif
2026-01-02,T1,LAUT,1320,Sapudi,Jawa Timur,-7.1704712,114.3265991,,3,38,2,30,68,5,Baris Riil Transaksi Aktif
2026-01-02,T1,LAUT,1320,Sapudi,Jawa Timur,-7.1704712,114.3265991,,4,154,3,196,350,7,Baris Riil Transaksi Aktif
2026-01-03,T1,LAUT,1320,Sapudi,Jawa Timur,-7.1704712,114.3265991,,2,16,2,27,43,4,Baris Riil Transaksi Aktif
2026-01-03,T1,LAUT,1320,Sapudi,Jawa Timur,-7.1704712,114.3265991,,3,387,3,151,538,6,Baris Riil Transaksi Aktif
2026-01-04,T1,LAUT,1320,Sapudi,Jawa Timur,-7.1704712,114.3265991,,0,0,1,41,41,1,Baris Riil Transaksi Aktif
2026-01-04,T1,LAUT,1320,Sapudi,Jawa Timur,-7.1704712,114.3265991,,3,279,2,224,503,5,Baris Riil Transaksi Aktif
2026-01-05,T1,LAUT,1320,Sapudi,Jawa Timur,-7.1704712,114.3265991,,1,32,3,90,122,4,Baris Riil Transaksi Aktif
2026-01-05,T1,LAUT,1320,Sapudi,Jawa Timur,-7.1704712,114.3265991,,4,372,4,158,530,8,Baris Riil Transaksi Aktif
2026-01-06,T1,LAUT,1320,Sapudi,Jawa Timur,-7.1704712,114.3265991,,2,51,0,0,51,2,Baris Riil Transaksi Aktif
2026-01-06,T1,LAUT,1320,Sapudi,Jawa Timur,-7.1704712,114.3265991,,3,235,4,216,451,7,Baris Riil Transaksi Aktif
2026-01-07,T1,LAUT,1320,Sapudi,Jawa Timur,-7.1704712,114.3265991,,2,16,3,36,52,5,Baris Riil Transaksi Aktif
2026-01-07,T1,LAUT,1320,Sapudi,Jawa Timur,-7.1704712,114.3265991,,3,414,5,213,627,8,Baris Riil Transaksi Aktif
2026-01-08,T1,LAUT,1320,Sapudi,Jawa Timur,-7.1704712,114.3265991,,1,0,1,23,23,2,Baris Riil Transaksi Aktif
2026-01-08,T1,LAUT,1320,Sapudi,Jawa Timur,-7.1704712,114.3265991,,2,9,3,65,74,5,Baris Riil Transaksi Aktif
2026-01-09,T1,LAUT,1320,Sapudi,Jawa Timur,-7.1704712,114.3265991,,1,0,0,0,0,1,Baris Riil Transaksi Aktif
2026-01-09,T1,LAUT,1320,Sapudi,Jawa Timur,-7.1704712,114.3265991,,2,88,1,127,215,3,Baris Riil Transaksi Aktif
2026-01-20,T1,LAUT,1320,Sapudi,Jawa Timur,-7.1704712,114.3265991,,1,0,3,117,117,4,Baris Riil Transaksi Aktif
2026-01-20,T1,LAUT,1320,Sapudi,Jawa Timur,-7.1704712,114.3265991,,4,256,3,244,500,7,Baris Riil Transaksi Aktif
2026-01-26,T1,LAUT,1320,Sapudi,Jawa Timur,-7.1704712,114.3265991,,0,0,1,50,50,1,Baris Riil Transaksi Aktif
2026-01-26,T1,LAUT,1320,Sapudi,Jawa Timur,-7.1704712,114.3265991,,3,259,3,309,568,6,Baris Riil Transaksi Aktif
2026-01-27,T1,LAUT,1320,Sapudi,Jawa Timur,-7.1704712,114.3265991,,1,9,2,16,25,3,Baris Riil Transaksi Aktif
2026-01-27,T1,LAUT,1320,Sapudi,Jawa Timur,-7.1704712,114.3265991,,4,320,3,203,523,7,Baris Riil Transaksi Aktif
2026-01-28,T1,LAUT,1320,Sapudi,Jawa Timur,-7.1704712,114.3265991,,3,14,3,78,92,6,Baris Riil Transaksi Aktif
2026-01-28,T1,LAUT,1320,Sapudi,Jawa Timur,-7.1704712,114.3265991,,3,218,3,259,477,6,Baris Riil Transaksi Aktif
2026-01-29,T1,LAUT,1320,Sapudi,Jawa Timur,-7.1704712,114.3265991,,1,10,2,60,70,3,Baris Riil Transaksi Aktif
2026-01-29,T1,LAUT,1320,Sapudi,Jawa Timur,-7.1704712,114.3265991,,6,292,4,216,508,10,Baris Riil Transaksi Aktif
2026-01-30,T1,LAUT,1320,Sapudi,Jawa Timur,-7.1704712,114.3265991,,2,49,2,81,130,4,Baris Riil Transaksi Aktif
2026-01-30,T1,LAUT,1320,Sapudi,Jawa Timur,-7.1704712,114.3265991,,3,145,3,320,465,6,Baris Riil Transaksi Aktif
2026-01-31,T1,LAUT,1320,Sapudi,Jawa Timur,-7.1704712,114.3265991,,3,97,1,13,110,4,Baris Riil Transaksi Aktif
2026-01-31,T1,LAUT,1320,Sapudi,Jawa Timur,-7.1704712,114.3265991,,3,273,3,201,474,6,Baris Riil Transaksi Aktif
2026-02-01,T1,LAUT,1320,Sapudi,Jawa Timur,-7.1704712,114.3265991,,0,0,1,34,34,1,Baris Riil Transaksi Aktif
2026-02-01,T1,LAUT,1320,Sapudi,Jawa Timur,-7.1704712,114.3265991,,3,194,2,181,375,5,Baris Riil Transaksi Aktif
2026-02-02,T1,LAUT,1320,Sapudi,Jawa Timur,-7.1704712,114.3265991,,2,11,4,63,74,6,Baris Riil Transaksi Aktif
2026-02-02,T1,LAUT,1320,Sapudi,Jawa Timur,-7.1704712,114.3265991,,3,261,2,173,434,5,Baris Riil Transaksi Aktif
2026-02-03,T1,LAUT,1320,Sapudi,Jawa Timur,-7.1704712,114.3265991,,4,21,1,27,48,5,Baris Riil Transaksi Aktif
2026-02-03,T1,LAUT,1320,Sapudi,Jawa Timur,-7.1704712,114.3265991,,3,226,2,332,558,5,Baris Riil Transaksi Aktif
2026-02-04,T1,LAUT,1320,Sapudi,Jawa Timur,-7.1704712,114.3265991,,1,10,2,54,64,3,Baris Riil Transaksi Aktif
2026-02-04,T1,LAUT,1320,Sapudi,Jawa Timur,-7.1704712,114.3265991,,3,297,3,252,549,6,Baris Riil Transaksi Aktif
2026-02-05,T1,LAUT,1320,Sapudi,Jawa Timur,-7.1704712,114.3265991,,2,26,2,82,108,4,Baris Riil Transaksi Aktif
2026-02-05,T1,LAUT,1320,Sapudi,Jawa Timur,-7.1704712,114.3265991,,5,279,4,314,593,9,Baris Riil Transaksi Aktif
2026-02-06,T1,LAUT,1320,Sapudi,Jawa Timur,-7.1704712,114.3265991,,1,0,5,167,167,6,Baris Riil Transaksi Aktif
2026-02-06,T1,LAUT,1320,Sapudi,Jawa Timur,-7.1704712,114.3265991,,3,283,2,198,481,5,Baris Riil Transaksi Aktif
2026-02-09,T1,LAUT,1320,Sapudi,Jawa Timur,-7.1704712,114.3265991,,0,0,2,51,51,2,Baris Riil Transaksi Aktif
2026-02-09,T1,LAUT,1320,Sapudi,Jawa Timur,-7.1704712,114.3265991,,4,387,4,397,784,8,Baris Riil Transaksi Aktif
2026-02-10,T1,LAUT,1320,Sapudi,Jawa Timur,-7.1704712,114.3265991,,2,43,0,0,43,2,Baris Riil Transaksi Aktif
2026-02-10,T1,LAUT,1320,Sapudi,Jawa Timur,-7.1704712,114.3265991,,3,468,2,306,774,5,Baris Riil Transaksi Aktif
2026-02-11,T1,LAUT,1320,Sapudi,Jawa Timur,-7.1704712,114.3265991,,1,0,0,0,0,1,Baris Riil Transaksi Aktif
2026-02-11,T1,LAUT,1320,Sapudi,Jawa Timur,-7.1704712,114.3265991,,4,451,3,298,749,7,Baris Riil Transaksi Aktif
2026-02-12,T1,LAUT,1320,Sapudi,Jawa Timur,-7.1704712,114.3265991,,2,44,0,0,44,2,Baris Riil Transaksi Aktif
2026-02-12,T1,LAUT,1320,Sapudi,Jawa Timur,-7.1704712,114.3265991,,5,131,6,156,287,11,Baris Riil Transaksi Aktif
2026-02-13,T1,LAUT,1320,Sapudi,Jawa Timur,-7.1704712,114.3265991,,0,0,2,23,23,2,Baris Riil Transaksi Aktif
2026-02-13,T1,LAUT,1320,Sapudi,Jawa Timur,-7.1704712,114.3265991,,4,351,4,293,644,8,Baris Riil Transaksi Aktif
2026-02-14,T1,LAUT,1320,Sapudi,Jawa Timur,-7.1704712,114.3265991,,2,37,1,18,55,3,Baris Riil Transaksi Aktif
2026-02-14,T1,LAUT,1320,Sapudi,Jawa Timur,-7.1704712,114.3265991,,4,373,2,17,390,6,Baris Riil Transaksi Aktif
2026-02-15,T1,LAUT,1320,Sapudi,Jawa Timur,-7.1704712,114.3265991,,1,35,0,0,35,1,Baris Riil Transaksi Aktif
2026-02-15,T1,LAUT,1320,Sapudi,Jawa Timur,-7.1704712,114.3265991,,4,316,1,223,539,5,Baris Riil Transaksi Aktif
2026-02-16,T1,LAUT,1320,Sapudi,Jawa Timur,-7.1704712,114.3265991,,0,0,4,160,160,4,Baris Riil Transaksi Aktif
2026-02-16,T1,LAUT,1320,Sapudi,Jawa Timur,-7.1704712,114.3265991,,2,237,2,82,319,4,Baris Riil Transaksi Aktif
2026-02-17,T1,LAUT,1320,Sapudi,Jawa Timur,-7.1704712,114.3265991,,1,22,2,50,72,3,Baris Riil Transaksi Aktif
2026-02-17,T1,LAUT,1320,Sapudi,Jawa Timur,-7.1704712,114.3265991,,4,503,3,191,694,7,Baris Riil Transaksi Aktif
2026-02-18,T1,LAUT,1320,Sapudi,Jawa Timur,-7.1704712,114.3265991,,0,0,1,2,2,1,Baris Riil Transaksi Aktif
2026-02-18,T1,LAUT,1320,Sapudi,Jawa Timur,-7.1704712,114.3265991,,3,248,2,160,408,5,Baris Riil Transaksi Aktif
2026-02-19,T1,LAUT,1320,Sapudi,Jawa Timur,-7.1704712,114.3265991,,1,0,1,32,32,2,Baris Riil Transaksi Aktif
2026-02-19,T1,LAUT,1320,Sapudi,Jawa Timur,-7.1704712,114.3265991,,5,258,3,130,388,8,Baris Riil Transaksi Aktif
2026-02-20,T1,LAUT,1320,Sapudi,Jawa Timur,-7.1704712,114.3265991,,0,0,2,56,56,2,Baris Riil Transaksi Aktif
2026-02-20,T1,LAUT,1320,Sapudi,Jawa Timur,-7.1704712,114.3265991,,5,190,5,108,298,10,Baris Riil Transaksi Aktif
2026-02-22,T1,LAUT,1320,Sapudi,Jawa Timur,-7.1704712,114.3265991,,1,6,2,30,36,3,Baris Riil Transaksi Aktif
2026-02-22,T1,LAUT,1320,Sapudi,Jawa Timur,-7.1704712,114.3265991,,3,246,2,107,353,5,Baris Riil Transaksi Aktif
2026-02-23,T1,LAUT,1320,Sapudi,Jawa Timur,-7.1704712,114.3265991,,1,29,2,51,80,3,Baris Riil Transaksi Aktif
2026-02-23,T1,LAUT,1320,Sapudi,Jawa Timur,-7.1704712,114.3265991,,3,217,2,141,358,5,Baris Riil Transaksi Aktif
2026-02-24,T1,LAUT,1320,Sapudi,Jawa Timur,-7.1704712,114.3265991,,1,18,1,5,23,2,Baris Riil Transaksi Aktif
2026-02-24,T1,LAUT,1320,Sapudi,Jawa Timur,-7.1704712,114.3265991,,4,294,3,109,403,7,Baris Riil Transaksi Aktif
2026-02-25,T1,LAUT,1320,Sapudi,Jawa Timur,-7.1704712,114.3265991,,1,20,1,15,35,2,Baris Riil Transaksi Aktif
2026-02-25,T1,LAUT,1320,Sapudi,Jawa Timur,-7.1704712,114.3265991,,3,191,3,124,315,6,Baris Riil Transaksi Aktif
2026-02-26,T1,LAUT,1320,Sapudi,Jawa Timur,-7.1704712,114.3265991,,1,5,2,54,59,3,Baris Riil Transaksi Aktif
2026-02-26,T1,LAUT,1320,Sapudi,Jawa Timur,-7.1704712,114.3265991,,5,277,4,119,396,9,Baris Riil Transaksi Aktif
2026-02-27,T1,LAUT,1320,Sapudi,Jawa Timur,-7.1704712,114.3265991,,0,0,1,15,15,1,Baris Riil Transaksi Aktif
2026-02-27,T1,LAUT,1320,Sapudi,Jawa Timur,-7.1704712,114.3265991,,3,195,2,104,299,5,Baris Riil Transaksi Aktif
2026-02-28,T1,LAUT,1320,Sapudi,Jawa Timur,-7.1704712,114.3265991,,0,0,2,17,17,2,Baris Riil Transaksi Aktif
2026-02-28,T1,LAUT,1320,Sapudi,Jawa Timur,-7.1704712,114.3265991,,3,309,2,110,419,5,Baris Riil Transaksi Aktif
2026-03-01,T1,LAUT,1320,Sapudi,Jawa Timur,-7.1704712,114.3265991,,1,27,2,20,47,3,Baris Riil Transaksi Aktif
2026-03-01,T1,LAUT,1320,Sapudi,Jawa Timur,-7.1704712,114.3265991,,3,290,3,167,457,6,Baris Riil Transaksi Aktif
2026-03-02,T1,LAUT,1320,Sapudi,Jawa Timur,-7.1704712,114.3265991,,2,29,0,0,29,2,Baris Riil Transaksi Aktif
2026-03-02,T1,LAUT,1320,Sapudi,Jawa Timur,-7.1704712,114.3265991,,4,382,3,120,502,7,Baris Riil Transaksi Aktif
2026-03-03,T1,LAUT,1320,Sapudi,Jawa Timur,-7.1704712,114.3265991,,2,43,0,0,43,2,Baris Riil Transaksi Aktif
2026-03-03,T1,LAUT,1320,Sapudi,Jawa Timur,-7.1704712,114.3265991,,3,267,2,139,406,5,Baris Riil Transaksi Aktif
2026-03-08,T1,LAUT,1320,Sapudi,Jawa Timur,-7.1704712,114.3265991,,0,0,1,36,36,1,Baris Riil Transaksi Aktif
2026-03-08,T1,LAUT,1320,Sapudi,Jawa Timur,-7.1704712,114.3265991,,3,627,5,229,856,8,Baris Riil Transaksi Aktif
2026-03-09,T1,LAUT,1320,Sapudi,Jawa Timur,-7.1704712,114.3265991,,2,32,2,57,89,4,Baris Riil Transaksi Aktif
2026-03-09,T1,LAUT,1320,Sapudi,Jawa Timur,-7.1704712,114.3265991,,7,968,6,232,1200,13,Baris Riil Transaksi Aktif
2026-03-10,T1,LAUT,1320,Sapudi,Jawa Timur,-7.1704712,114.3265991,,0,0,1,34,34,1,Baris Riil Transaksi Aktif
2026-03-10,T1,LAUT,1320,Sapudi,Jawa Timur,-7.1704712,114.3265991,,7,933,7,111,1044,14,Baris Riil Transaksi Aktif
2026-03-11,T1,LAUT,1320,Sapudi,Jawa Timur,-7.1704712,114.3265991,,2,10,1,33,43,3,Baris Riil Transaksi Aktif
2026-03-11,T1,LAUT,1320,Sapudi,Jawa Timur,-7.1704712,114.3265991,,5,1185,4,110,1295,9,Baris Riil Transaksi Aktif
2026-03-12,T1,LAUT,1320,Sapudi,Jawa Timur,-7.1704712,114.3265991,,2,31,3,62,93,5,Baris Riil Transaksi Aktif
2026-03-12,T1,LAUT,1320,Sapudi,Jawa Timur,-7.1704712,114.3265991,,9,1312,7,358,1670,16,Baris Riil Transaksi Aktif
2026-03-13,T1,LAUT,1320,Sapudi,Jawa Timur,-7.1704712,114.3265991,,2,61,2,30,91,4,Baris Riil Transaksi Aktif
2026-03-13,T1,LAUT,1320,Sapudi,Jawa Timur,-7.1704712,114.3265991,,6,1370,5,512,1882,11,Baris Riil Transaksi Aktif
2026-03-14,T1,LAUT,1320,Sapudi,Jawa Timur,-7.1704712,114.3265991,,1,50,1,4,54,2,Baris Riil Transaksi Aktif
2026-03-14,T1,LAUT,1320,Sapudi,Jawa Timur,-7.1704712,114.3265991,,5,1270,4,559,1829,9,Baris Riil Transaksi Aktif
2026-03-15,T1,LAUT,1320,Sapudi,Jawa Timur,-7.1704712,114.3265991,,2,60,2,45,105,4,Baris Riil Transaksi Aktif
2026-03-15,T1,LAUT,1320,Sapudi,Jawa Timur,-7.1704712,114.3265991,,8,2634,6,84,2718,14,Baris Riil Transaksi Aktif
2026-03-16,T1,LAUT,1320,Sapudi,Jawa Timur,-7.1704712,114.3265991,,2,77,2,40,117,4,Baris Riil Transaksi Aktif
2026-03-16,T1,LAUT,1320,Sapudi,Jawa Timur,-7.1704712,114.3265991,,7,1811,8,243,2054,15,Baris Riil Transaksi Aktif
2026-03-17,T1,LAUT,1320,Sapudi,Jawa Timur,-7.1704712,114.3265991,,0,0,2,26,26,2,Baris Riil Transaksi Aktif
2026-03-17,T1,LAUT,1320,Sapudi,Jawa Timur,-7.1704712,114.3265991,,6,1644,4,127,1771,10,Baris Riil Transaksi Aktif
2026-07-23,T2,LAUT,1320,Sapudi,Jawa Timur,-7.1704712,114.3265991,,1,33,0,0,33,1,Baris Riil Transaksi Aktif
2026-07-23,T2,LAUT,1320,Sapudi,Jawa Timur,-7.1704712,114.3265991,,4,313,3,181,494,7,Baris Riil Transaksi Aktif
2026-07-27,T2,LAUT,1320,Sapudi,Jawa Timur,-7.1704712,114.3265991,,1,14,0,0,14,1,Baris Riil Transaksi Aktif
2026-07-27,T2,LAUT,1320,Sapudi,Jawa Timur,-7.1704712,114.3265991,,3,147,3,211,358,6,Baris Riil Transaksi Aktif
2026-07-30,T2,LAUT,1320,Sapudi,Jawa Timur,-7.1704712,114.3265991,,2,53,0,0,53,2,Baris Riil Transaksi Aktif
2026-07-30,T2,LAUT,1320,Sapudi,Jawa Timur,-7.1704712,114.3265991,,6,348,5,272,620,11,Baris Riil Transaksi Aktif
2026-07-31,T2,LAUT,1320,Sapudi,Jawa Timur,-7.1704712,114.3265991,,2,0,0,0,0,2,Baris Riil Transaksi Aktif
2026-07-31,T2,LAUT,1320,Sapudi,Jawa Timur,-7.1704712,114.3265991,,2,61,1,97,158,3,Baris Riil Transaksi Aktif
2026-08-01,T2,LAUT,1320,Sapudi,Jawa Timur,-7.1704712,114.3265991,,2,24,2,37,61,4,Baris Riil Transaksi Aktif
2026-08-01,T2,LAUT,1320,Sapudi,Jawa Timur,-7.1704712,114.3265991,,4,209,3,302,511,7,Baris Riil Transaksi Aktif
2026-08-02,T2,LAUT,1320,Sapudi,Jawa Timur,-7.1704712,114.3265991,,1,30,0,0,30,1,Baris Riil Transaksi Aktif
2026-08-02,T2,LAUT,1320,Sapudi,Jawa Timur,-7.1704712,114.3265991,,4,305,2,262,567,6,Baris Riil Transaksi Aktif
2026-08-03,T2,LAUT,1320,Sapudi,Jawa Timur,-7.1704712,114.3265991,,2,33,2,30,63,4,Baris Riil Transaksi Aktif
2026-08-03,T2,LAUT,1320,Sapudi,Jawa Timur,-7.1704712,114.3265991,,4,336,3,163,499,7,Baris Riil Transaksi Aktif
2026-08-04,T2,LAUT,1320,Sapudi,Jawa Timur,-7.1704712,114.3265991,,1,19,1,28,47,2,Baris Riil Transaksi Aktif
2026-08-04,T2,LAUT,1320,Sapudi,Jawa Timur,-7.1704712,114.3265991,,3,289,4,208,497,7,Baris Riil Transaksi Aktif
2026-08-05,T2,LAUT,1320,Sapudi,Jawa Timur,-7.1704712,114.3265991,,4,11,4,101,112,8,Baris Riil Transaksi Aktif
2026-08-05,T2,LAUT,1320,Sapudi,Jawa Timur,-7.1704712,114.3265991,,5,278,3,233,511,8,Baris Riil Transaksi Aktif
2026-08-06,T2,LAUT,1320,Sapudi,Jawa Timur,-7.1704712,114.3265991,,1,25,1,48,73,2,Baris Riil Transaksi Aktif
2026-08-06,T2,LAUT,1320,Sapudi,Jawa Timur,-7.1704712,114.3265991,,3,134,4,291,425,7,Baris Riil Transaksi Aktif
2026-08-07,T2,LAUT,1320,Sapudi,Jawa Timur,-7.1704712,114.3265991,,1,32,1,42,74,2,Baris Riil Transaksi Aktif
2026-08-07,T2,LAUT,1320,Sapudi,Jawa Timur,-7.1704712,114.3265991,,2,59,1,220,279,3,Baris Riil Transaksi Aktif
2026-08-08,T2,LAUT,1320,Sapudi,Jawa Timur,-7.1704712,114.3265991,,2,20,2,42,62,4,Baris Riil Transaksi Aktif
2026-08-08,T2,LAUT,1320,Sapudi,Jawa Timur,-7.1704712,114.3265991,,3,359,4,224,583,7,Baris Riil Transaksi Aktif
2026-08-09,T2,LAUT,1320,Sapudi,Jawa Timur,-7.1704712,114.3265991,,1,8,1,30,38,2,Baris Riil Transaksi Aktif
2026-08-09,T2,LAUT,1320,Sapudi,Jawa Timur,-7.1704712,114.3265991,,4,312,2,255,567,6,Baris Riil Transaksi Aktif
2026-08-10,T2,LAUT,1320,Sapudi,Jawa Timur,-7.1704712,114.3265991,,2,9,2,34,43,4,Baris Riil Transaksi Aktif
2026-08-10,T2,LAUT,1320,Sapudi,Jawa Timur,-7.1704712,114.3265991,,4,228,3,167,395,7,Baris Riil Transaksi Aktif
2026-08-11,T2,LAUT,1320,Sapudi,Jawa Timur,-7.1704712,114.3265991,,3,31,3,35,66,6,Baris Riil Transaksi Aktif
2026-08-11,T2,LAUT,1320,Sapudi,Jawa Timur,-7.1704712,114.3265991,,4,224,3,249,473,7,Baris Riil Transaksi Aktif
2026-08-12,T2,LAUT,1320,Sapudi,Jawa Timur,-7.1704712,114.3265991,,1,11,2,20,31,3,Baris Riil Transaksi Aktif
2026-08-12,T2,LAUT,1320,Sapudi,Jawa Timur,-7.1704712,114.3265991,,3,228,2,196,424,5,Baris Riil Transaksi Aktif
2026-08-13,T2,LAUT,1320,Sapudi,Jawa Timur,-7.1704712,114.3265991,,2,0,1,33,33,3,Baris Riil Transaksi Aktif
2026-08-13,T2,LAUT,1320,Sapudi,Jawa Timur,-7.1704712,114.3265991,,4,205,4,185,390,8,Baris Riil Transaksi Aktif
2026-08-14,T2,LAUT,1320,Sapudi,Jawa Timur,-7.1704712,114.3265991,,3,67,2,53,120,5,Baris Riil Transaksi Aktif
2026-08-14,T2,LAUT,1320,Sapudi,Jawa Timur,-7.1704712,114.3265991,,2,80,2,197,277,4,Baris Riil Transaksi Aktif
2026-08-15,T2,LAUT,1320,Sapudi,Jawa Timur,-7.1704712,114.3265991,,2,14,2,46,60,4,Baris Riil Transaksi Aktif
2026-08-15,T2,LAUT,1320,Sapudi,Jawa Timur,-7.1704712,114.3265991,,3,302,2,223,525,5,Baris Riil Transaksi Aktif
2026-08-16,T2,LAUT,1320,Sapudi,Jawa Timur,-7.1704712,114.3265991,,1,19,1,19,38,2,Baris Riil Transaksi Aktif
2026-08-16,T2,LAUT,1320,Sapudi,Jawa Timur,-7.1704712,114.3265991,,4,249,2,280,529,6,Baris Riil Transaksi Aktif
2026-08-17,T2,LAUT,1320,Sapudi,Jawa Timur,-7.1704712,114.3265991,,0,0,2,29,29,2,Baris Riil Transaksi Aktif
2026-08-17,T2,LAUT,1320,Sapudi,Jawa Timur,-7.1704712,114.3265991,,3,198,3,243,441,6,Baris Riil Transaksi Aktif
2026-08-18,T2,LAUT,1320,Sapudi,Jawa Timur,-7.1704712,114.3265991,,1,37,1,43,80,2,Baris Riil Transaksi Aktif
2026-08-18,T2,LAUT,1320,Sapudi,Jawa Timur,-7.1704712,114.3265991,,3,151,2,393,544,5,Baris Riil Transaksi Aktif
2026-08-20,T2,LAUT,1320,Sapudi,Jawa Timur,-7.1704712,114.3265991,,1,2,0,0,2,1,Baris Riil Transaksi Aktif
2026-08-20,T2,LAUT,1320,Sapudi,Jawa Timur,-7.1704712,114.3265991,,4,41,3,359,400,7,Baris Riil Transaksi Aktif
2026-08-21,T2,LAUT,1320,Sapudi,Jawa Timur,-7.1704712,114.3265991,,2,39,3,107,146,5,Baris Riil Transaksi Aktif
2026-08-21,T2,LAUT,1320,Sapudi,Jawa Timur,-7.1704712,114.3265991,,3,222,3,433,655,6,Baris Riil Transaksi Aktif
2026-08-22,T2,LAUT,1320,Sapudi,Jawa Timur,-7.1704712,114.3265991,,0,0,1,26,26,1,Baris Riil Transaksi Aktif
2026-08-22,T2,LAUT,1320,Sapudi,Jawa Timur,-7.1704712,114.3265991,,4,412,2,307,719,6,Baris Riil Transaksi Aktif
2026-08-23,T2,LAUT,1320,Sapudi,Jawa Timur,-7.1704712,114.3265991,,1,21,2,32,53,3,Baris Riil Transaksi Aktif
2026-08-23,T2,LAUT,1320,Sapudi,Jawa Timur,-7.1704712,114.3265991,,4,342,3,600,942,7,Baris Riil Transaksi Aktif
2026-08-24,T2,LAUT,1320,Sapudi,Jawa Timur,-7.1704712,114.3265991,,0,0,2,20,20,2,Baris Riil Transaksi Aktif
2026-08-24,T2,LAUT,1320,Sapudi,Jawa Timur,-7.1704712,114.3265991,,5,286,5,352,638,10,Baris Riil Transaksi Aktif
2026-08-25,T2,LAUT,1320,Sapudi,Jawa Timur,-7.1704712,114.3265991,,1,9,0,0,9,1,Baris Riil Transaksi Aktif
2026-08-25,T2,LAUT,1320,Sapudi,Jawa Timur,-7.1704712,114.3265991,,4,174,4,516,690,8,Baris Riil Transaksi Aktif
2026-08-26,T2,LAUT,1320,Sapudi,Jawa Timur,-7.1704712,114.3265991,,2,15,3,48,63,5,Baris Riil Transaksi Aktif
2026-08-26,T2,LAUT,1320,Sapudi,Jawa Timur,-7.1704712,114.3265991,,4,721,3,377,1098,7,Baris Riil Transaksi Aktif
2026-08-27,T2,LAUT,1320,Sapudi,Jawa Timur,-7.1704712,114.3265991,,1,0,1,31,31,2,Baris Riil Transaksi Aktif
2026-08-27,T2,LAUT,1320,Sapudi,Jawa Timur,-7.1704712,114.3265991,,6,478,6,309,787,12,Baris Riil Transaksi Aktif
2026-08-28,T2,LAUT,1320,Sapudi,Jawa Timur,-7.1704712,114.3265991,,1,25,2,26,51,3,Baris Riil Transaksi Aktif
2026-08-28,T2,LAUT,1320,Sapudi,Jawa Timur,-7.1704712,114.3265991,,4,701,3,92,793,7,Baris Riil Transaksi Aktif
2026-08-29,T2,LAUT,1320,Sapudi,Jawa Timur,-7.1704712,114.3265991,,2,4,1,19,23,3,Baris Riil Transaksi Aktif
2026-08-29,T2,LAUT,1320,Sapudi,Jawa Timur,-7.1704712,114.3265991,,4,583,4,143,726,8,Baris Riil Transaksi Aktif
2026-08-30,T2,LAUT,1320,Sapudi,Jawa Timur,-7.1704712,114.3265991,,1,27,1,35,62,2,Baris Riil Transaksi Aktif
2026-08-30,T2,LAUT,1320,Sapudi,Jawa Timur,-7.1704712,114.3265991,,4,778,2,160,938,6,Baris Riil Transaksi Aktif
2026-08-31,T2,LAUT,1320,Sapudi,Jawa Timur,-7.1704712,114.3265991,,0,0,2,96,96,2,Baris Riil Transaksi Aktif
2026-08-31,T2,LAUT,1320,Sapudi,Jawa Timur,-7.1704712,114.3265991,,4,282,3,212,494,7,Baris Riil Transaksi Aktif
2026-09-06,T3,LAUT,1320,Sapudi,Jawa Timur,-7.1704712,114.3265991,,1,23,0,0,23,1,Baris Riil Transaksi Aktif
2026-09-06,T3,LAUT,1320,Sapudi,Jawa Timur,-7.1704712,114.3265991,,4,282,3,187,469,7,Baris Riil Transaksi Aktif
2026-09-07,T3,LAUT,1320,Sapudi,Jawa Timur,-7.1704712,114.3265991,,1,20,1,35,55,2,Baris Riil Transaksi Aktif
2026-09-07,T3,LAUT,1320,Sapudi,Jawa Timur,-7.1704712,114.3265991,,3,387,3,134,521,6,Baris Riil Transaksi Aktif
2026-09-08,T3,LAUT,1320,Sapudi,Jawa Timur,-7.1704712,114.3265991,,1,18,1,43,61,2,Baris Riil Transaksi Aktif
2026-09-08,T3,LAUT,1320,Sapudi,Jawa Timur,-7.1704712,114.3265991,,4,357,4,322,679,8,Baris Riil Transaksi Aktif
2026-09-09,T3,LAUT,1320,Sapudi,Jawa Timur,-7.1704712,114.3265991,,2,0,4,134,134,6,Baris Riil Transaksi Aktif
2026-09-09,T3,LAUT,1320,Sapudi,Jawa Timur,-7.1704712,114.3265991,,4,287,3,215,502,7,Baris Riil Transaksi Aktif
2026-09-10,T3,LAUT,1320,Sapudi,Jawa Timur,-7.1704712,114.3265991,,0,0,2,41,41,2,Baris Riil Transaksi Aktif
2026-09-10,T3,LAUT,1320,Sapudi,Jawa Timur,-7.1704712,114.3265991,,5,324,5,245,569,10,Baris Riil Transaksi Aktif
2026-09-11,T3,LAUT,1320,Sapudi,Jawa Timur,-7.1704712,114.3265991,,1,31,2,25,56,3,Baris Riil Transaksi Aktif
2026-09-11,T3,LAUT,1320,Sapudi,Jawa Timur,-7.1704712,114.3265991,,2,91,1,132,223,3,Baris Riil Transaksi Aktif
2026-09-12,T3,LAUT,1320,Sapudi,Jawa Timur,-7.1704712,114.3265991,,0,0,2,27,27,2,Baris Riil Transaksi Aktif
2026-09-12,T3,LAUT,1320,Sapudi,Jawa Timur,-7.1704712,114.3265991,,5,436,4,324,760,9,Baris Riil Transaksi Aktif
2026-09-15,T3,LAUT,1320,Sapudi,Jawa Timur,-7.1704712,114.3265991,,0,0,1,48,48,1,Baris Riil Transaksi Aktif
2026-09-15,T3,LAUT,1320,Sapudi,Jawa Timur,-7.1704712,114.3265991,,4,454,3,306,760,7,Baris Riil Transaksi Aktif
2026-09-16,T3,LAUT,1320,Sapudi,Jawa Timur,-7.1704712,114.3265991,,0,0,1,4,4,1,Baris Riil Transaksi Aktif
2026-09-16,T3,LAUT,1320,Sapudi,Jawa Timur,-7.1704712,114.3265991,,4,427,4,229,656,8,Baris Riil Transaksi Aktif
2026-09-17,T3,LAUT,1320,Sapudi,Jawa Timur,-7.1704712,114.3265991,,1,5,3,76,81,4,Baris Riil Transaksi Aktif
2026-09-17,T3,LAUT,1320,Sapudi,Jawa Timur,-7.1704712,114.3265991,,5,257,5,236,493,10,Baris Riil Transaksi Aktif
2026-09-18,T3,LAUT,1320,Sapudi,Jawa Timur,-7.1704712,114.3265991,,2,7,1,34,41,3,Baris Riil Transaksi Aktif
2026-09-18,T3,LAUT,1320,Sapudi,Jawa Timur,-7.1704712,114.3265991,,3,105,1,251,356,4,Baris Riil Transaksi Aktif
2026-09-19,T3,LAUT,1320,Sapudi,Jawa Timur,-7.1704712,114.3265991,,1,29,1,12,41,2,Baris Riil Transaksi Aktif
2026-09-19,T3,LAUT,1320,Sapudi,Jawa Timur,-7.1704712,114.3265991,,4,523,4,488,1011,8,Baris Riil Transaksi Aktif
2026-09-21,T3,LAUT,1320,Sapudi,Jawa Timur,-7.1704712,114.3265991,,0,0,1,19,19,1,Baris Riil Transaksi Aktif
2026-09-21,T3,LAUT,1320,Sapudi,Jawa Timur,-7.1704712,114.3265991,,4,449,4,369,818,8,Baris Riil Transaksi Aktif
2026-09-22,T3,LAUT,1320,Sapudi,Jawa Timur,-7.1704712,114.3265991,,0,0,2,33,33,2,Baris Riil Transaksi Aktif
2026-09-22,T3,LAUT,1320,Sapudi,Jawa Timur,-7.1704712,114.3265991,,4,388,4,365,753,8,Baris Riil Transaksi Aktif
2026-09-23,T3,LAUT,1320,Sapudi,Jawa Timur,-7.1704712,114.3265991,,0,0,1,27,27,1,Baris Riil Transaksi Aktif
2026-09-23,T3,LAUT,1320,Sapudi,Jawa Timur,-7.1704712,114.3265991,,5,799,4,310,1109,9,Baris Riil Transaksi Aktif
2026-01-30,T1,LAUT,107,Sarmi,Papua,-1.857337745,138.7516215,,0,0,0,0,0,0,Baris Dummy Nol Sistem
2026-01-30,T1,LAUT,107,Sarmi,Papua,-1.857337745,138.7516215,,1,12,0,0,12,1,Baris Riil Transaksi Aktif
2026-01-08,T1,LAUT,92,Saumlaki,Maluku,-7.980896,131.291626,,0,0,0,0,0,0,Baris Dummy Nol Sistem
2026-01-08,T1,LAUT,92,Saumlaki,Maluku,-7.980896,131.291626,,1,389,0,0,389,1,Baris Riil Transaksi Aktif
2026-03-15,T1,LAUT,92,Saumlaki,Maluku,-7.980896,131.291626,,0,0,0,0,0,0,Baris Dummy Nol Sistem
2026-03-15,T1,LAUT,92,Saumlaki,Maluku,-7.980896,131.291626,,4,110,2,591,701,6,Baris Riil Transaksi Aktif
2026-03-16,T1,LAUT,92,Saumlaki,Maluku,-7.980896,131.291626,,0,0,0,0,0,0,Baris Dummy Nol Sistem
2026-03-16,T1,LAUT,92,Saumlaki,Maluku,-7.980896,131.291626,,4,129,2,117,246,6,Baris Riil Transaksi Aktif
2026-03-17,T1,LAUT,92,Saumlaki,Maluku,-7.980896,131.291626,,0,0,0,0,0,0,Baris Dummy Nol Sistem
2026-03-17,T1,LAUT,92,Saumlaki,Maluku,-7.980896,131.291626,,1,0,1,40,40,2,Baris Riil Transaksi Aktif
2026-03-20,T1,LAUT,92,Saumlaki,Maluku,-7.980896,131.291626,,0,0,0,0,0,0,Baris Dummy Nol Sistem
2026-03-20,T1,LAUT,92,Saumlaki,Maluku,-7.980896,131.291626,,1,0,1,51,51,2,Baris Riil Transaksi Aktif
2026-03-21,T1,LAUT,92,Saumlaki,Maluku,-7.980896,131.291626,,0,0,0,0,0,0,Baris Dummy Nol Sistem
2026-03-21,T1,LAUT,92,Saumlaki,Maluku,-7.980896,131.291626,,3,456,3,237,693,6,Baris Riil Transaksi Aktif
2026-03-22,T1,LAUT,92,Saumlaki,Maluku,-7.980896,131.291626,,0,0,0,0,0,0,Baris Dummy Nol Sistem
2026-03-22,T1,LAUT,92,Saumlaki,Maluku,-7.980896,131.291626,,3,467,0,0,467,3,Baris Riil Transaksi Aktif
2026-03-23,T1,LAUT,92,Saumlaki,Maluku,-7.980896,131.291626,,0,0,0,0,0,0,Baris Dummy Nol Sistem
2026-03-23,T1,LAUT,92,Saumlaki,Maluku,-7.980896,131.291626,,1,0,1,173,173,2,Baris Riil Transaksi Aktif
2026-03-29,T1,LAUT,92,Saumlaki,Maluku,-7.980896,131.291626,,0,0,0,0,0,0,Baris Dummy Nol Sistem
2026-03-29,T1,LAUT,92,Saumlaki,Maluku,-7.980896,131.291626,,1,0,1,13,13,2,Baris Riil Transaksi Aktif
2026-03-15,T1,LAUT,13,Sei Kolak Kijang,Kepulauan Riau,0.860456,104.611441,,0,0,0,0,0,0,Baris Dummy Nol Sistem
2026-03-15,T1,LAUT,13,Sei Kolak Kijang,Kepulauan Riau,0.860456,104.611441,,1,302,0,0,302,1,Baris Riil Transaksi Aktif
2026-03-16,T1,LAUT,13,Sei Kolak Kijang,Kepulauan Riau,0.860456,104.611441,,0,0,0,0,0,0,Baris Dummy Nol Sistem
2026-03-16,T1,LAUT,13,Sei Kolak Kijang,Kepulauan Riau,0.860456,104.611441,,1,0,1,340,340,2,Baris Riil Transaksi Aktif
2026-03-17,T1,LAUT,13,Sei Kolak Kijang,Kepulauan Riau,0.860456,104.611441,,0,0,0,0,0,0,Baris Dummy Nol Sistem
2026-03-17,T1,LAUT,13,Sei Kolak Kijang,Kepulauan Riau,0.860456,104.611441,,1,914,0,0,914,1,Baris Riil Transaksi Aktif
2026-03-21,T1,LAUT,13,Sei Kolak Kijang,Kepulauan Riau,0.860456,104.611441,,0,0,0,0,0,0,Baris Dummy Nol Sistem
2026-03-21,T1,LAUT,13,Sei Kolak Kijang,Kepulauan Riau,0.860456,104.611441,,1,0,1,27,27,2,Baris Riil Transaksi Aktif
2026-03-24,T1,LAUT,13,Sei Kolak Kijang,Kepulauan Riau,0.860456,104.611441,,0,0,0,0,0,0,Baris Dummy Nol Sistem
2026-03-24,T1,LAUT,13,Sei Kolak Kijang,Kepulauan Riau,0.860456,104.611441,,1,0,0,0,0,1,Baris Riil Transaksi Aktif
2026-03-27,T1,LAUT,13,Sei Kolak Kijang,Kepulauan Riau,0.860456,104.611441,,0,0,0,0,0,0,Baris Dummy Nol Sistem
2026-03-27,T1,LAUT,13,Sei Kolak Kijang,Kepulauan Riau,0.860456,104.611441,,1,0,1,0,0,2,Baris Riil Transaksi Aktif
2026-01-01,T1,LAUT,7,Selat Panjang,Riau,1.0162715464784533,102.714597719739,,5,42,4,62,104,9,Baris Riil Transaksi Aktif
2026-01-01,T1,LAUT,7,Selat Panjang,Riau,1.0162715464784533,102.714597719739,,29,803,28,820,1623,57,Baris Riil Transaksi Aktif
2026-01-02,T1,LAUT,7,Selat Panjang,Riau,1.0162715464784533,102.714597719739,,5,191,4,64,255,9,Baris Riil Transaksi Aktif
2026-01-02,T1,LAUT,7,Selat Panjang,Riau,1.0162715464784533,102.714597719739,,31,1440,30,1240,2680,61,Baris Riil Transaksi Aktif
2026-01-03,T1,LAUT,7,Selat Panjang,Riau,1.0162715464784533,102.714597719739,,2,11,2,22,33,4,Baris Riil Transaksi Aktif
2026-01-03,T1,LAUT,7,Selat Panjang,Riau,1.0162715464784533,102.714597719739,,34,1450,33,1147,2597,67,Baris Riil Transaksi Aktif
2026-01-04,T1,LAUT,7,Selat Panjang,Riau,1.0162715464784533,102.714597719739,,4,82,4,91,173,8,Baris Riil Transaksi Aktif
2026-01-04,T1,LAUT,7,Selat Panjang,Riau,1.0162715464784533,102.714597719739,,30,1532,30,1089,2621,60,Baris Riil Transaksi Aktif
2026-01-05,T1,LAUT,7,Selat Panjang,Riau,1.0162715464784533,102.714597719739,,4,76,4,52,128,8,Baris Riil Transaksi Aktif
2026-01-05,T1,LAUT,7,Selat Panjang,Riau,1.0162715464784533,102.714597719739,,37,1087,38,1100,2187,75,Baris Riil Transaksi Aktif
2026-01-06,T1,LAUT,7,Selat Panjang,Riau,1.0162715464784533,102.714597719739,,2,13,2,7,20,4,Baris Riil Transaksi Aktif
2026-01-06,T1,LAUT,7,Selat Panjang,Riau,1.0162715464784533,102.714597719739,,33,835,30,673,1508,63,Baris Riil Transaksi Aktif
2026-01-07,T1,LAUT,7,Selat Panjang,Riau,1.0162715464784533,102.714597719739,,4,61,4,56,117,8,Baris Riil Transaksi Aktif
2026-01-07,T1,LAUT,7,Selat Panjang,Riau,1.0162715464784533,102.714597719739,,34,887,33,990,1877,67,Baris Riil Transaksi Aktif
2026-01-08,T1,LAUT,7,Selat Panjang,Riau,1.0162715464784533,102.714597719739,,4,49,4,42,91,8,Baris Riil Transaksi Aktif
2026-01-08,T1,LAUT,7,Selat Panjang,Riau,1.0162715464784533,102.714597719739,,12,114,10,62,176,22,Baris Riil Transaksi Aktif
2026-03-03,T1,LAUT,7,Selat Panjang,Riau,1.0162715464784533,102.714597719739,,1,0,0,0,0,1,Baris Riil Transaksi Aktif
2026-03-03,T1,LAUT,7,Selat Panjang,Riau,1.0162715464784533,102.714597719739,,23,549,23,426,975,46,Baris Riil Transaksi Aktif
2026-03-04,T1,LAUT,7,Selat Panjang,Riau,1.0162715464784533,102.714597719739,,2,0,0,0,0,2,Baris Riil Transaksi Aktif
2026-03-04,T1,LAUT,7,Selat Panjang,Riau,1.0162715464784533,102.714597719739,,32,713,28,599,1312,60,Baris Riil Transaksi Aktif
2026-03-05,T1,LAUT,7,Selat Panjang,Riau,1.0162715464784533,102.714597719739,,4,54,4,68,122,8,Baris Riil Transaksi Aktif
2026-03-05,T1,LAUT,7,Selat Panjang,Riau,1.0162715464784533,102.714597719739,,32,585,31,604,1189,63,Baris Riil Transaksi Aktif
2026-03-06,T1,LAUT,7,Selat Panjang,Riau,1.0162715464784533,102.714597719739,,4,32,4,56,88,8,Baris Riil Transaksi Aktif
2026-03-06,T1,LAUT,7,Selat Panjang,Riau,1.0162715464784533,102.714597719739,,30,716,28,580,1296,58,Baris Riil Transaksi Aktif
2026-03-07,T1,LAUT,7,Selat Panjang,Riau,1.0162715464784533,102.714597719739,,4,59,3,19,78,7,Baris Riil Transaksi Aktif
2026-03-07,T1,LAUT,7,Selat Panjang,Riau,1.0162715464784533,102.714597719739,,27,660,26,477,1137,53,Baris Riil Transaksi Aktif
2026-03-08,T1,LAUT,7,Selat Panjang,Riau,1.0162715464784533,102.714597719739,,4,40,4,50,90,8,Baris Riil Transaksi Aktif
2026-03-08,T1,LAUT,7,Selat Panjang,Riau,1.0162715464784533,102.714597719739,,33,1024,32,525,1549,65,Baris Riil Transaksi Aktif
2026-03-10,T1,LAUT,7,Selat Panjang,Riau,1.0162715464784533,102.714597719739,,4,55,2,41,96,6,Baris Riil Transaksi Aktif
2026-03-10,T1,LAUT,7,Selat Panjang,Riau,1.0162715464784533,102.714597719739,,27,883,26,455,1338,53,Baris Riil Transaksi Aktif
2026-03-11,T1,LAUT,7,Selat Panjang,Riau,1.0162715464784533,102.714597719739,,4,58,3,32,90,7,Baris Riil Transaksi Aktif
2026-03-11,T1,LAUT,7,Selat Panjang,Riau,1.0162715464784533,102.714597719739,,32,1105,32,603,1708,64,Baris Riil Transaksi Aktif
2026-03-12,T1,LAUT,7,Selat Panjang,Riau,1.0162715464784533,102.714597719739,,4,48,2,32,80,6,Baris Riil Transaksi Aktif
2026-03-12,T1,LAUT,7,Selat Panjang,Riau,1.0162715464784533,102.714597719739,,33,1090,33,707,1797,66,Baris Riil Transaksi Aktif
2026-03-13,T1,LAUT,7,Selat Panjang,Riau,1.0162715464784533,102.714597719739,,1,3,1,12,15,2,Baris Riil Transaksi Aktif
2026-03-13,T1,LAUT,7,Selat Panjang,Riau,1.0162715464784533,102.714597719739,,31,1537,30,733,2270,61,Baris Riil Transaksi Aktif
2026-03-15,T1,LAUT,7,Selat Panjang,Riau,1.0162715464784533,102.714597719739,,4,76,2,42,118,6,Baris Riil Transaksi Aktif
2026-03-15,T1,LAUT,7,Selat Panjang,Riau,1.0162715464784533,102.714597719739,,41,2576,39,807,3383,80,Baris Riil Transaksi Aktif
2026-03-16,T1,LAUT,7,Selat Panjang,Riau,1.0162715464784533,102.714597719739,,4,105,4,84,189,8,Baris Riil Transaksi Aktif
2026-03-16,T1,LAUT,7,Selat Panjang,Riau,1.0162715464784533,102.714597719739,,40,2514,39,860,3374,79,Baris Riil Transaksi Aktif
2026-03-17,T1,LAUT,7,Selat Panjang,Riau,1.0162715464784533,102.714597719739,,4,64,4,66,130,8,Baris Riil Transaksi Aktif
2026-03-17,T1,LAUT,7,Selat Panjang,Riau,1.0162715464784533,102.714597719739,,42,2729,42,917,3646,84,Baris Riil Transaksi Aktif
2026-03-18,T1,LAUT,7,Selat Panjang,Riau,1.0162715464784533,102.714597719739,,7,171,6,126,297,13,Baris Riil Transaksi Aktif
2026-03-18,T1,LAUT,7,Selat Panjang,Riau,1.0162715464784533,102.714597719739,,44,3727,41,1062,4789,85,Baris Riil Transaksi Aktif
2026-03-19,T1,LAUT,7,Selat Panjang,Riau,1.0162715464784533,102.714597719739,,6,142,6,133,275,12,Baris Riil Transaksi Aktif
2026-03-19,T1,LAUT,7,Selat Panjang,Riau,1.0162715464784533,102.714597719739,,45,3778,43,1005,4783,88,Baris Riil Transaksi Aktif
2026-03-20,T1,LAUT,7,Selat Panjang,Riau,1.0162715464784533,102.714597719739,,4,45,2,32,77,6,Baris Riil Transaksi Aktif
2026-03-20,T1,LAUT,7,Selat Panjang,Riau,1.0162715464784533,102.714597719739,,27,1472,25,335,1807,52,Baris Riil Transaksi Aktif
2026-03-22,T1,LAUT,7,Selat Panjang,Riau,1.0162715464784533,102.714597719739,,5,135,5,133,268,10,Baris Riil Transaksi Aktif
2026-03-22,T1,LAUT,7,Selat Panjang,Riau,1.0162715464784533,102.714597719739,,30,1807,30,1938,3745,60,Baris Riil Transaksi Aktif
2026-03-23,T1,LAUT,7,Selat Panjang,Riau,1.0162715464784533,102.714597719739,,4,151,3,100,251,7,Baris Riil Transaksi Aktif
2026-03-23,T1,LAUT,7,Selat Panjang,Riau,1.0162715464784533,102.714597719739,,38,1893,34,2688,4581,72,Baris Riil Transaksi Aktif
2026-03-24,T1,LAUT,7,Selat Panjang,Riau,1.0162715464784533,102.714597719739,,6,151,5,128,279,11,Baris Riil Transaksi Aktif
2026-03-24,T1,LAUT,7,Selat Panjang,Riau,1.0162715464784533,102.714597719739,,39,1637,38,3031,4668,77,Baris Riil Transaksi Aktif
2026-03-25,T1,LAUT,7,Selat Panjang,Riau,1.0162715464784533,102.714597719739,,6,126,5,93,219,11,Baris Riil Transaksi Aktif
2026-03-25,T1,LAUT,7,Selat Panjang,Riau,1.0162715464784533,102.714597719739,,39,1822,39,2829,4651,78,Baris Riil Transaksi Aktif
2026-03-26,T1,LAUT,7,Selat Panjang,Riau,1.0162715464784533,102.714597719739,,4,99,4,116,215,8,Baris Riil Transaksi Aktif
2026-03-26,T1,LAUT,7,Selat Panjang,Riau,1.0162715464784533,102.714597719739,,41,1914,42,2955,4869,83,Baris Riil Transaksi Aktif
2026-03-27,T1,LAUT,7,Selat Panjang,Riau,1.0162715464784533,102.714597719739,,4,109,4,110,219,8,Baris Riil Transaksi Aktif
2026-03-27,T1,LAUT,7,Selat Panjang,Riau,1.0162715464784533,102.714597719739,,43,2870,40,3203,6073,83,Baris Riil Transaksi Aktif
2026-03-28,T1,LAUT,7,Selat Panjang,Riau,1.0162715464784533,102.714597719739,,6,176,6,164,340,12,Baris Riil Transaksi Aktif
2026-03-28,T1,LAUT,7,Selat Panjang,Riau,1.0162715464784533,102.714597719739,,44,2402,42,3128,5530,86,Baris Riil Transaksi Aktif
2026-03-29,T1,LAUT,7,Selat Panjang,Riau,1.0162715464784533,102.714597719739,,4,123,5,149,272,9,Baris Riil Transaksi Aktif
2026-03-29,T1,LAUT,7,Selat Panjang,Riau,1.0162715464784533,102.714597719739,,45,2073,44,3367,5440,89,Baris Riil Transaksi Aktif
2026-03-30,T1,LAUT,7,Selat Panjang,Riau,1.0162715464784533,102.714597719739,,4,82,4,84,166,8,Baris Riil Transaksi Aktif
2026-03-30,T1,LAUT,7,Selat Panjang,Riau,1.0162715464784533,102.714597719739,,41,1302,42,3084,4386,83,Baris Riil Transaksi Aktif
2026-03-31,T1,LAUT,7,Selat Panjang,Riau,1.0162715464784533,102.714597719739,,6,88,6,92,180,12,Baris Riil Transaksi Aktif
2026-03-31,T1,LAUT,7,Selat Panjang,Riau,1.0162715464784533,102.714597719739,,37,878,36,2449,3327,73,Baris Riil Transaksi Aktif
2026-04-01,T1,LAUT,7,Selat Panjang,Riau,1.0162715464784533,102.714597719739,,4,48,4,63,111,8,Baris Riil Transaksi Aktif
2026-04-01,T1,LAUT,7,Selat Panjang,Riau,1.0162715464784533,102.714597719739,,35,1000,35,2466,3466,70,Baris Riil Transaksi Aktif
2026-04-02,T1,LAUT,7,Selat Panjang,Riau,1.0162715464784533,102.714597719739,,6,163,6,202,365,12,Baris Riil Transaksi Aktif
2026-04-02,T1,LAUT,7,Selat Panjang,Riau,1.0162715464784533,102.714597719739,,32,863,32,1743,2606,64,Baris Riil Transaksi Aktif
2026-04-03,T1,LAUT,7,Selat Panjang,Riau,1.0162715464784533,102.714597719739,,6,189,6,164,353,12,Baris Riil Transaksi Aktif
2026-04-03,T1,LAUT,7,Selat Panjang,Riau,1.0162715464784533,102.714597719739,,28,1227,27,1773,3000,55,Baris Riil Transaksi Aktif
2026-04-04,T1,LAUT,7,Selat Panjang,Riau,1.0162715464784533,102.714597719739,,4,58,3,25,83,7,Baris Riil Transaksi Aktif
2026-04-04,T1,LAUT,7,Selat Panjang,Riau,1.0162715464784533,102.714597719739,,34,829,33,1388,2217,67,Baris Riil Transaksi Aktif
2026-04-05,T1,LAUT,7,Selat Panjang,Riau,1.0162715464784533,102.714597719739,,5,37,4,88,125,9,Baris Riil Transaksi Aktif
2026-04-05,T1,LAUT,7,Selat Panjang,Riau,1.0162715464784533,102.714597719739,,34,1111,31,1409,2520,65,Baris Riil Transaksi Aktif
2026-01-02,T1,LAUT,1374,Sinjai,Sulawesi Selatan,-5.116144996,120.2891822,,1,0,1,0,0,2,Baris Riil Transaksi Aktif
2026-01-02,T1,LAUT,1374,Sinjai,Sulawesi Selatan,-5.116144996,120.2891822,,0,0,0,0,0,0,Baris Dummy Nol Sistem
2026-03-14,T1,LAUT,1374,Sinjai,Sulawesi Selatan,-5.116144996,120.2891822,,0,0,0,0,0,0,Baris Dummy Nol Sistem
2026-03-14,T1,LAUT,1374,Sinjai,Sulawesi Selatan,-5.116144996,120.2891822,,1,0,0,0,0,1,Baris Riil Transaksi Aktif
2026-03-18,T1,LAUT,1374,Sinjai,Sulawesi Selatan,-5.116144996,120.2891822,,0,0,0,0,0,0,Baris Dummy Nol Sistem
2026-03-18,T1,LAUT,1374,Sinjai,Sulawesi Selatan,-5.116144996,120.2891822,,1,0,1,0,0,2,Baris Riil Transaksi Aktif
2026-03-21,T1,LAUT,1374,Sinjai,Sulawesi Selatan,-5.116144996,120.2891822,,0,0,0,0,0,0,Baris Dummy Nol Sistem
2026-03-21,T1,LAUT,1374,Sinjai,Sulawesi Selatan,-5.116144996,120.2891822,,1,0,0,0,0,1,Baris Riil Transaksi Aktif
2026-03-25,T1,LAUT,1374,Sinjai,Sulawesi Selatan,-5.116144996,120.2891822,,0,0,0,0,0,0,Baris Dummy Nol Sistem
2026-03-25,T1,LAUT,1374,Sinjai,Sulawesi Selatan,-5.116144996,120.2891822,,1,0,1,0,0,2,Baris Riil Transaksi Aktif
2026-03-28,T1,LAUT,1374,Sinjai,Sulawesi Selatan,-5.116144996,120.2891822,,0,0,0,0,0,0,Baris Dummy Nol Sistem
2026-03-28,T1,LAUT,1374,Sinjai,Sulawesi Selatan,-5.116144996,120.2891822,,1,0,0,0,0,1,Baris Riil Transaksi Aktif
2026-03-31,T1,LAUT,1374,Sinjai,Sulawesi Selatan,-5.116144996,120.2891822,,1,0,1,0,0,2,Baris Riil Transaksi Aktif
2026-03-31,T1,LAUT,1374,Sinjai,Sulawesi Selatan,-5.116144996,120.2891822,,0,0,0,0,0,0,Baris Dummy Nol Sistem
2026-04-06,T1,LAUT,1374,Sinjai,Sulawesi Selatan,-5.116144996,120.2891822,,0,0,0,0,0,0,Baris Dummy Nol Sistem
2026-04-06,T1,LAUT,1374,Sinjai,Sulawesi Selatan,-5.116144996,120.2891822,,1,0,0,0,0,1,Baris Riil Transaksi Aktif
2026-04-08,T1,LAUT,1374,Sinjai,Sulawesi Selatan,-5.116144996,120.2891822,,1,0,2,0,0,3,Baris Riil Transaksi Aktif
2026-04-08,T1,LAUT,1374,Sinjai,Sulawesi Selatan,-5.116144996,120.2891822,,0,0,0,0,0,0,Baris Dummy Nol Sistem
2026-01-03,T1,LAUT,388,Sintete,Kalimantan Barat,1.19706385,109.0557112,,0,0,0,0,0,0,Baris Dummy Nol Sistem
2026-01-03,T1,LAUT,388,Sintete,Kalimantan Barat,1.19706385,109.0557112,,1,0,1,45,45,2,Baris Riil Transaksi Aktif
2026-03-05,T1,LAUT,111,Soasio,Maluku Utara,0.67999,127.45603,,3,31,1,56,87,4,Baris Riil Transaksi Aktif
2026-03-05,T1,LAUT,111,Soasio,Maluku Utara,0.67999,127.45603,,2,51,0,0,51,2,Baris Riil Transaksi Aktif
2026-03-06,T1,LAUT,111,Soasio,Maluku Utara,0.67999,127.45603,,1,13,0,0,13,1,Baris Riil Transaksi Aktif
2026-03-06,T1,LAUT,111,Soasio,Maluku Utara,0.67999,127.45603,,71,886,68,1047,1933,139,Baris Riil Transaksi Aktif
2026-03-07,T1,LAUT,111,Soasio,Maluku Utara,0.67999,127.45603,,1,0,1,158,158,2,Baris Riil Transaksi Aktif
2026-03-07,T1,LAUT,111,Soasio,Maluku Utara,0.67999,127.45603,,26,67,26,502,569,52,Baris Riil Transaksi Aktif
2026-03-09,T1,LAUT,111,Soasio,Maluku Utara,0.67999,127.45603,,1,49,0,0,49,1,Baris Riil Transaksi Aktif
2026-03-09,T1,LAUT,111,Soasio,Maluku Utara,0.67999,127.45603,,22,252,20,438,690,42,Baris Riil Transaksi Aktif
2026-03-10,T1,LAUT,111,Soasio,Maluku Utara,0.67999,127.45603,,1,0,1,124,124,2,Baris Riil Transaksi Aktif
2026-03-10,T1,LAUT,111,Soasio,Maluku Utara,0.67999,127.45603,,4,94,4,139,233,8,Baris Riil Transaksi Aktif
2026-03-11,T1,LAUT,111,Soasio,Maluku Utara,0.67999,127.45603,,1,30,0,0,30,1,Baris Riil Transaksi Aktif
2026-03-11,T1,LAUT,111,Soasio,Maluku Utara,0.67999,127.45603,,5,142,4,94,236,9,Baris Riil Transaksi Aktif
2026-03-12,T1,LAUT,111,Soasio,Maluku Utara,0.67999,127.45603,,1,0,1,205,205,2,Baris Riil Transaksi Aktif
2026-03-12,T1,LAUT,111,Soasio,Maluku Utara,0.67999,127.45603,,4,95,2,101,196,6,Baris Riil Transaksi Aktif
2026-03-14,T1,LAUT,111,Soasio,Maluku Utara,0.67999,127.45603,,2,45,1,157,202,3,Baris Riil Transaksi Aktif
2026-03-14,T1,LAUT,111,Soasio,Maluku Utara,0.67999,127.45603,,49,748,51,843,1591,100,Baris Riil Transaksi Aktif
2026-03-14,T1,LAUT,383,Sunda Kelapa,DKI Jakarta,-6.120116,106.809769,,0,0,0,0,0,0,Baris Dummy Nol Sistem
2026-03-14,T1,LAUT,383,Sunda Kelapa,DKI Jakarta,-6.120116,106.809769,,11,212,12,236,448,23,Baris Riil Transaksi Aktif
2026-03-15,T1,LAUT,383,Sunda Kelapa,DKI Jakarta,-6.120116,106.809769,,0,0,0,0,0,0,Baris Dummy Nol Sistem
2026-03-15,T1,LAUT,383,Sunda Kelapa,DKI Jakarta,-6.120116,106.809769,,9,308,8,170,478,17,Baris Riil Transaksi Aktif
2026-03-16,T1,LAUT,383,Sunda Kelapa,DKI Jakarta,-6.120116,106.809769,,0,0,0,0,0,0,Baris Dummy Nol Sistem
2026-03-16,T1,LAUT,383,Sunda Kelapa,DKI Jakarta,-6.120116,106.809769,,6,79,5,145,224,11,Baris Riil Transaksi Aktif
2026-03-17,T1,LAUT,383,Sunda Kelapa,DKI Jakarta,-6.120116,106.809769,,0,0,0,0,0,0,Baris Dummy Nol Sistem
2026-03-17,T1,LAUT,383,Sunda Kelapa,DKI Jakarta,-6.120116,106.809769,,6,97,6,90,187,12,Baris Riil Transaksi Aktif
2026-03-18,T1,LAUT,383,Sunda Kelapa,DKI Jakarta,-6.120116,106.809769,,0,0,0,0,0,0,Baris Dummy Nol Sistem
2026-03-18,T1,LAUT,383,Sunda Kelapa,DKI Jakarta,-6.120116,106.809769,,10,158,13,333,491,23,Baris Riil Transaksi Aktif
2026-03-19,T1,LAUT,383,Sunda Kelapa,DKI Jakarta,-6.120116,106.809769,,0,0,0,0,0,0,Baris Dummy Nol Sistem
2026-03-19,T1,LAUT,383,Sunda Kelapa,DKI Jakarta,-6.120116,106.809769,,16,391,12,227,618,28,Baris Riil Transaksi Aktif
2026-03-20,T1,LAUT,383,Sunda Kelapa,DKI Jakarta,-6.120116,106.809769,,0,0,0,0,0,0,Baris Dummy Nol Sistem
2026-03-20,T1,LAUT,383,Sunda Kelapa,DKI Jakarta,-6.120116,106.809769,,16,570,13,389,959,29,Baris Riil Transaksi Aktif
2026-03-21,T1,LAUT,383,Sunda Kelapa,DKI Jakarta,-6.120116,106.809769,,0,0,0,0,0,0,Baris Dummy Nol Sistem
2026-03-21,T1,LAUT,383,Sunda Kelapa,DKI Jakarta,-6.120116,106.809769,,11,466,11,485,951,22,Baris Riil Transaksi Aktif
2026-03-22,T1,LAUT,383,Sunda Kelapa,DKI Jakarta,-6.120116,106.809769,,0,0,0,0,0,0,Baris Dummy Nol Sistem
2026-03-22,T1,LAUT,383,Sunda Kelapa,DKI Jakarta,-6.120116,106.809769,,21,1030,20,682,1712,41,Baris Riil Transaksi Aktif
2026-03-23,T1,LAUT,383,Sunda Kelapa,DKI Jakarta,-6.120116,106.809769,,0,0,0,0,0,0,Baris Dummy Nol Sistem
2026-03-23,T1,LAUT,383,Sunda Kelapa,DKI Jakarta,-6.120116,106.809769,,16,831,17,881,1712,33,Baris Riil Transaksi Aktif
2026-03-24,T1,LAUT,383,Sunda Kelapa,DKI Jakarta,-6.120116,106.809769,,0,0,0,0,0,0,Baris Dummy Nol Sistem
2026-03-24,T1,LAUT,383,Sunda Kelapa,DKI Jakarta,-6.120116,106.809769,,18,836,15,752,1588,33,Baris Riil Transaksi Aktif
2026-03-25,T1,LAUT,383,Sunda Kelapa,DKI Jakarta,-6.120116,106.809769,,0,0,0,0,0,0,Baris Dummy Nol Sistem
2026-03-25,T1,LAUT,383,Sunda Kelapa,DKI Jakarta,-6.120116,106.809769,,14,523,12,560,1083,26,Baris Riil Transaksi Aktif
2026-03-26,T1,LAUT,383,Sunda Kelapa,DKI Jakarta,-6.120116,106.809769,,0,0,0,0,0,0,Baris Dummy Nol Sistem
2026-03-26,T1,LAUT,383,Sunda Kelapa,DKI Jakarta,-6.120116,106.809769,,16,379,15,488,867,31,Baris Riil Transaksi Aktif
2026-03-27,T1,LAUT,383,Sunda Kelapa,DKI Jakarta,-6.120116,106.809769,,0,0,0,0,0,0,Baris Dummy Nol Sistem
2026-03-27,T1,LAUT,383,Sunda Kelapa,DKI Jakarta,-6.120116,106.809769,,13,417,13,336,753,26,Baris Riil Transaksi Aktif
2026-03-28,T1,LAUT,383,Sunda Kelapa,DKI Jakarta,-6.120116,106.809769,,0,0,0,0,0,0,Baris Dummy Nol Sistem
2026-03-28,T1,LAUT,383,Sunda Kelapa,DKI Jakarta,-6.120116,106.809769,,16,552,17,504,1056,33,Baris Riil Transaksi Aktif
2026-03-29,T1,LAUT,383,Sunda Kelapa,DKI Jakarta,-6.120116,106.809769,,0,0,0,0,0,0,Baris Dummy Nol Sistem
2026-03-29,T1,LAUT,383,Sunda Kelapa,DKI Jakarta,-6.120116,106.809769,,15,518,12,594,1112,27,Baris Riil Transaksi Aktif
2026-03-30,T1,LAUT,383,Sunda Kelapa,DKI Jakarta,-6.120116,106.809769,,0,0,0,0,0,0,Baris Dummy Nol Sistem
2026-03-30,T1,LAUT,383,Sunda Kelapa,DKI Jakarta,-6.120116,106.809769,,9,204,8,237,441,17,Baris Riil Transaksi Aktif
2026-03-12,T1,LAUT,277,Sungai Nyamuk,Kalimantan Utara,4.15820313,117.9036255,,2,46,1,46,92,3,Baris Riil Transaksi Aktif
2026-03-12,T1,LAUT,277,Sungai Nyamuk,Kalimantan Utara,4.15820313,117.9036255,,1,52,3,180,232,4,Baris Riil Transaksi Aktif
2026-03-13,T1,LAUT,277,Sungai Nyamuk,Kalimantan Utara,4.15820313,117.9036255,,1,34,0,0,34,1,Baris Riil Transaksi Aktif
2026-03-13,T1,LAUT,277,Sungai Nyamuk,Kalimantan Utara,4.15820313,117.9036255,,2,94,1,36,130,3,Baris Riil Transaksi Aktif
2026-03-14,T1,LAUT,277,Sungai Nyamuk,Kalimantan Utara,4.15820313,117.9036255,,2,35,1,0,35,3,Baris Riil Transaksi Aktif
2026-03-14,T1,LAUT,277,Sungai Nyamuk,Kalimantan Utara,4.15820313,117.9036255,,1,61,2,51,112,3,Baris Riil Transaksi Aktif
2026-03-15,T1,LAUT,277,Sungai Nyamuk,Kalimantan Utara,4.15820313,117.9036255,,2,58,2,58,116,4,Baris Riil Transaksi Aktif
2026-03-15,T1,LAUT,277,Sungai Nyamuk,Kalimantan Utara,4.15820313,117.9036255,,3,128,1,42,170,4,Baris Riil Transaksi Aktif
2026-03-16,T1,LAUT,277,Sungai Nyamuk,Kalimantan Utara,4.15820313,117.9036255,,2,92,1,38,130,3,Baris Riil Transaksi Aktif
2026-03-16,T1,LAUT,277,Sungai Nyamuk,Kalimantan Utara,4.15820313,117.9036255,,3,93,1,60,153,4,Baris Riil Transaksi Aktif
2026-03-17,T1,LAUT,277,Sungai Nyamuk,Kalimantan Utara,4.15820313,117.9036255,,1,63,1,55,118,2,Baris Riil Transaksi Aktif
2026-03-17,T1,LAUT,277,Sungai Nyamuk,Kalimantan Utara,4.15820313,117.9036255,,3,98,2,64,162,5,Baris Riil Transaksi Aktif
2026-03-18,T1,LAUT,277,Sungai Nyamuk,Kalimantan Utara,4.15820313,117.9036255,,1,59,1,55,114,2,Baris Riil Transaksi Aktif
2026-03-18,T1,LAUT,277,Sungai Nyamuk,Kalimantan Utara,4.15820313,117.9036255,,4,147,2,63,210,6,Baris Riil Transaksi Aktif
2026-03-19,T1,LAUT,277,Sungai Nyamuk,Kalimantan Utara,4.15820313,117.9036255,,3,42,3,49,91,6,Baris Riil Transaksi Aktif
2026-03-19,T1,LAUT,277,Sungai Nyamuk,Kalimantan Utara,4.15820313,117.9036255,,1,59,1,30,89,2,Baris Riil Transaksi Aktif
2026-03-20,T1,LAUT,277,Sungai Nyamuk,Kalimantan Utara,4.15820313,117.9036255,,0,0,1,8,8,1,Baris Riil Transaksi Aktif
2026-03-20,T1,LAUT,277,Sungai Nyamuk,Kalimantan Utara,4.15820313,117.9036255,,3,34,2,15,49,5,Baris Riil Transaksi Aktif
2026-03-21,T1,LAUT,277,Sungai Nyamuk,Kalimantan Utara,4.15820313,117.9036255,,2,22,1,0,22,3,Baris Riil Transaksi Aktif
2026-03-21,T1,LAUT,277,Sungai Nyamuk,Kalimantan Utara,4.15820313,117.9036255,,2,24,0,0,24,2,Baris Riil Transaksi Aktif
2026-03-22,T1,LAUT,277,Sungai Nyamuk,Kalimantan Utara,4.15820313,117.9036255,,1,0,1,61,61,2,Baris Riil Transaksi Aktif
2026-03-22,T1,LAUT,277,Sungai Nyamuk,Kalimantan Utara,4.15820313,117.9036255,,2,37,1,0,37,3,Baris Riil Transaksi Aktif
2026-03-23,T1,LAUT,277,Sungai Nyamuk,Kalimantan Utara,4.15820313,117.9036255,,1,42,0,0,42,1,Baris Riil Transaksi Aktif
2026-03-23,T1,LAUT,277,Sungai Nyamuk,Kalimantan Utara,4.15820313,117.9036255,,5,70,4,18,88,9,Baris Riil Transaksi Aktif
2026-01-07,T1,LAUT,1413,Susoh,D.I Aceh,3.720538893,96.81154445,,0,0,0,0,0,0,Baris Dummy Nol Sistem
2026-01-07,T1,LAUT,1413,Susoh,D.I Aceh,3.720538893,96.81154445,,1,142,0,0,142,1,Baris Riil Transaksi Aktif
2026-01-01,T1,LAUT,396,Tanjung Buton,Riau,1.343889,102.157222,,4,64,4,19,83,8,Baris Riil Transaksi Aktif
2026-01-01,T1,LAUT,396,Tanjung Buton,Riau,1.343889,102.157222,,7,348,6,69,417,13,Baris Riil Transaksi Aktif
2026-01-02,T1,LAUT,396,Tanjung Buton,Riau,1.343889,102.157222,,5,32,4,26,58,9,Baris Riil Transaksi Aktif
2026-01-02,T1,LAUT,396,Tanjung Buton,Riau,1.343889,102.157222,,10,516,9,472,988,19,Baris Riil Transaksi Aktif
2026-01-03,T1,LAUT,396,Tanjung Buton,Riau,1.343889,102.157222,,1,18,1,9,27,2,Baris Riil Transaksi Aktif
2026-01-03,T1,LAUT,396,Tanjung Buton,Riau,1.343889,102.157222,,11,582,10,239,821,21,Baris Riil Transaksi Aktif
2026-01-05,T1,LAUT,396,Tanjung Buton,Riau,1.343889,102.157222,,1,7,1,14,21,2,Baris Riil Transaksi Aktif
2026-01-05,T1,LAUT,396,Tanjung Buton,Riau,1.343889,102.157222,,11,332,10,517,849,21,Baris Riil Transaksi Aktif
2026-01-07,T1,LAUT,396,Tanjung Buton,Riau,1.343889,102.157222,,4,12,2,6,18,6,Baris Riil Transaksi Aktif
2026-01-07,T1,LAUT,396,Tanjung Buton,Riau,1.343889,102.157222,,11,276,9,179,455,20,Baris Riil Transaksi Aktif
2026-03-18,T1,LAUT,20,Tanjung Emas,Jawa Tengah,-6.955379,110.421927,,1,0,1,106,106,2,Baris Riil Transaksi Aktif
2026-03-18,T1,LAUT,20,Tanjung Emas,Jawa Tengah,-6.955379,110.421927,,1,1019,1,2,1021,2,Baris Riil Transaksi Aktif
2026-03-23,T1,LAUT,20,Tanjung Emas,Jawa Tengah,-6.955379,110.421927,,0,0,0,0,0,0,Baris Dummy Nol Sistem
2026-03-23,T1,LAUT,20,Tanjung Emas,Jawa Tengah,-6.955379,110.421927,,1,0,1,189,189,2,Baris Riil Transaksi Aktif
2026-03-25,T1,LAUT,20,Tanjung Emas,Jawa Tengah,-6.955379,110.421927,,1,12,0,0,12,1,Baris Riil Transaksi Aktif
2026-03-25,T1,LAUT,20,Tanjung Emas,Jawa Tengah,-6.955379,110.421927,,2,278,4,2016,2294,6,Baris Riil Transaksi Aktif
2026-03-20,T1,LAUT,576,Tanjung Pakis,Jawa Timur,-5.970213597,107.1278126,,0,0,0,0,0,0,Baris Dummy Nol Sistem
2026-03-20,T1,LAUT,576,Tanjung Pakis,Jawa Timur,-5.970213597,107.1278126,,3,20,1,5,25,4,Baris Riil Transaksi Aktif
2026-03-11,T1,LAUT,17,Tanjung Pandan,Kepulauan Bangka Belitung,-2.744722,107.635,,1,3,1,1,4,2,Baris Riil Transaksi Aktif
2026-03-11,T1,LAUT,17,Tanjung Pandan,Kepulauan Bangka Belitung,-2.744722,107.635,,3,203,4,158,361,7,Baris Riil Transaksi Aktif
2026-01-05,T1,LAUT,19,Tanjung Priok,DKI Jakarta,-6.09194,106.88167,,2,0,2,0,0,4,Baris Riil Transaksi Aktif
2026-01-05,T1,LAUT,19,Tanjung Priok,DKI Jakarta,-6.09194,106.88167,,0,0,0,0,0,0,Baris Dummy Nol Sistem
2026-03-11,T1,LAUT,19,Tanjung Priok,DKI Jakarta,-6.09194,106.88167,,0,0,0,0,0,0,Baris Dummy Nol Sistem
2026-03-11,T1,LAUT,19,Tanjung Priok,DKI Jakarta,-6.09194,106.88167,,3,294,2,260,554,5,Baris Riil Transaksi Aktif
2026-03-16,T1,LAUT,1451,Tanjung Redep,Kalimantan Timur,2.1567993,117.4943848,,0,0,0,0,0,0,Baris Dummy Nol Sistem
2026-03-16,T1,LAUT,1451,Tanjung Redep,Kalimantan Timur,2.1567993,117.4943848,,1,35,0,0,35,1,Baris Riil Transaksi Aktif
2026-03-17,T1,LAUT,1451,Tanjung Redep,Kalimantan Timur,2.1567993,117.4943848,,0,0,0,0,0,0,Baris Dummy Nol Sistem
2026-03-17,T1,LAUT,1451,Tanjung Redep,Kalimantan Timur,2.1567993,117.4943848,,1,0,1,35,35,2,Baris Riil Transaksi Aktif
2026-03-18,T1,LAUT,1451,Tanjung Redep,Kalimantan Timur,2.1567993,117.4943848,,0,0,0,0,0,0,Baris Dummy Nol Sistem
2026-03-18,T1,LAUT,1451,Tanjung Redep,Kalimantan Timur,2.1567993,117.4943848,,1,60,0,0,60,1,Baris Riil Transaksi Aktif
2026-03-19,T1,LAUT,1451,Tanjung Redep,Kalimantan Timur,2.1567993,117.4943848,,0,0,0,0,0,0,Baris Dummy Nol Sistem
2026-03-19,T1,LAUT,1451,Tanjung Redep,Kalimantan Timur,2.1567993,117.4943848,,1,0,1,60,60,2,Baris Riil Transaksi Aktif
2026-03-21,T1,LAUT,1451,Tanjung Redep,Kalimantan Timur,2.1567993,117.4943848,,0,0,0,0,0,0,Baris Dummy Nol Sistem
2026-03-21,T1,LAUT,1451,Tanjung Redep,Kalimantan Timur,2.1567993,117.4943848,,1,0,1,37,37,2,Baris Riil Transaksi Aktif
2026-03-23,T1,LAUT,1451,Tanjung Redep,Kalimantan Timur,2.1567993,117.4943848,,0,0,0,0,0,0,Baris Dummy Nol Sistem
2026-03-23,T1,LAUT,1451,Tanjung Redep,Kalimantan Timur,2.1567993,117.4943848,,1,65,0,0,65,1,Baris Riil Transaksi Aktif
2026-03-24,T1,LAUT,1451,Tanjung Redep,Kalimantan Timur,2.1567993,117.4943848,,0,0,0,0,0,0,Baris Dummy Nol Sistem
2026-03-24,T1,LAUT,1451,Tanjung Redep,Kalimantan Timur,2.1567993,117.4943848,,1,0,1,65,65,2,Baris Riil Transaksi Aktif
2026-03-25,T1,LAUT,1451,Tanjung Redep,Kalimantan Timur,2.1567993,117.4943848,,0,0,0,0,0,0,Baris Dummy Nol Sistem
2026-03-25,T1,LAUT,1451,Tanjung Redep,Kalimantan Timur,2.1567993,117.4943848,,1,62,0,0,62,1,Baris Riil Transaksi Aktif
2026-01-04,T1,LAUT,274,Tanjung Selor,Kalimantan Utara,2.840350805,117.3617807,,0,0,0,0,0,0,Baris Dummy Nol Sistem
2026-01-04,T1,LAUT,274,Tanjung Selor,Kalimantan Utara,2.840350805,117.3617807,,3,127,1,80,207,4,Baris Riil Transaksi Aktif
2026-01-05,T1,LAUT,274,Tanjung Selor,Kalimantan Utara,2.840350805,117.3617807,,0,0,0,0,0,0,Baris Dummy Nol Sistem
2026-01-05,T1,LAUT,274,Tanjung Selor,Kalimantan Utara,2.840350805,117.3617807,,6,201,3,126,327,9,Baris Riil Transaksi Aktif
2026-01-06,T1,LAUT,274,Tanjung Selor,Kalimantan Utara,2.840350805,117.3617807,,0,0,0,0,0,0,Baris Dummy Nol Sistem
2026-01-06,T1,LAUT,274,Tanjung Selor,Kalimantan Utara,2.840350805,117.3617807,,6,147,5,178,325,11,Baris Riil Transaksi Aktif
2026-03-13,T1,LAUT,274,Tanjung Selor,Kalimantan Utara,2.840350805,117.3617807,,0,0,0,0,0,0,Baris Dummy Nol Sistem
2026-03-13,T1,LAUT,274,Tanjung Selor,Kalimantan Utara,2.840350805,117.3617807,,12,393,11,477,870,23,Baris Riil Transaksi Aktif
2026-03-15,T1,LAUT,1460,Tapaktuan,D.I Aceh,3.253525174,97.17961399,,0,0,0,0,0,0,Baris Dummy Nol Sistem
2026-03-15,T1,LAUT,1460,Tapaktuan,D.I Aceh,3.253525174,97.17961399,,1,0,1,141,141,2,Baris Riil Transaksi Aktif
2026-03-20,T1,LAUT,1460,Tapaktuan,D.I Aceh,3.253525174,97.17961399,,0,0,0,0,0,0,Baris Dummy Nol Sistem
2026-03-20,T1,LAUT,1460,Tapaktuan,D.I Aceh,3.253525174,97.17961399,,2,17,1,14,31,3,Baris Riil Transaksi Aktif
2026-03-12,T1,LAUT,32,Tarakan,Kalimantan Utara,4.144099,117.644724,,1,14,0,0,14,1,Baris Riil Transaksi Aktif
2026-03-12,T1,LAUT,32,Tarakan,Kalimantan Utara,4.144099,117.644724,,5,100,4,106,206,9,Baris Riil Transaksi Aktif
2026-03-13,T1,LAUT,32,Tarakan,Kalimantan Utara,4.144099,117.644724,,1,26,2,71,97,3,Baris Riil Transaksi Aktif
2026-03-13,T1,LAUT,32,Tarakan,Kalimantan Utara,4.144099,117.644724,,6,80,3,341,421,9,Baris Riil Transaksi Aktif
2026-03-16,T1,LAUT,32,Tarakan,Kalimantan Utara,4.144099,117.644724,,2,48,0,0,48,2,Baris Riil Transaksi Aktif
2026-03-16,T1,LAUT,32,Tarakan,Kalimantan Utara,4.144099,117.644724,,5,1179,5,2071,3250,10,Baris Riil Transaksi Aktif
2026-03-17,T1,LAUT,32,Tarakan,Kalimantan Utara,4.144099,117.644724,,0,0,2,72,72,2,Baris Riil Transaksi Aktif
2026-03-17,T1,LAUT,32,Tarakan,Kalimantan Utara,4.144099,117.644724,,4,200,4,1960,2160,8,Baris Riil Transaksi Aktif
2026-01-01,T1,LAUT,1465,Telaga Biru,Jawa Timur,-6.8850708,113.0856323,,0,0,0,0,0,0,Baris Dummy Nol Sistem
2026-01-01,T1,LAUT,1465,Telaga Biru,Jawa Timur,-6.8850708,113.0856323,,5,50,1,9,59,6,Baris Riil Transaksi Aktif
2026-01-02,T1,LAUT,1465,Telaga Biru,Jawa Timur,-6.8850708,113.0856323,,0,0,0,0,0,0,Baris Dummy Nol Sistem
2026-01-02,T1,LAUT,1465,Telaga Biru,Jawa Timur,-6.8850708,113.0856323,,1,0,1,9,9,2,Baris Riil Transaksi Aktif
2026-01-03,T1,LAUT,1465,Telaga Biru,Jawa Timur,-6.8850708,113.0856323,,0,0,0,0,0,0,Baris Dummy Nol Sistem
2026-01-03,T1,LAUT,1465,Telaga Biru,Jawa Timur,-6.8850708,113.0856323,,3,9,1,9,18,4,Baris Riil Transaksi Aktif
2026-01-06,T1,LAUT,1465,Telaga Biru,Jawa Timur,-6.8850708,113.0856323,,0,0,0,0,0,0,Baris Dummy Nol Sistem
2026-01-06,T1,LAUT,1465,Telaga Biru,Jawa Timur,-6.8850708,113.0856323,,2,24,2,60,84,4,Baris Riil Transaksi Aktif
2026-01-07,T1,LAUT,1465,Telaga Biru,Jawa Timur,-6.8850708,113.0856323,,0,0,0,0,0,0,Baris Dummy Nol Sistem
2026-01-07,T1,LAUT,1465,Telaga Biru,Jawa Timur,-6.8850708,113.0856323,,3,87,1,45,132,4,Baris Riil Transaksi Aktif
2026-03-06,T1,LAUT,1465,Telaga Biru,Jawa Timur,-6.8850708,113.0856323,,1,0,1,0,0,2,Baris Riil Transaksi Aktif
2026-03-06,T1,LAUT,1465,Telaga Biru,Jawa Timur,-6.8850708,113.0856323,,0,0,0,0,0,0,Baris Dummy Nol Sistem
2026-03-07,T1,LAUT,1465,Telaga Biru,Jawa Timur,-6.8850708,113.0856323,,0,0,0,0,0,0,Baris Dummy Nol Sistem
2026-03-07,T1,LAUT,1465,Telaga Biru,Jawa Timur,-6.8850708,113.0856323,,3,20,1,2,22,4,Baris Riil Transaksi Aktif
2026-03-10,T1,LAUT,1465,Telaga Biru,Jawa Timur,-6.8850708,113.0856323,,0,0,0,0,0,0,Baris Dummy Nol Sistem
2026-03-10,T1,LAUT,1465,Telaga Biru,Jawa Timur,-6.8850708,113.0856323,,2,0,1,39,39,3,Baris Riil Transaksi Aktif
2026-03-11,T1,LAUT,1465,Telaga Biru,Jawa Timur,-6.8850708,113.0856323,,0,0,0,0,0,0,Baris Dummy Nol Sistem
2026-03-11,T1,LAUT,1465,Telaga Biru,Jawa Timur,-6.8850708,113.0856323,,3,76,3,85,161,6,Baris Riil Transaksi Aktif
2026-03-12,T1,LAUT,1465,Telaga Biru,Jawa Timur,-6.8850708,113.0856323,,0,0,0,0,0,0,Baris Dummy Nol Sistem
2026-03-12,T1,LAUT,1465,Telaga Biru,Jawa Timur,-6.8850708,113.0856323,,2,50,2,0,50,4,Baris Riil Transaksi Aktif
2026-03-13,T1,LAUT,1465,Telaga Biru,Jawa Timur,-6.8850708,113.0856323,,1,0,1,0,0,2,Baris Riil Transaksi Aktif
2026-03-13,T1,LAUT,1465,Telaga Biru,Jawa Timur,-6.8850708,113.0856323,,0,0,0,0,0,0,Baris Dummy Nol Sistem
2026-03-14,T1,LAUT,1465,Telaga Biru,Jawa Timur,-6.8850708,113.0856323,,0,0,0,0,0,0,Baris Dummy Nol Sistem
2026-03-14,T1,LAUT,1465,Telaga Biru,Jawa Timur,-6.8850708,113.0856323,,1,0,1,1,1,2,Baris Riil Transaksi Aktif
2026-03-15,T1,LAUT,1465,Telaga Biru,Jawa Timur,-6.8850708,113.0856323,,0,0,0,0,0,0,Baris Dummy Nol Sistem
2026-03-15,T1,LAUT,1465,Telaga Biru,Jawa Timur,-6.8850708,113.0856323,,1,0,1,7,7,2,Baris Riil Transaksi Aktif
2026-03-17,T1,LAUT,1465,Telaga Biru,Jawa Timur,-6.8850708,113.0856323,,0,0,0,0,0,0,Baris Dummy Nol Sistem
2026-03-17,T1,LAUT,1465,Telaga Biru,Jawa Timur,-6.8850708,113.0856323,,1,0,1,79,79,2,Baris Riil Transaksi Aktif
2026-03-18,T1,LAUT,1465,Telaga Biru,Jawa Timur,-6.8850708,113.0856323,,0,0,0,0,0,0,Baris Dummy Nol Sistem
2026-03-18,T1,LAUT,1465,Telaga Biru,Jawa Timur,-6.8850708,113.0856323,,3,62,3,95,157,6,Baris Riil Transaksi Aktif
2026-03-19,T1,LAUT,1465,Telaga Biru,Jawa Timur,-6.8850708,113.0856323,,0,0,0,0,0,0,Baris Dummy Nol Sistem
2026-03-19,T1,LAUT,1465,Telaga Biru,Jawa Timur,-6.8850708,113.0856323,,2,38,1,0,38,3,Baris Riil Transaksi Aktif
2026-03-20,T1,LAUT,1465,Telaga Biru,Jawa Timur,-6.8850708,113.0856323,,0,0,0,0,0,0,Baris Dummy Nol Sistem
2026-03-20,T1,LAUT,1465,Telaga Biru,Jawa Timur,-6.8850708,113.0856323,,2,0,0,0,0,2,Baris Riil Transaksi Aktif
2026-03-22,T1,LAUT,1465,Telaga Biru,Jawa Timur,-6.8850708,113.0856323,,1,0,1,0,0,2,Baris Riil Transaksi Aktif
2026-03-22,T1,LAUT,1465,Telaga Biru,Jawa Timur,-6.8850708,113.0856323,,0,0,0,0,0,0,Baris Dummy Nol Sistem
2026-03-23,T1,LAUT,1465,Telaga Biru,Jawa Timur,-6.8850708,113.0856323,,0,0,0,0,0,0,Baris Dummy Nol Sistem
2026-03-23,T1,LAUT,1465,Telaga Biru,Jawa Timur,-6.8850708,113.0856323,,2,8,1,0,8,3,Baris Riil Transaksi Aktif
2026-03-24,T1,LAUT,1465,Telaga Biru,Jawa Timur,-6.8850708,113.0856323,,0,0,0,0,0,0,Baris Dummy Nol Sistem
2026-03-24,T1,LAUT,1465,Telaga Biru,Jawa Timur,-6.8850708,113.0856323,,1,0,2,26,26,3,Baris Riil Transaksi Aktif
2026-03-25,T1,LAUT,1465,Telaga Biru,Jawa Timur,-6.8850708,113.0856323,,0,0,0,0,0,0,Baris Dummy Nol Sistem
2026-03-25,T1,LAUT,1465,Telaga Biru,Jawa Timur,-6.8850708,113.0856323,,3,85,2,86,171,5,Baris Riil Transaksi Aktif
2026-03-26,T1,LAUT,1465,Telaga Biru,Jawa Timur,-6.8850708,113.0856323,,0,0,0,0,0,0,Baris Dummy Nol Sistem
2026-03-26,T1,LAUT,1465,Telaga Biru,Jawa Timur,-6.8850708,113.0856323,,1,40,0,0,40,1,Baris Riil Transaksi Aktif
2026-03-27,T1,LAUT,1465,Telaga Biru,Jawa Timur,-6.8850708,113.0856323,,0,0,0,0,0,0,Baris Dummy Nol Sistem
2026-03-27,T1,LAUT,1465,Telaga Biru,Jawa Timur,-6.8850708,113.0856323,,1,0,1,1,1,2,Baris Riil Transaksi Aktif
2026-03-28,T1,LAUT,1465,Telaga Biru,Jawa Timur,-6.8850708,113.0856323,,0,0,0,0,0,0,Baris Dummy Nol Sistem
2026-03-28,T1,LAUT,1465,Telaga Biru,Jawa Timur,-6.8850708,113.0856323,,3,31,1,11,42,4,Baris Riil Transaksi Aktif
2026-03-29,T1,LAUT,1465,Telaga Biru,Jawa Timur,-6.8850708,113.0856323,,0,0,0,0,0,0,Baris Dummy Nol Sistem
2026-03-29,T1,LAUT,1465,Telaga Biru,Jawa Timur,-6.8850708,113.0856323,,1,0,1,6,6,2,Baris Riil Transaksi Aktif
2026-03-26,T1,LAUT,39,Teluk Palu,Sulawesi Tengah,-0.71,119.857222,,0,0,0,0,0,0,Baris Dummy Nol Sistem
2026-03-26,T1,LAUT,39,Teluk Palu,Sulawesi Tengah,-0.71,119.857222,,1,0,1,2255,2255,2,Baris Riil Transaksi Aktif
2026-03-07,T1,LAUT,43,Ternate,Maluku Utara,0.780144,127.38826,,3,97,0,0,97,3,Baris Riil Transaksi Aktif
2026-03-07,T1,LAUT,43,Ternate,Maluku Utara,0.780144,127.38826,,10,2217,11,2267,4484,21,Baris Riil Transaksi Aktif
2026-03-08,T1,LAUT,43,Ternate,Maluku Utara,0.780144,127.38826,,1,21,4,130,151,5,Baris Riil Transaksi Aktif
2026-03-08,T1,LAUT,43,Ternate,Maluku Utara,0.780144,127.38826,,9,1593,9,3708,5301,18,Baris Riil Transaksi Aktif
2026-03-13,T1,LAUT,43,Ternate,Maluku Utara,0.780144,127.38826,,1,38,0,0,38,1,Baris Riil Transaksi Aktif
2026-03-13,T1,LAUT,43,Ternate,Maluku Utara,0.780144,127.38826,,13,2472,10,2441,4913,23,Baris Riil Transaksi Aktif
2026-03-14,T1,LAUT,43,Ternate,Maluku Utara,0.780144,127.38826,,5,97,2,59,156,7,Baris Riil Transaksi Aktif
2026-03-14,T1,LAUT,43,Ternate,Maluku Utara,0.780144,127.38826,,10,3023,10,3484,6507,20,Baris Riil Transaksi Aktif
2026-03-15,T1,LAUT,43,Ternate,Maluku Utara,0.780144,127.38826,,4,111,8,259,370,12,Baris Riil Transaksi Aktif
2026-03-15,T1,LAUT,43,Ternate,Maluku Utara,0.780144,127.38826,,8,1148,6,1807,2955,14,Baris Riil Transaksi Aktif
2026-01-04,T1,LAUT,389,Tilamuta,Gorontalo,0.5078125,122.3547974,,0,0,0,0,0,0,Baris Dummy Nol Sistem
2026-01-04,T1,LAUT,389,Tilamuta,Gorontalo,0.5078125,122.3547974,,1,0,1,72,72,2,Baris Riil Transaksi Aktif
2026-03-13,T1,LAUT,101,Toli-Toli,Sulawesi Tengah,1.052091699,120.7988511,,0,0,0,0,0,0,Baris Dummy Nol Sistem
2026-03-13,T1,LAUT,101,Toli-Toli,Sulawesi Tengah,1.052091699,120.7988511,,1,0,1,18,18,2,Baris Riil Transaksi Aktif
2026-03-14,T1,LAUT,101,Toli-Toli,Sulawesi Tengah,1.052091699,120.7988511,,0,0,0,0,0,0,Baris Dummy Nol Sistem
2026-03-14,T1,LAUT,101,Toli-Toli,Sulawesi Tengah,1.052091699,120.7988511,,2,301,1,5,306,3,Baris Riil Transaksi Aktif
2026-03-17,T1,LAUT,101,Toli-Toli,Sulawesi Tengah,1.052091699,120.7988511,,0,0,0,0,0,0,Baris Dummy Nol Sistem
2026-03-17,T1,LAUT,101,Toli-Toli,Sulawesi Tengah,1.052091699,120.7988511,,1,251,0,0,251,1,Baris Riil Transaksi Aktif
2026-03-19,T1,LAUT,101,Toli-Toli,Sulawesi Tengah,1.052091699,120.7988511,,0,0,0,0,0,0,Baris Dummy Nol Sistem
2026-03-19,T1,LAUT,101,Toli-Toli,Sulawesi Tengah,1.052091699,120.7988511,,1,17,0,0,17,1,Baris Riil Transaksi Aktif
2026-03-20,T1,LAUT,101,Toli-Toli,Sulawesi Tengah,1.052091699,120.7988511,,0,0,0,0,0,0,Baris Dummy Nol Sistem
2026-03-20,T1,LAUT,101,Toli-Toli,Sulawesi Tengah,1.052091699,120.7988511,,2,5,2,84,89,4,Baris Riil Transaksi Aktif
2026-01-06,T1,LAUT,1523,Waikelo,Nusa Tenggara Timur,-9.38977051,119.2189941,,0,0,0,0,0,0,Baris Dummy Nol Sistem
2026-01-06,T1,LAUT,1523,Waikelo,Nusa Tenggara Timur,-9.38977051,119.2189941,,2,54,1,0,54,3,Baris Riil Transaksi Aktif
2026-03-16,T1,LAUT,1523,Waikelo,Nusa Tenggara Timur,-9.38977051,119.2189941,,0,0,0,0,0,0,Baris Dummy Nol Sistem
2026-03-16,T1,LAUT,1523,Waikelo,Nusa Tenggara Timur,-9.38977051,119.2189941,,3,3,1,0,3,4,Baris Riil Transaksi Aktif
2026-03-17,T1,LAUT,1523,Waikelo,Nusa Tenggara Timur,-9.38977051,119.2189941,,0,0,0,0,0,0,Baris Dummy Nol Sistem
2026-03-17,T1,LAUT,1523,Waikelo,Nusa Tenggara Timur,-9.38977051,119.2189941,,2,0,2,29,29,4,Baris Riil Transaksi Aktif
2026-03-22,T1,LAUT,1523,Waikelo,Nusa Tenggara Timur,-9.38977051,119.2189941,,1,0,1,0,0,2,Baris Riil Transaksi Aktif
2026-03-22,T1,LAUT,1523,Waikelo,Nusa Tenggara Timur,-9.38977051,119.2189941,,0,0,0,0,0,0,Baris Dummy Nol Sistem
2026-01-01,T1,LAUT,104,Wanci,Sulawesi Tenggara,-5.33837891,123.53479,,1,22,1,17,39,2,Baris Riil Transaksi Aktif
2026-01-01,T1,LAUT,104,Wanci,Sulawesi Tenggara,-5.33837891,123.53479,,4,157,4,243,400,8,Baris Riil Transaksi Aktif
2026-01-02,T1,LAUT,104,Wanci,Sulawesi Tenggara,-5.33837891,123.53479,,2,86,1,37,123,3,Baris Riil Transaksi Aktif
2026-01-02,T1,LAUT,104,Wanci,Sulawesi Tenggara,-5.33837891,123.53479,,7,287,5,312,599,12,Baris Riil Transaksi Aktif
2026-01-03,T1,LAUT,104,Wanci,Sulawesi Tenggara,-5.33837891,123.53479,,3,74,3,229,303,6,Baris Riil Transaksi Aktif
2026-01-03,T1,LAUT,104,Wanci,Sulawesi Tenggara,-5.33837891,123.53479,,6,540,7,91,631,13,Baris Riil Transaksi Aktif
2026-01-04,T1,LAUT,104,Wanci,Sulawesi Tenggara,-5.33837891,123.53479,,0,0,1,50,50,1,Baris Riil Transaksi Aktif
2026-01-04,T1,LAUT,104,Wanci,Sulawesi Tenggara,-5.33837891,123.53479,,4,260,5,441,701,9,Baris Riil Transaksi Aktif
2026-01-05,T1,LAUT,104,Wanci,Sulawesi Tenggara,-5.33837891,123.53479,,2,87,2,148,235,4,Baris Riil Transaksi Aktif
2026-01-05,T1,LAUT,104,Wanci,Sulawesi Tenggara,-5.33837891,123.53479,,7,357,6,335,692,13,Baris Riil Transaksi Aktif
2026-01-06,T1,LAUT,104,Wanci,Sulawesi Tenggara,-5.33837891,123.53479,,2,62,2,123,185,4,Baris Riil Transaksi Aktif
2026-01-06,T1,LAUT,104,Wanci,Sulawesi Tenggara,-5.33837891,123.53479,,7,529,7,359,888,14,Baris Riil Transaksi Aktif
2026-01-07,T1,LAUT,104,Wanci,Sulawesi Tenggara,-5.33837891,123.53479,,1,33,2,138,171,3,Baris Riil Transaksi Aktif
2026-01-07,T1,LAUT,104,Wanci,Sulawesi Tenggara,-5.33837891,123.53479,,6,128,4,101,229,10,Baris Riil Transaksi Aktif
2026-01-08,T1,LAUT,104,Wanci,Sulawesi Tenggara,-5.33837891,123.53479,,2,20,1,0,20,3,Baris Riil Transaksi Aktif
2026-01-08,T1,LAUT,104,Wanci,Sulawesi Tenggara,-5.33837891,123.53479,,2,86,1,80,166,3,Baris Riil Transaksi Aktif
2026-01-09,T1,LAUT,104,Wanci,Sulawesi Tenggara,-5.33837891,123.53479,,1,43,2,158,201,3,Baris Riil Transaksi Aktif
2026-01-09,T1,LAUT,104,Wanci,Sulawesi Tenggara,-5.33837891,123.53479,,4,84,4,191,275,8,Baris Riil Transaksi Aktif
2026-01-10,T1,LAUT,104,Wanci,Sulawesi Tenggara,-5.33837891,123.53479,,2,103,1,69,172,3,Baris Riil Transaksi Aktif
2026-01-10,T1,LAUT,104,Wanci,Sulawesi Tenggara,-5.33837891,123.53479,,5,313,1,10,323,6,Baris Riil Transaksi Aktif
2026-01-11,T1,LAUT,104,Wanci,Sulawesi Tenggara,-5.33837891,123.53479,,2,124,2,161,285,4,Baris Riil Transaksi Aktif
2026-01-11,T1,LAUT,104,Wanci,Sulawesi Tenggara,-5.33837891,123.53479,,7,395,8,299,694,15,Baris Riil Transaksi Aktif
2026-01-12,T1,LAUT,104,Wanci,Sulawesi Tenggara,-5.33837891,123.53479,,2,105,1,72,177,3,Baris Riil Transaksi Aktif
2026-01-12,T1,LAUT,104,Wanci,Sulawesi Tenggara,-5.33837891,123.53479,,6,215,5,158,373,11,Baris Riil Transaksi Aktif
2026-01-13,T1,LAUT,104,Wanci,Sulawesi Tenggara,-5.33837891,123.53479,,1,52,2,154,206,3,Baris Riil Transaksi Aktif
2026-01-13,T1,LAUT,104,Wanci,Sulawesi Tenggara,-5.33837891,123.53479,,4,185,4,122,307,8,Baris Riil Transaksi Aktif
2026-03-05,T1,LAUT,104,Wanci,Sulawesi Tenggara,-5.33837891,123.53479,,2,57,0,0,57,2,Baris Riil Transaksi Aktif
2026-03-05,T1,LAUT,104,Wanci,Sulawesi Tenggara,-5.33837891,123.53479,,8,701,4,167,868,12,Baris Riil Transaksi Aktif
2026-03-06,T1,LAUT,104,Wanci,Sulawesi Tenggara,-5.33837891,123.53479,,3,173,3,104,277,6,Baris Riil Transaksi Aktif
2026-03-06,T1,LAUT,104,Wanci,Sulawesi Tenggara,-5.33837891,123.53479,,6,180,5,187,367,11,Baris Riil Transaksi Aktif
2026-03-07,T1,LAUT,104,Wanci,Sulawesi Tenggara,-5.33837891,123.53479,,4,112,3,150,262,7,Baris Riil Transaksi Aktif
2026-03-07,T1,LAUT,104,Wanci,Sulawesi Tenggara,-5.33837891,123.53479,,7,284,5,160,444,12,Baris Riil Transaksi Aktif
2026-03-08,T1,LAUT,104,Wanci,Sulawesi Tenggara,-5.33837891,123.53479,,3,141,3,112,253,6,Baris Riil Transaksi Aktif
2026-03-08,T1,LAUT,104,Wanci,Sulawesi Tenggara,-5.33837891,123.53479,,6,176,7,238,414,13,Baris Riil Transaksi Aktif
2026-03-09,T1,LAUT,104,Wanci,Sulawesi Tenggara,-5.33837891,123.53479,,4,115,3,146,261,7,Baris Riil Transaksi Aktif
2026-03-09,T1,LAUT,104,Wanci,Sulawesi Tenggara,-5.33837891,123.53479,,6,332,5,173,505,11,Baris Riil Transaksi Aktif
2026-03-10,T1,LAUT,104,Wanci,Sulawesi Tenggara,-5.33837891,123.53479,,3,105,3,118,223,6,Baris Riil Transaksi Aktif
2026-03-10,T1,LAUT,104,Wanci,Sulawesi Tenggara,-5.33837891,123.53479,,5,382,4,196,578,9,Baris Riil Transaksi Aktif
2026-03-11,T1,LAUT,104,Wanci,Sulawesi Tenggara,-5.33837891,123.53479,,3,119,3,195,314,6,Baris Riil Transaksi Aktif
2026-03-11,T1,LAUT,104,Wanci,Sulawesi Tenggara,-5.33837891,123.53479,,6,510,5,238,748,11,Baris Riil Transaksi Aktif
2026-03-12,T1,LAUT,104,Wanci,Sulawesi Tenggara,-5.33837891,123.53479,,3,92,3,192,284,6,Baris Riil Transaksi Aktif
2026-03-12,T1,LAUT,104,Wanci,Sulawesi Tenggara,-5.33837891,123.53479,,8,761,4,216,977,12,Baris Riil Transaksi Aktif
2026-03-13,T1,LAUT,104,Wanci,Sulawesi Tenggara,-5.33837891,123.53479,,3,124,3,161,285,6,Baris Riil Transaksi Aktif
2026-03-13,T1,LAUT,104,Wanci,Sulawesi Tenggara,-5.33837891,123.53479,,4,186,5,239,425,9,Baris Riil Transaksi Aktif
2026-03-14,T1,LAUT,104,Wanci,Sulawesi Tenggara,-5.33837891,123.53479,,4,145,3,300,445,7,Baris Riil Transaksi Aktif
2026-03-14,T1,LAUT,104,Wanci,Sulawesi Tenggara,-5.33837891,123.53479,,6,590,5,269,859,11,Baris Riil Transaksi Aktif
2026-03-15,T1,LAUT,104,Wanci,Sulawesi Tenggara,-5.33837891,123.53479,,3,121,3,253,374,6,Baris Riil Transaksi Aktif
2026-03-15,T1,LAUT,104,Wanci,Sulawesi Tenggara,-5.33837891,123.53479,,6,715,8,356,1071,14,Baris Riil Transaksi Aktif
2026-03-16,T1,LAUT,104,Wanci,Sulawesi Tenggara,-5.33837891,123.53479,,4,106,3,288,394,7,Baris Riil Transaksi Aktif
2026-03-16,T1,LAUT,104,Wanci,Sulawesi Tenggara,-5.33837891,123.53479,,8,636,6,263,899,14,Baris Riil Transaksi Aktif
2026-03-17,T1,LAUT,104,Wanci,Sulawesi Tenggara,-5.33837891,123.53479,,4,112,4,382,494,8,Baris Riil Transaksi Aktif
2026-03-17,T1,LAUT,104,Wanci,Sulawesi Tenggara,-5.33837891,123.53479,,9,1001,7,324,1325,16,Baris Riil Transaksi Aktif
2026-03-18,T1,LAUT,104,Wanci,Sulawesi Tenggara,-5.33837891,123.53479,,3,77,4,399,476,7,Baris Riil Transaksi Aktif
2026-03-18,T1,LAUT,104,Wanci,Sulawesi Tenggara,-5.33837891,123.53479,,9,993,4,240,1233,13,Baris Riil Transaksi Aktif
2026-03-19,T1,LAUT,104,Wanci,Sulawesi Tenggara,-5.33837891,123.53479,,0,0,1,69,69,1,Baris Riil Transaksi Aktif
2026-03-19,T1,LAUT,104,Wanci,Sulawesi Tenggara,-5.33837891,123.53479,,7,450,2,82,532,9,Baris Riil Transaksi Aktif
2026-01-06,T1,LAUT,333,Weda,Maluku Utara,0.334104677,127.8807115,,0,0,0,0,0,0,Baris Dummy Nol Sistem
2026-01-06,T1,LAUT,333,Weda,Maluku Utara,0.334104677,127.8807115,,3,1,1,7,8,4,Baris Riil Transaksi Aktif
2026-01-07,T1,LAUT,333,Weda,Maluku Utara,0.334104677,127.8807115,,0,0,0,0,0,0,Baris Dummy Nol Sistem
2026-01-07,T1,LAUT,333,Weda,Maluku Utara,0.334104677,127.8807115,,5,35,2,0,35,7,Baris Riil Transaksi Aktif
2026-03-15,T1,LAUT,1551,Wini,Nusa Tenggara Timur,-9.1774902,124.4924316,,0,0,0,0,0,0,Baris Dummy Nol Sistem
2026-03-15,T1,LAUT,1551,Wini,Nusa Tenggara Timur,-9.1774902,124.4924316,,1,0,1,5,5,2,Baris Riil Transaksi Aktif
2026-03-24,T1,LAUT,1551,Wini,Nusa Tenggara Timur,-9.1774902,124.4924316,,0,0,0,0,0,0,Baris Dummy Nol Sistem
2026-03-24,T1,LAUT,1551,Wini,Nusa Tenggara Timur,-9.1774902,124.4924316,,1,0,1,14,14,2,Baris Riil Transaksi Aktif
