tanggal,caturwulan,moda,id_prasarana,nama_prasarana,provinsi,lat,lon,tipe,armada_datang,penumpang_datang,armada_berangkat,penumpang_berangkat,total_penumpang,total_armada
2026-01-03,T1,ASDP,3455,Amahai,Maluku,,,,0,0,0,0,0,0
2026-01-04,T1,ASDP,3455,Amahai,Maluku,,,,0,0,0,0,0,0
2026-01-09,T1,ASDP,3455,Amahai,Maluku,,,,0,0,0,0,0,0
2026-03-13,T1,ASDP,3455,Amahai,Maluku,,,,0,0,0,0,0,0
2026-03-14,T1,ASDP,3455,Amahai,Maluku,,,,0,0,0,0,0,0
2026-03-15,T1,ASDP,3455,Amahai,Maluku,,,,0,0,0,0,0,0
2026-03-17,T1,ASDP,3455,Amahai,Maluku,,,,0,0,0,0,0,0
2026-03-19,T1,ASDP,3455,Amahai,Maluku,,,,0,0,0,0,0,0
2026-03-27,T1,ASDP,3455,Amahai,Maluku,,,,0,0,0,0,0,0
2026-03-28,T1,ASDP,3455,Amahai,Maluku,,,,0,0,0,0,0,0
2026-03-29,T1,ASDP,3455,Amahai,Maluku,,,,0,0,0,0,0,0
2026-01-01,T1,ASDP,3335,Ampana,Sulawesi Tengah,,,,0,0,0,0,0,0
2026-01-02,T1,ASDP,3335,Ampana,Sulawesi Tengah,,,,0,0,0,0,0,0
2026-01-03,T1,ASDP,3335,Ampana,Sulawesi Tengah,,,,0,0,0,0,0,0
2026-01-04,T1,ASDP,3335,Ampana,Sulawesi Tengah,,,,0,0,0,0,0,0
2026-03-13,T1,ASDP,3335,Ampana,Sulawesi Tengah,,,,0,0,0,0,0,0
2026-03-14,T1,ASDP,3335,Ampana,Sulawesi Tengah,,,,0,0,2,175,175,2
2026-03-15,T1,ASDP,3335,Ampana,Sulawesi Tengah,,,,0,0,0,0,0,0
2026-03-16,T1,ASDP,3335,Ampana,Sulawesi Tengah,,,,0,0,1,80,80,1
2026-03-17,T1,ASDP,3335,Ampana,Sulawesi Tengah,,,,0,0,0,0,0,0
2026-03-18,T1,ASDP,3335,Ampana,Sulawesi Tengah,,,,0,0,1,148,148,1
2026-03-19,T1,ASDP,3335,Ampana,Sulawesi Tengah,,,,0,0,1,220,220,1
2026-03-20,T1,ASDP,3335,Ampana,Sulawesi Tengah,,,,0,0,0,0,0,0
2026-03-21,T1,ASDP,3335,Ampana,Sulawesi Tengah,,,,0,0,0,0,0,0
2026-03-22,T1,ASDP,3335,Ampana,Sulawesi Tengah,,,,0,0,0,0,0,0
2026-03-23,T1,ASDP,3335,Ampana,Sulawesi Tengah,,,,0,0,1,114,114,1
2026-03-24,T1,ASDP,3335,Ampana,Sulawesi Tengah,,,,0,0,0,0,0,0
2026-03-25,T1,ASDP,3335,Ampana,Sulawesi Tengah,,,,0,0,0,0,0,0
2026-03-26,T1,ASDP,3335,Ampana,Sulawesi Tengah,,,,0,0,1,247,247,1
2026-03-27,T1,ASDP,3335,Ampana,Sulawesi Tengah,,,,0,0,0,0,0,0
2026-03-28,T1,ASDP,3335,Ampana,Sulawesi Tengah,,,,0,0,0,0,0,0
2026-03-29,T1,ASDP,3335,Ampana,Sulawesi Tengah,,,,0,0,0,0,0,0
2026-01-04,T1,ASDP,3746,Amurang,Sulawesi Utara,,,,0,0,1,0,0,1
2026-03-13,T1,ASDP,3746,Amurang,Sulawesi Utara,,,,0,0,0,0,0,0
2026-03-14,T1,ASDP,3746,Amurang,Sulawesi Utara,,,,0,0,0,0,0,0
2026-03-15,T1,ASDP,3746,Amurang,Sulawesi Utara,,,,0,0,0,0,0,0
2026-03-16,T1,ASDP,3746,Amurang,Sulawesi Utara,,,,0,0,0,0,0,0
2026-03-17,T1,ASDP,3746,Amurang,Sulawesi Utara,,,,0,0,0,0,0,0
2026-03-18,T1,ASDP,3746,Amurang,Sulawesi Utara,,,,0,0,1,4,4,1
2026-03-19,T1,ASDP,3746,Amurang,Sulawesi Utara,,,,0,0,0,0,0,0
2026-03-20,T1,ASDP,3746,Amurang,Sulawesi Utara,,,,0,0,0,0,0,0
2026-03-21,T1,ASDP,3746,Amurang,Sulawesi Utara,,,,0,0,1,10,10,1
2026-03-22,T1,ASDP,3746,Amurang,Sulawesi Utara,,,,0,0,0,0,0,0
2026-03-23,T1,ASDP,3746,Amurang,Sulawesi Utara,,,,0,0,1,3,3,1
2026-03-24,T1,ASDP,3746,Amurang,Sulawesi Utara,,,,0,0,0,0,0,0
2026-03-25,T1,ASDP,3746,Amurang,Sulawesi Utara,,,,0,0,0,0,0,0
2026-03-26,T1,ASDP,3746,Amurang,Sulawesi Utara,,,,0,0,0,0,0,0
2026-01-01,T1,ASDP,4272,BBJ Bojonegara,Banten,,,,0,0,10,453,453,10
2026-01-02,T1,ASDP,4272,BBJ Bojonegara,Banten,,,,0,0,6,249,249,6
2026-01-03,T1,ASDP,4272,BBJ Bojonegara,Banten,,,,0,0,8,388,388,8
2026-01-04,T1,ASDP,4272,BBJ Bojonegara,Banten,,,,0,0,7,310,310,7
2026-03-11,T1,ASDP,4272,BBJ Bojonegara,Banten,,,,0,0,12,496,496,12
2026-03-12,T1,ASDP,4272,BBJ Bojonegara,Banten,,,,0,0,13,511,511,13
2026-03-13,T1,ASDP,4272,BBJ Bojonegara,Banten,,,,0,0,15,607,607,15
2026-03-14,T1,ASDP,4272,BBJ Bojonegara,Banten,,,,0,0,21,685,685,21
2026-03-15,T1,ASDP,4272,BBJ Bojonegara,Banten,,,,0,0,25,749,749,25
2026-03-16,T1,ASDP,4272,BBJ Bojonegara,Banten,,,,0,0,26,762,762,26
2026-03-17,T1,ASDP,4272,BBJ Bojonegara,Banten,,,,0,0,32,931,931,32
2026-03-18,T1,ASDP,4272,BBJ Bojonegara,Banten,,,,0,0,16,496,496,16
2026-03-19,T1,ASDP,4272,BBJ Bojonegara,Banten,,,,0,0,9,320,320,9
2026-03-20,T1,ASDP,4272,BBJ Bojonegara,Banten,,,,0,0,8,130,130,8
2026-03-21,T1,ASDP,4272,BBJ Bojonegara,Banten,,,,0,0,8,82,82,8
2026-03-22,T1,ASDP,4272,BBJ Bojonegara,Banten,,,,0,0,14,104,104,14
2026-03-23,T1,ASDP,4272,BBJ Bojonegara,Banten,,,,0,0,19,144,144,19
2026-03-24,T1,ASDP,4272,BBJ Bojonegara,Banten,,,,0,0,17,285,285,17
2026-03-25,T1,ASDP,4272,BBJ Bojonegara,Banten,,,,0,0,17,360,360,17
2026-03-26,T1,ASDP,4272,BBJ Bojonegara,Banten,,,,0,0,16,508,508,16
2026-03-27,T1,ASDP,4272,BBJ Bojonegara,Banten,,,,0,0,16,524,524,16
2026-03-28,T1,ASDP,4272,BBJ Bojonegara,Banten,,,,0,0,18,606,606,18
2026-03-29,T1,ASDP,4272,BBJ Bojonegara,Banten,,,,0,0,17,576,576,17
2026-03-30,T1,ASDP,4272,BBJ Bojonegara,Banten,,,,0,0,0,0,0,0
2026-01-01,T1,ASDP,3755,Batanta,Papua Barat,,,,0,0,0,0,0,0
2026-01-02,T1,ASDP,3755,Batanta,Papua Barat,,,,0,0,0,0,0,0
2026-01-03,T1,ASDP,3755,Batanta,Papua Barat,,,,0,0,2,174,174,2
2026-01-04,T1,ASDP,3755,Batanta,Papua Barat,,,,0,0,0,0,0,0
2026-01-10,T1,ASDP,3755,Batanta,Papua Barat,,,,0,0,2,169,169,2
2026-01-17,T1,ASDP,3755,Batanta,Papua Barat,,,,0,0,2,131,131,2
2026-01-24,T1,ASDP,3755,Batanta,Papua Barat,,,,0,0,2,122,122,2
2026-03-07,T1,ASDP,3755,Batanta,Papua Barat,,,,0,0,2,127,127,2
2026-03-13,T1,ASDP,3755,Batanta,Papua Barat,,,,0,0,0,0,0,0
2026-03-14,T1,ASDP,3755,Batanta,Papua Barat,,,,0,0,1,44,44,1
2026-03-15,T1,ASDP,3755,Batanta,Papua Barat,,,,0,0,0,0,0,0
2026-03-16,T1,ASDP,3755,Batanta,Papua Barat,,,,0,0,0,0,0,0
2026-03-28,T1,ASDP,3755,Batanta,Papua Barat,,,,0,0,2,154,154,2
2026-03-31,T1,ASDP,3755,Batanta,Papua Barat,,,,0,0,2,56,56,2
2026-04-11,T1,ASDP,3755,Batanta,Papua Barat,,,,0,0,2,117,117,2
2026-04-18,T1,ASDP,3755,Batanta,Papua Barat,,,,0,0,2,91,91,2
2026-04-25,T1,ASDP,3755,Batanta,Papua Barat,,,,0,0,2,105,105,2
2026-05-09,T2,ASDP,3755,Batanta,Papua Barat,,,,0,0,1,23,23,1
2026-05-16,T2,ASDP,3755,Batanta,Papua Barat,,,,0,0,2,65,65,2
2026-05-23,T2,ASDP,3755,Batanta,Papua Barat,,,,0,0,2,127,127,2
2026-05-30,T2,ASDP,3755,Batanta,Papua Barat,,,,0,0,1,4,4,1
2026-06-06,T2,ASDP,3755,Batanta,Papua Barat,,,,0,0,1,67,67,1
2026-06-13,T2,ASDP,3755,Batanta,Papua Barat,,,,0,0,2,98,98,2
2026-06-20,T2,ASDP,3755,Batanta,Papua Barat,,,,0,0,2,68,68,2
2026-06-27,T2,ASDP,3755,Batanta,Papua Barat,,,,0,0,2,154,154,2
2026-07-04,T2,ASDP,3755,Batanta,Papua Barat,,,,0,0,2,108,108,2
2026-07-11,T2,ASDP,3755,Batanta,Papua Barat,,,,0,0,2,90,90,2
2026-07-18,T2,ASDP,3755,Batanta,Papua Barat,,,,0,0,2,76,76,2
2026-07-25,T2,ASDP,3755,Batanta,Papua Barat,,,,0,0,2,84,84,2
2026-08-01,T2,ASDP,3755,Batanta,Papua Barat,,,,0,0,1,30,30,1
2026-08-09,T2,ASDP,3755,Batanta,Papua Barat,,,,0,0,2,39,39,2
2026-09-06,T3,ASDP,3755,Batanta,Papua Barat,,,,0,0,1,43,43,1
2026-09-19,T3,ASDP,3755,Batanta,Papua Barat,,,,0,0,1,42,42,1
2026-09-26,T3,ASDP,3755,Batanta,Papua Barat,,,,0,0,1,34,34,1
2026-01-01,T1,ASDP,3341,Baturube,Sulawesi Tengah,,,,0,0,1,0,0,1
2026-01-02,T1,ASDP,3341,Baturube,Sulawesi Tengah,,,,0,0,1,202,202,1
2026-01-03,T1,ASDP,3341,Baturube,Sulawesi Tengah,,,,0,0,1,171,171,1
2026-01-04,T1,ASDP,3341,Baturube,Sulawesi Tengah,,,,0,0,1,197,197,1
2026-03-13,T1,ASDP,3341,Baturube,Sulawesi Tengah,,,,0,0,1,239,239,1
2026-03-14,T1,ASDP,3341,Baturube,Sulawesi Tengah,,,,0,0,1,138,138,1
2026-03-15,T1,ASDP,3341,Baturube,Sulawesi Tengah,,,,0,0,1,320,320,1
2026-03-16,T1,ASDP,3341,Baturube,Sulawesi Tengah,,,,0,0,1,263,263,1
2026-03-17,T1,ASDP,3341,Baturube,Sulawesi Tengah,,,,0,0,0,0,0,0
2026-03-18,T1,ASDP,3341,Baturube,Sulawesi Tengah,,,,0,0,1,250,250,1
2026-03-19,T1,ASDP,3341,Baturube,Sulawesi Tengah,,,,0,0,1,136,136,1
2026-03-20,T1,ASDP,3341,Baturube,Sulawesi Tengah,,,,0,0,1,94,94,1
2026-03-21,T1,ASDP,3341,Baturube,Sulawesi Tengah,,,,0,0,0,0,0,0
2026-03-22,T1,ASDP,3341,Baturube,Sulawesi Tengah,,,,0,0,0,0,0,0
2026-03-23,T1,ASDP,3341,Baturube,Sulawesi Tengah,,,,0,0,1,550,550,1
2026-03-24,T1,ASDP,3341,Baturube,Sulawesi Tengah,,,,0,0,1,693,693,1
2026-03-25,T1,ASDP,3341,Baturube,Sulawesi Tengah,,,,0,0,1,569,569,1
2026-03-26,T1,ASDP,3341,Baturube,Sulawesi Tengah,,,,0,0,1,534,534,1
2026-03-27,T1,ASDP,3341,Baturube,Sulawesi Tengah,,,,0,0,2,719,719,2
2026-03-28,T1,ASDP,3341,Baturube,Sulawesi Tengah,,,,0,0,1,500,500,1
2026-03-29,T1,ASDP,3341,Baturube,Sulawesi Tengah,,,,0,0,0,0,0,0
2026-01-01,T1,ASDP,3482,Bau Bau,Sulawesi Tenggara,,,,0,0,1,1,1,1
2026-01-02,T1,ASDP,3482,Bau Bau,Sulawesi Tenggara,,,,0,0,0,0,0,0
2026-01-03,T1,ASDP,3482,Bau Bau,Sulawesi Tenggara,,,,0,0,0,0,0,0
2026-01-04,T1,ASDP,3482,Bau Bau,Sulawesi Tenggara,,,,0,0,0,0,0,0
2026-02-07,T1,ASDP,3482,Bau Bau,Sulawesi Tenggara,,,,0,0,2,464,464,2
2026-02-09,T1,ASDP,3482,Bau Bau,Sulawesi Tenggara,,,,0,0,4,1444,1444,4
2026-02-11,T1,ASDP,3482,Bau Bau,Sulawesi Tenggara,,,,0,0,3,936,936,3
2026-02-12,T1,ASDP,3482,Bau Bau,Sulawesi Tenggara,,,,0,0,3,954,954,3
2026-02-13,T1,ASDP,3482,Bau Bau,Sulawesi Tenggara,,,,0,0,2,1187,1187,2
2026-02-14,T1,ASDP,3482,Bau Bau,Sulawesi Tenggara,,,,0,0,3,1613,1613,3
2026-02-15,T1,ASDP,3482,Bau Bau,Sulawesi Tenggara,,,,0,0,2,1469,1469,2
2026-02-16,T1,ASDP,3482,Bau Bau,Sulawesi Tenggara,,,,0,0,2,1490,1490,2
2026-02-17,T1,ASDP,3482,Bau Bau,Sulawesi Tenggara,,,,0,0,2,1825,1825,2
2026-02-18,T1,ASDP,3482,Bau Bau,Sulawesi Tenggara,,,,0,0,2,1394,1394,2
2026-02-19,T1,ASDP,3482,Bau Bau,Sulawesi Tenggara,,,,0,0,3,873,873,3
2026-02-21,T1,ASDP,3482,Bau Bau,Sulawesi Tenggara,,,,0,0,1,100,100,1
2026-02-23,T1,ASDP,3482,Bau Bau,Sulawesi Tenggara,,,,0,0,2,40,40,2
2026-02-25,T1,ASDP,3482,Bau Bau,Sulawesi Tenggara,,,,0,0,1,62,62,1
2026-02-27,T1,ASDP,3482,Bau Bau,Sulawesi Tenggara,,,,0,0,3,21,21,3
2026-02-28,T1,ASDP,3482,Bau Bau,Sulawesi Tenggara,,,,0,0,2,58,58,2
2026-03-04,T1,ASDP,3482,Bau Bau,Sulawesi Tenggara,,,,0,0,1,69,69,1
2026-03-07,T1,ASDP,3482,Bau Bau,Sulawesi Tenggara,,,,0,0,1,74,74,1
2026-03-13,T1,ASDP,3482,Bau Bau,Sulawesi Tenggara,,,,0,0,0,0,0,0
2026-03-14,T1,ASDP,3482,Bau Bau,Sulawesi Tenggara,,,,0,0,1,11,11,1
2026-03-16,T1,ASDP,3482,Bau Bau,Sulawesi Tenggara,,,,0,0,1,90,90,1
2026-03-18,T1,ASDP,3482,Bau Bau,Sulawesi Tenggara,,,,0,0,1,211,211,1
2026-03-28,T1,ASDP,3482,Bau Bau,Sulawesi Tenggara,,,,0,0,1,0,0,1
2026-03-29,T1,ASDP,3482,Bau Bau,Sulawesi Tenggara,,,,0,0,1,0,0,1
2026-04-09,T1,ASDP,3482,Bau Bau,Sulawesi Tenggara,,,,0,0,1,762,762,1
2026-04-10,T1,ASDP,3482,Bau Bau,Sulawesi Tenggara,,,,0,0,1,763,763,1
2026-04-13,T1,ASDP,3482,Bau Bau,Sulawesi Tenggara,,,,0,0,2,1200,1200,2
2026-04-14,T1,ASDP,3482,Bau Bau,Sulawesi Tenggara,,,,0,0,2,1093,1093,2
2026-04-15,T1,ASDP,3482,Bau Bau,Sulawesi Tenggara,,,,0,0,2,944,944,2
2026-04-16,T1,ASDP,3482,Bau Bau,Sulawesi Tenggara,,,,0,0,2,1147,1147,2
2026-04-17,T1,ASDP,3482,Bau Bau,Sulawesi Tenggara,,,,0,0,3,874,874,3
2026-04-18,T1,ASDP,3482,Bau Bau,Sulawesi Tenggara,,,,0,0,3,1440,1440,3
2026-04-19,T1,ASDP,3482,Bau Bau,Sulawesi Tenggara,,,,0,0,2,1236,1236,2
2026-04-22,T1,ASDP,3482,Bau Bau,Sulawesi Tenggara,,,,0,0,1,106,106,1
2026-04-23,T1,ASDP,3482,Bau Bau,Sulawesi Tenggara,,,,0,0,3,1123,1123,3
2026-04-24,T1,ASDP,3482,Bau Bau,Sulawesi Tenggara,,,,0,0,2,910,910,2
2026-04-25,T1,ASDP,3482,Bau Bau,Sulawesi Tenggara,,,,0,0,3,965,965,3
2026-04-26,T1,ASDP,3482,Bau Bau,Sulawesi Tenggara,,,,0,0,2,1135,1135,2
2026-04-27,T1,ASDP,3482,Bau Bau,Sulawesi Tenggara,,,,0,0,3,986,986,3
2026-04-28,T1,ASDP,3482,Bau Bau,Sulawesi Tenggara,,,,0,0,2,898,898,2
2026-04-29,T1,ASDP,3482,Bau Bau,Sulawesi Tenggara,,,,0,0,4,1152,1152,4
2026-05-01,T2,ASDP,3482,Bau Bau,Sulawesi Tenggara,,,,0,0,2,1139,1139,2
2026-05-02,T2,ASDP,3482,Bau Bau,Sulawesi Tenggara,,,,0,0,5,1579,1579,5
2026-05-03,T2,ASDP,3482,Bau Bau,Sulawesi Tenggara,,,,0,0,3,1212,1212,3
2026-05-04,T2,ASDP,3482,Bau Bau,Sulawesi Tenggara,,,,0,0,4,1094,1094,4
2026-05-06,T2,ASDP,3482,Bau Bau,Sulawesi Tenggara,,,,0,0,4,1241,1241,4
2026-05-07,T2,ASDP,3482,Bau Bau,Sulawesi Tenggara,,,,0,0,3,813,813,3
2026-05-08,T2,ASDP,3482,Bau Bau,Sulawesi Tenggara,,,,0,0,3,669,669,3
2026-05-09,T2,ASDP,3482,Bau Bau,Sulawesi Tenggara,,,,0,0,4,1154,1154,4
2026-05-10,T2,ASDP,3482,Bau Bau,Sulawesi Tenggara,,,,0,0,3,893,893,3
2026-05-11,T2,ASDP,3482,Bau Bau,Sulawesi Tenggara,,,,0,0,4,1215,1215,4
2026-05-12,T2,ASDP,3482,Bau Bau,Sulawesi Tenggara,,,,0,0,3,891,891,3
2026-05-14,T2,ASDP,3482,Bau Bau,Sulawesi Tenggara,,,,0,0,5,2084,2084,5
2026-05-17,T2,ASDP,3482,Bau Bau,Sulawesi Tenggara,,,,0,0,3,1624,1624,3
2026-05-18,T2,ASDP,3482,Bau Bau,Sulawesi Tenggara,,,,0,0,3,1169,1169,3
2026-05-19,T2,ASDP,3482,Bau Bau,Sulawesi Tenggara,,,,0,0,4,1460,1460,4
2026-05-20,T2,ASDP,3482,Bau Bau,Sulawesi Tenggara,,,,0,0,2,510,510,2
2026-05-21,T2,ASDP,3482,Bau Bau,Sulawesi Tenggara,,,,0,0,3,1153,1153,3
2026-05-22,T2,ASDP,3482,Bau Bau,Sulawesi Tenggara,,,,0,0,3,900,900,3
2026-05-23,T2,ASDP,3482,Bau Bau,Sulawesi Tenggara,,,,0,0,3,1180,1180,3
2026-05-24,T2,ASDP,3482,Bau Bau,Sulawesi Tenggara,,,,0,0,3,1450,1450,3
2026-05-25,T2,ASDP,3482,Bau Bau,Sulawesi Tenggara,,,,0,0,3,1845,1845,3
2026-05-27,T2,ASDP,3482,Bau Bau,Sulawesi Tenggara,,,,0,0,2,901,901,2
2026-05-28,T2,ASDP,3482,Bau Bau,Sulawesi Tenggara,,,,0,0,3,1739,1739,3
2026-05-29,T2,ASDP,3482,Bau Bau,Sulawesi Tenggara,,,,0,0,3,1414,1414,3
2026-06-01,T2,ASDP,3482,Bau Bau,Sulawesi Tenggara,,,,0,0,3,1325,1325,3
2026-06-02,T2,ASDP,3482,Bau Bau,Sulawesi Tenggara,,,,0,0,3,1159,1159,3
2026-06-03,T2,ASDP,3482,Bau Bau,Sulawesi Tenggara,,,,0,0,3,1239,1239,3
2026-06-05,T2,ASDP,3482,Bau Bau,Sulawesi Tenggara,,,,0,0,3,996,996,3
2026-06-06,T2,ASDP,3482,Bau Bau,Sulawesi Tenggara,,,,0,0,3,1968,1968,3
2026-06-08,T2,ASDP,3482,Bau Bau,Sulawesi Tenggara,,,,0,0,3,1163,1163,3
2026-06-09,T2,ASDP,3482,Bau Bau,Sulawesi Tenggara,,,,0,0,4,1521,1521,4
2026-06-10,T2,ASDP,3482,Bau Bau,Sulawesi Tenggara,,,,0,0,3,1038,1038,3
2026-06-11,T2,ASDP,3482,Bau Bau,Sulawesi Tenggara,,,,0,0,3,1103,1103,3
2026-06-12,T2,ASDP,3482,Bau Bau,Sulawesi Tenggara,,,,0,0,3,1180,1180,3
2026-06-13,T2,ASDP,3482,Bau Bau,Sulawesi Tenggara,,,,0,0,3,1096,1096,3
2026-06-14,T2,ASDP,3482,Bau Bau,Sulawesi Tenggara,,,,0,0,3,1372,1372,3
2026-06-15,T2,ASDP,3482,Bau Bau,Sulawesi Tenggara,,,,0,0,3,1072,1072,3
2026-06-16,T2,ASDP,3482,Bau Bau,Sulawesi Tenggara,,,,0,0,2,647,647,2
2026-06-17,T2,ASDP,3482,Bau Bau,Sulawesi Tenggara,,,,0,0,3,1241,1241,3
2026-06-18,T2,ASDP,3482,Bau Bau,Sulawesi Tenggara,,,,0,0,3,1147,1147,3
2026-06-19,T2,ASDP,3482,Bau Bau,Sulawesi Tenggara,,,,0,0,2,845,845,2
2026-06-20,T2,ASDP,3482,Bau Bau,Sulawesi Tenggara,,,,0,0,3,1245,1245,3
2026-06-22,T2,ASDP,3482,Bau Bau,Sulawesi Tenggara,,,,0,0,1,2,2,1
2026-06-25,T2,ASDP,3482,Bau Bau,Sulawesi Tenggara,,,,0,0,1,517,517,1
2026-06-30,T2,ASDP,3482,Bau Bau,Sulawesi Tenggara,,,,0,0,1,1,1,1
2026-07-01,T2,ASDP,3482,Bau Bau,Sulawesi Tenggara,,,,0,0,12,1279,1279,12
2026-07-02,T2,ASDP,3482,Bau Bau,Sulawesi Tenggara,,,,0,0,13,1410,1410,13
2026-07-03,T2,ASDP,3482,Bau Bau,Sulawesi Tenggara,,,,0,0,12,1310,1310,12
2026-07-04,T2,ASDP,3482,Bau Bau,Sulawesi Tenggara,,,,0,0,11,1624,1624,11
2026-07-05,T2,ASDP,3482,Bau Bau,Sulawesi Tenggara,,,,0,0,11,1903,1903,11
2026-07-06,T2,ASDP,3482,Bau Bau,Sulawesi Tenggara,,,,0,0,14,2062,2062,14
2026-07-07,T2,ASDP,3482,Bau Bau,Sulawesi Tenggara,,,,0,0,13,1282,1282,13
2026-07-08,T2,ASDP,3482,Bau Bau,Sulawesi Tenggara,,,,0,0,12,1167,1167,12
2026-07-09,T2,ASDP,3482,Bau Bau,Sulawesi Tenggara,,,,0,0,13,1587,1587,13
2026-07-10,T2,ASDP,3482,Bau Bau,Sulawesi Tenggara,,,,0,0,11,1552,1552,11
2026-07-11,T2,ASDP,3482,Bau Bau,Sulawesi Tenggara,,,,0,0,11,1547,1547,11
2026-07-12,T2,ASDP,3482,Bau Bau,Sulawesi Tenggara,,,,0,0,11,1719,1719,11
2026-07-13,T2,ASDP,3482,Bau Bau,Sulawesi Tenggara,,,,0,0,12,1030,1030,12
2026-07-14,T2,ASDP,3482,Bau Bau,Sulawesi Tenggara,,,,0,0,12,1298,1298,12
2026-07-15,T2,ASDP,3482,Bau Bau,Sulawesi Tenggara,,,,0,0,7,753,753,7
2026-07-16,T2,ASDP,3482,Bau Bau,Sulawesi Tenggara,,,,0,0,12,1956,1956,12
2026-07-17,T2,ASDP,3482,Bau Bau,Sulawesi Tenggara,,,,0,0,12,957,957,12
2026-07-18,T2,ASDP,3482,Bau Bau,Sulawesi Tenggara,,,,0,0,12,1167,1167,12
2026-07-19,T2,ASDP,3482,Bau Bau,Sulawesi Tenggara,,,,0,0,11,1153,1153,11
2026-07-20,T2,ASDP,3482,Bau Bau,Sulawesi Tenggara,,,,0,0,13,1212,1212,13
2026-07-21,T2,ASDP,3482,Bau Bau,Sulawesi Tenggara,,,,0,0,13,893,893,13
2026-07-22,T2,ASDP,3482,Bau Bau,Sulawesi Tenggara,,,,0,0,12,1048,1048,12
2026-07-23,T2,ASDP,3482,Bau Bau,Sulawesi Tenggara,,,,0,0,13,973,973,13
2026-07-24,T2,ASDP,3482,Bau Bau,Sulawesi Tenggara,,,,0,0,9,828,828,9
2026-07-25,T2,ASDP,3482,Bau Bau,Sulawesi Tenggara,,,,0,0,10,851,851,10
2026-07-26,T2,ASDP,3482,Bau Bau,Sulawesi Tenggara,,,,0,0,11,1268,1268,11
2026-07-27,T2,ASDP,3482,Bau Bau,Sulawesi Tenggara,,,,0,0,12,959,959,12
2026-07-28,T2,ASDP,3482,Bau Bau,Sulawesi Tenggara,,,,0,0,13,1081,1081,13
2026-07-29,T2,ASDP,3482,Bau Bau,Sulawesi Tenggara,,,,0,0,12,862,862,12
2026-07-30,T2,ASDP,3482,Bau Bau,Sulawesi Tenggara,,,,0,0,13,973,973,13
2026-07-31,T2,ASDP,3482,Bau Bau,Sulawesi Tenggara,,,,0,0,12,1079,1079,12
2026-08-01,T2,ASDP,3482,Bau Bau,Sulawesi Tenggara,,,,0,0,12,1277,1277,12
2026-08-02,T2,ASDP,3482,Bau Bau,Sulawesi Tenggara,,,,0,0,11,1440,1440,11
2026-08-03,T2,ASDP,3482,Bau Bau,Sulawesi Tenggara,,,,0,0,11,993,993,11
2026-08-04,T2,ASDP,3482,Bau Bau,Sulawesi Tenggara,,,,0,0,13,928,928,13
2026-08-05,T2,ASDP,3482,Bau Bau,Sulawesi Tenggara,,,,0,0,8,762,762,8
2026-08-06,T2,ASDP,3482,Bau Bau,Sulawesi Tenggara,,,,0,0,12,1183,1183,12
2026-08-07,T2,ASDP,3482,Bau Bau,Sulawesi Tenggara,,,,0,0,13,1368,1368,13
2026-08-08,T2,ASDP,3482,Bau Bau,Sulawesi Tenggara,,,,0,0,8,1004,1004,8
2026-08-09,T2,ASDP,3482,Bau Bau,Sulawesi Tenggara,,,,0,0,8,883,883,8
2026-08-10,T2,ASDP,3482,Bau Bau,Sulawesi Tenggara,,,,0,0,8,722,722,8
2026-08-11,T2,ASDP,3482,Bau Bau,Sulawesi Tenggara,,,,0,0,8,897,897,8
2026-08-12,T2,ASDP,3482,Bau Bau,Sulawesi Tenggara,,,,0,0,8,824,824,8
2026-08-13,T2,ASDP,3482,Bau Bau,Sulawesi Tenggara,,,,0,0,8,855,855,8
2026-08-14,T2,ASDP,3482,Bau Bau,Sulawesi Tenggara,,,,0,0,9,958,958,9
2026-08-15,T2,ASDP,3482,Bau Bau,Sulawesi Tenggara,,,,0,0,11,1104,1104,11
2026-08-16,T2,ASDP,3482,Bau Bau,Sulawesi Tenggara,,,,0,0,11,1343,1343,11
2026-08-17,T2,ASDP,3482,Bau Bau,Sulawesi Tenggara,,,,0,0,13,873,873,13
2026-08-18,T2,ASDP,3482,Bau Bau,Sulawesi Tenggara,,,,0,0,13,874,874,13
2026-08-19,T2,ASDP,3482,Bau Bau,Sulawesi Tenggara,,,,0,0,11,920,920,11
2026-08-20,T2,ASDP,3482,Bau Bau,Sulawesi Tenggara,,,,0,0,13,874,874,13
2026-08-21,T2,ASDP,3482,Bau Bau,Sulawesi Tenggara,,,,0,0,10,1018,1018,10
2026-08-22,T2,ASDP,3482,Bau Bau,Sulawesi Tenggara,,,,0,0,12,1574,1574,12
2026-08-23,T2,ASDP,3482,Bau Bau,Sulawesi Tenggara,,,,0,0,11,1170,1170,11
2026-08-24,T2,ASDP,3482,Bau Bau,Sulawesi Tenggara,,,,0,0,13,894,894,13
2026-08-25,T2,ASDP,3482,Bau Bau,Sulawesi Tenggara,,,,0,0,13,1095,1095,13
2026-08-26,T2,ASDP,3482,Bau Bau,Sulawesi Tenggara,,,,0,0,13,1068,1068,13
2026-08-27,T2,ASDP,3482,Bau Bau,Sulawesi Tenggara,,,,0,0,10,1067,1067,10
2026-08-28,T2,ASDP,3482,Bau Bau,Sulawesi Tenggara,,,,0,0,7,904,904,7
2026-08-29,T2,ASDP,3482,Bau Bau,Sulawesi Tenggara,,,,0,0,8,955,955,8
2026-08-30,T2,ASDP,3482,Bau Bau,Sulawesi Tenggara,,,,0,0,7,1015,1015,7
2026-08-31,T2,ASDP,3482,Bau Bau,Sulawesi Tenggara,,,,0,0,7,939,939,7
2026-09-01,T3,ASDP,3482,Bau Bau,Sulawesi Tenggara,,,,0,0,13,906,906,13
2026-09-02,T3,ASDP,3482,Bau Bau,Sulawesi Tenggara,,,,0,0,13,996,996,13
2026-09-03,T3,ASDP,3482,Bau Bau,Sulawesi Tenggara,,,,0,0,12,900,900,12
2026-09-04,T3,ASDP,3482,Bau Bau,Sulawesi Tenggara,,,,0,0,11,1149,1149,11
2026-09-05,T3,ASDP,3482,Bau Bau,Sulawesi Tenggara,,,,0,0,13,1366,1366,13
2026-09-06,T3,ASDP,3482,Bau Bau,Sulawesi Tenggara,,,,0,0,11,1417,1417,11
2026-09-07,T3,ASDP,3482,Bau Bau,Sulawesi Tenggara,,,,0,0,13,1005,1005,13
2026-09-08,T3,ASDP,3482,Bau Bau,Sulawesi Tenggara,,,,0,0,13,1034,1034,13
2026-09-09,T3,ASDP,3482,Bau Bau,Sulawesi Tenggara,,,,0,0,7,551,551,7
2026-09-10,T3,ASDP,3482,Bau Bau,Sulawesi Tenggara,,,,0,0,6,524,524,6
2026-09-16,T3,ASDP,3482,Bau Bau,Sulawesi Tenggara,,,,0,0,2,109,109,2
2026-09-17,T3,ASDP,3482,Bau Bau,Sulawesi Tenggara,,,,0,0,2,60,60,2
2026-09-18,T3,ASDP,3482,Bau Bau,Sulawesi Tenggara,,,,0,0,1,35,35,1
2026-09-19,T3,ASDP,3482,Bau Bau,Sulawesi Tenggara,,,,0,0,1,33,33,1
2026-09-20,T3,ASDP,3482,Bau Bau,Sulawesi Tenggara,,,,0,0,1,57,57,1
2026-09-21,T3,ASDP,3482,Bau Bau,Sulawesi Tenggara,,,,0,0,1,102,102,1
2026-01-05,T1,ASDP,3485,Bawean,Jawa Timur,,,,0,0,1,264,264,1
2026-01-06,T1,ASDP,3485,Bawean,Jawa Timur,,,,0,0,1,151,151,1
2026-01-17,T1,ASDP,3485,Bawean,Jawa Timur,,,,0,0,1,375,375,1
2026-01-19,T1,ASDP,3485,Bawean,Jawa Timur,,,,0,0,1,118,118,1
2026-01-25,T1,ASDP,3485,Bawean,Jawa Timur,,,,0,0,1,169,169,1
2026-01-29,T1,ASDP,3485,Bawean,Jawa Timur,,,,0,0,1,167,167,1
2026-01-31,T1,ASDP,3485,Bawean,Jawa Timur,,,,0,0,1,173,173,1
2026-02-02,T1,ASDP,3485,Bawean,Jawa Timur,,,,0,0,1,105,105,1
2026-02-04,T1,ASDP,3485,Bawean,Jawa Timur,,,,0,0,1,180,180,1
2026-02-13,T1,ASDP,3485,Bawean,Jawa Timur,,,,0,0,1,243,243,1
2026-02-15,T1,ASDP,3485,Bawean,Jawa Timur,,,,0,0,1,149,149,1
2026-02-17,T1,ASDP,3485,Bawean,Jawa Timur,,,,0,0,1,147,147,1
2026-02-19,T1,ASDP,3485,Bawean,Jawa Timur,,,,0,0,1,159,159,1
2026-02-20,T1,ASDP,3485,Bawean,Jawa Timur,,,,0,0,1,112,112,1
2026-02-22,T1,ASDP,3485,Bawean,Jawa Timur,,,,0,0,1,114,114,1
2026-02-24,T1,ASDP,3485,Bawean,Jawa Timur,,,,0,0,1,123,123,1
2026-02-26,T1,ASDP,3485,Bawean,Jawa Timur,,,,0,0,1,108,108,1
2026-03-01,T1,ASDP,3485,Bawean,Jawa Timur,,,,0,0,1,164,164,1
2026-03-02,T1,ASDP,3485,Bawean,Jawa Timur,,,,0,0,1,57,57,1
2026-03-03,T1,ASDP,3485,Bawean,Jawa Timur,,,,0,0,1,97,97,1
2026-03-10,T1,ASDP,3485,Bawean,Jawa Timur,,,,0,0,1,215,215,1
2026-03-12,T1,ASDP,3485,Bawean,Jawa Timur,,,,0,0,1,145,145,1
2026-03-14,T1,ASDP,3485,Bawean,Jawa Timur,,,,0,0,3,158,158,3
2026-03-16,T1,ASDP,3485,Bawean,Jawa Timur,,,,0,0,1,105,105,1
2026-03-17,T1,ASDP,3485,Bawean,Jawa Timur,,,,0,0,1,145,145,1
2026-03-19,T1,ASDP,3485,Bawean,Jawa Timur,,,,0,0,2,112,112,2
2026-03-23,T1,ASDP,3485,Bawean,Jawa Timur,,,,0,0,1,420,420,1
2026-03-24,T1,ASDP,3485,Bawean,Jawa Timur,,,,0,0,1,594,594,1
2026-03-26,T1,ASDP,3485,Bawean,Jawa Timur,,,,0,0,1,365,365,1
2026-03-28,T1,ASDP,3485,Bawean,Jawa Timur,,,,0,0,1,516,516,1
2026-03-30,T1,ASDP,3485,Bawean,Jawa Timur,,,,0,0,1,488,488,1
2026-04-02,T1,ASDP,3485,Bawean,Jawa Timur,,,,0,0,1,421,421,1
2026-04-04,T1,ASDP,3485,Bawean,Jawa Timur,,,,0,0,1,414,414,1
2026-04-07,T1,ASDP,3485,Bawean,Jawa Timur,,,,0,0,1,516,516,1
2026-04-09,T1,ASDP,3485,Bawean,Jawa Timur,,,,0,0,1,359,359,1
2026-04-11,T1,ASDP,3485,Bawean,Jawa Timur,,,,0,0,1,185,185,1
2026-04-13,T1,ASDP,3485,Bawean,Jawa Timur,,,,0,0,1,127,127,1
2026-04-14,T1,ASDP,3485,Bawean,Jawa Timur,,,,0,0,1,310,310,1
2026-04-16,T1,ASDP,3485,Bawean,Jawa Timur,,,,0,0,1,328,328,1
2026-04-18,T1,ASDP,3485,Bawean,Jawa Timur,,,,0,0,1,147,147,1
2026-04-20,T1,ASDP,3485,Bawean,Jawa Timur,,,,0,0,1,101,101,1
2026-04-21,T1,ASDP,3485,Bawean,Jawa Timur,,,,0,0,1,186,186,1
2026-04-23,T1,ASDP,3485,Bawean,Jawa Timur,,,,0,0,1,194,194,1
2026-04-25,T1,ASDP,3485,Bawean,Jawa Timur,,,,0,0,1,140,140,1
2026-04-27,T1,ASDP,3485,Bawean,Jawa Timur,,,,0,0,1,97,97,1
2026-04-28,T1,ASDP,3485,Bawean,Jawa Timur,,,,0,0,1,289,289,1
2026-04-30,T1,ASDP,3485,Bawean,Jawa Timur,,,,0,0,1,219,219,1
2026-05-02,T2,ASDP,3485,Bawean,Jawa Timur,,,,0,0,1,116,116,1
2026-05-04,T2,ASDP,3485,Bawean,Jawa Timur,,,,0,0,1,109,109,1
2026-05-05,T2,ASDP,3485,Bawean,Jawa Timur,,,,0,0,1,210,210,1
2026-05-07,T2,ASDP,3485,Bawean,Jawa Timur,,,,0,0,1,236,236,1
2026-05-09,T2,ASDP,3485,Bawean,Jawa Timur,,,,0,0,1,162,162,1
2026-05-11,T2,ASDP,3485,Bawean,Jawa Timur,,,,0,0,1,149,149,1
2026-05-12,T2,ASDP,3485,Bawean,Jawa Timur,,,,0,0,1,255,255,1
2026-05-14,T2,ASDP,3485,Bawean,Jawa Timur,,,,0,0,1,265,265,1
2026-05-16,T2,ASDP,3485,Bawean,Jawa Timur,,,,0,0,1,104,104,1
2026-05-18,T2,ASDP,3485,Bawean,Jawa Timur,,,,0,0,1,123,123,1
2026-05-19,T2,ASDP,3485,Bawean,Jawa Timur,,,,0,0,1,226,226,1
2026-05-21,T2,ASDP,3485,Bawean,Jawa Timur,,,,0,0,1,223,223,1
2026-05-23,T2,ASDP,3485,Bawean,Jawa Timur,,,,0,0,1,108,108,1
2026-05-25,T2,ASDP,3485,Bawean,Jawa Timur,,,,0,0,1,211,211,1
2026-05-26,T2,ASDP,3485,Bawean,Jawa Timur,,,,0,0,1,57,57,1
2026-05-30,T2,ASDP,3485,Bawean,Jawa Timur,,,,0,0,1,259,259,1
2026-06-01,T2,ASDP,3485,Bawean,Jawa Timur,,,,0,0,1,243,243,1
2026-06-02,T2,ASDP,3485,Bawean,Jawa Timur,,,,0,0,1,374,374,1
2026-06-04,T2,ASDP,3485,Bawean,Jawa Timur,,,,0,0,1,417,417,1
2026-06-09,T2,ASDP,3485,Bawean,Jawa Timur,,,,0,0,1,438,438,1
2026-06-11,T2,ASDP,3485,Bawean,Jawa Timur,,,,0,0,1,343,343,1
2026-06-13,T2,ASDP,3485,Bawean,Jawa Timur,,,,0,0,1,294,294,1
2026-06-15,T2,ASDP,3485,Bawean,Jawa Timur,,,,0,0,1,196,196,1
2026-06-16,T2,ASDP,3485,Bawean,Jawa Timur,,,,0,0,1,372,372,1
2026-06-18,T2,ASDP,3485,Bawean,Jawa Timur,,,,0,0,1,417,417,1
2026-06-20,T2,ASDP,3485,Bawean,Jawa Timur,,,,0,0,1,368,368,1
2026-06-27,T2,ASDP,3485,Bawean,Jawa Timur,,,,0,0,1,428,428,1
2026-06-28,T2,ASDP,3485,Bawean,Jawa Timur,,,,0,0,1,514,514,1
2026-06-30,T2,ASDP,3485,Bawean,Jawa Timur,,,,0,0,1,419,419,1
2026-07-02,T2,ASDP,3485,Bawean,Jawa Timur,,,,0,0,1,254,254,1
2026-07-04,T2,ASDP,3485,Bawean,Jawa Timur,,,,0,0,1,226,226,1
2026-07-06,T2,ASDP,3485,Bawean,Jawa Timur,,,,0,0,1,271,271,1
2026-07-11,T2,ASDP,3485,Bawean,Jawa Timur,,,,0,0,1,275,275,1
2026-07-13,T2,ASDP,3485,Bawean,Jawa Timur,,,,0,0,1,58,58,1
2026-07-25,T2,ASDP,3485,Bawean,Jawa Timur,,,,0,0,1,596,596,1
2026-08-04,T2,ASDP,3485,Bawean,Jawa Timur,,,,0,0,1,828,828,1
2026-08-09,T2,ASDP,3485,Bawean,Jawa Timur,,,,0,0,1,195,195,1
2026-08-10,T2,ASDP,3485,Bawean,Jawa Timur,,,,0,0,1,95,95,1
2026-08-11,T2,ASDP,3485,Bawean,Jawa Timur,,,,0,0,1,222,222,1
2026-08-13,T2,ASDP,3485,Bawean,Jawa Timur,,,,0,0,1,265,265,1
2026-08-14,T2,ASDP,3485,Bawean,Jawa Timur,,,,0,0,1,113,113,1
2026-08-16,T2,ASDP,3485,Bawean,Jawa Timur,,,,0,0,1,139,139,1
2026-08-18,T2,ASDP,3485,Bawean,Jawa Timur,,,,0,0,1,215,215,1
2026-08-27,T2,ASDP,3485,Bawean,Jawa Timur,,,,0,0,1,328,328,1
2026-08-29,T2,ASDP,3485,Bawean,Jawa Timur,,,,0,0,1,227,227,1
2026-09-03,T3,ASDP,3485,Bawean,Jawa Timur,,,,0,0,2,791,791,2
2026-09-05,T3,ASDP,3485,Bawean,Jawa Timur,,,,0,0,1,175,175,1
2026-09-07,T3,ASDP,3485,Bawean,Jawa Timur,,,,0,0,1,139,139,1
2026-09-08,T3,ASDP,3485,Bawean,Jawa Timur,,,,0,0,1,236,236,1
2026-09-10,T3,ASDP,3485,Bawean,Jawa Timur,,,,0,0,1,295,295,1
2026-09-17,T3,ASDP,3485,Bawean,Jawa Timur,,,,0,0,1,262,262,1
2026-09-18,T3,ASDP,3485,Bawean,Jawa Timur,,,,0,0,1,550,550,1
2026-09-22,T3,ASDP,3485,Bawean,Jawa Timur,,,,0,0,1,333,333,1
2026-09-27,T3,ASDP,3485,Bawean,Jawa Timur,,,,0,0,1,0,0,1
2026-01-04,T1,ASDP,3758,Benjina,Maluku,,,,0,0,0,0,0,0
2026-01-09,T1,ASDP,3758,Benjina,Maluku,,,,0,0,0,0,0,0
2026-03-13,T1,ASDP,3758,Benjina,Maluku,,,,0,0,0,0,0,0
2026-03-14,T1,ASDP,3758,Benjina,Maluku,,,,0,0,0,0,0,0
2026-03-19,T1,ASDP,3758,Benjina,Maluku,,,,0,0,1,15,15,1
2026-03-21,T1,ASDP,3758,Benjina,Maluku,,,,0,0,0,0,0,0
2026-03-27,T1,ASDP,3758,Benjina,Maluku,,,,0,0,0,0,0,0
2026-01-01,T1,ASDP,3761,Biaro,Sulawesi Utara,,,,0,0,0,0,0,0
2026-01-02,T1,ASDP,3761,Biaro,Sulawesi Utara,,,,0,0,0,0,0,0
2026-01-03,T1,ASDP,3761,Biaro,Sulawesi Utara,,,,0,0,0,0,0,0
2026-03-18,T1,ASDP,3761,Biaro,Sulawesi Utara,,,,0,0,1,16,16,1
2026-03-20,T1,ASDP,3761,Biaro,Sulawesi Utara,,,,0,0,1,1,1,1
2026-03-23,T1,ASDP,3761,Biaro,Sulawesi Utara,,,,0,0,2,10,10,2
2026-03-24,T1,ASDP,3761,Biaro,Sulawesi Utara,,,,0,0,1,2,2,1
2026-03-26,T1,ASDP,3761,Biaro,Sulawesi Utara,,,,0,0,1,0,0,1
2026-03-27,T1,ASDP,3761,Biaro,Sulawesi Utara,,,,0,0,1,3,3,1
2026-01-01,T1,ASDP,3764,Bias Munjul,Bali,,,,0,0,0,0,0,0
2026-01-02,T1,ASDP,3764,Bias Munjul,Bali,,,,0,0,0,0,0,0
2026-01-03,T1,ASDP,3764,Bias Munjul,Bali,,,,0,0,0,0,0,0
2026-03-13,T1,ASDP,3764,Bias Munjul,Bali,,,,0,0,0,0,0,0
2026-03-14,T1,ASDP,3764,Bias Munjul,Bali,,,,0,0,0,0,0,0
2026-03-15,T1,ASDP,3764,Bias Munjul,Bali,,,,0,0,0,0,0,0
2026-01-01,T1,ASDP,3380,Boniton,Sulawesi Tengah,,,,0,0,1,0,0,1
2026-01-02,T1,ASDP,3380,Boniton,Sulawesi Tengah,,,,0,0,1,0,0,1
2026-01-03,T1,ASDP,3380,Boniton,Sulawesi Tengah,,,,0,0,1,0,0,1
2026-01-04,T1,ASDP,3380,Boniton,Sulawesi Tengah,,,,0,0,1,75,75,1
2026-03-13,T1,ASDP,3380,Boniton,Sulawesi Tengah,,,,0,0,1,248,248,1
2026-03-14,T1,ASDP,3380,Boniton,Sulawesi Tengah,,,,0,0,0,0,0,0
2026-03-15,T1,ASDP,3380,Boniton,Sulawesi Tengah,,,,0,0,2,209,209,2
2026-03-16,T1,ASDP,3380,Boniton,Sulawesi Tengah,,,,0,0,1,149,149,1
2026-03-17,T1,ASDP,3380,Boniton,Sulawesi Tengah,,,,0,0,0,0,0,0
2026-03-18,T1,ASDP,3380,Boniton,Sulawesi Tengah,,,,0,0,0,0,0,0
2026-03-19,T1,ASDP,3380,Boniton,Sulawesi Tengah,,,,0,0,0,0,0,0
2026-03-20,T1,ASDP,3380,Boniton,Sulawesi Tengah,,,,0,0,0,0,0,0
2026-03-21,T1,ASDP,3380,Boniton,Sulawesi Tengah,,,,0,0,0,0,0,0
2026-03-22,T1,ASDP,3380,Boniton,Sulawesi Tengah,,,,0,0,2,402,402,2
2026-03-23,T1,ASDP,3380,Boniton,Sulawesi Tengah,,,,0,0,1,447,447,1
2026-03-24,T1,ASDP,3380,Boniton,Sulawesi Tengah,,,,0,0,0,0,0,0
2026-03-25,T1,ASDP,3380,Boniton,Sulawesi Tengah,,,,0,0,2,631,631,2
2026-03-26,T1,ASDP,3380,Boniton,Sulawesi Tengah,,,,0,0,0,0,0,0
2026-03-27,T1,ASDP,3380,Boniton,Sulawesi Tengah,,,,0,0,1,500,500,1
2026-03-28,T1,ASDP,3380,Boniton,Sulawesi Tengah,,,,0,0,0,0,0,0
2026-03-29,T1,ASDP,3380,Boniton,Sulawesi Tengah,,,,0,0,0,0,0,0
2026-01-01,T1,ASDP,737,Ciwandan,Banten,,,,0,0,80,6140,6140,80
2026-01-02,T1,ASDP,737,Ciwandan,Banten,,,,0,0,73,3176,3176,73
2026-01-03,T1,ASDP,737,Ciwandan,Banten,,,,0,0,69,5368,5368,69
2026-01-04,T1,ASDP,737,Ciwandan,Banten,,,,0,0,73,4832,4832,73
2026-01-05,T1,ASDP,737,Ciwandan,Banten,,,,0,0,6,40,40,6
2026-03-09,T1,ASDP,737,Ciwandan,Banten,,,,0,0,1,2,2,1
2026-03-10,T1,ASDP,737,Ciwandan,Banten,,,,0,0,1,1,1,1
2026-03-11,T1,ASDP,737,Ciwandan,Banten,,,,0,0,7,2046,2046,7
2026-03-12,T1,ASDP,737,Ciwandan,Banten,,,,0,0,136,7600,7600,136
2026-03-13,T1,ASDP,737,Ciwandan,Banten,,,,0,0,31,7186,7186,31
2026-03-14,T1,ASDP,737,Ciwandan,Banten,,,,0,0,33,11010,11010,33
2026-03-15,T1,ASDP,737,Ciwandan,Banten,,,,0,0,30,16459,16459,30
2026-03-16,T1,ASDP,737,Ciwandan,Banten,,,,0,0,21,14467,14467,21
2026-03-17,T1,ASDP,737,Ciwandan,Banten,,,,0,0,25,23305,23305,25
2026-03-18,T1,ASDP,737,Ciwandan,Banten,,,,0,0,29,48144,48144,29
2026-03-19,T1,ASDP,737,Ciwandan,Banten,,,,0,0,26,55163,55163,26
2026-03-20,T1,ASDP,737,Ciwandan,Banten,,,,0,0,13,10314,10314,13
2026-03-15,T1,ASDP,2039,Danau Sipin,Jambi,,,,0,0,0,0,0,0
2026-01-01,T1,ASDP,3257,Dongkala,Sulawesi Tenggara,,,,0,0,0,0,0,0
2026-01-02,T1,ASDP,3257,Dongkala,Sulawesi Tenggara,,,,0,0,0,0,0,0
2026-01-03,T1,ASDP,3257,Dongkala,Sulawesi Tenggara,,,,0,0,0,0,0,0
2026-01-04,T1,ASDP,3257,Dongkala,Sulawesi Tenggara,,,,0,0,0,0,0,0
2026-01-05,T1,ASDP,3257,Dongkala,Sulawesi Tenggara,,,,0,0,0,0,0,0
2026-03-13,T1,ASDP,3257,Dongkala,Sulawesi Tenggara,,,,0,0,0,0,0,0
2026-03-14,T1,ASDP,3257,Dongkala,Sulawesi Tenggara,,,,0,0,2,102,102,2
2026-03-15,T1,ASDP,3257,Dongkala,Sulawesi Tenggara,,,,0,0,2,180,180,2
2026-03-16,T1,ASDP,3257,Dongkala,Sulawesi Tenggara,,,,0,0,2,128,128,2
2026-03-17,T1,ASDP,3257,Dongkala,Sulawesi Tenggara,,,,0,0,1,66,66,1
2026-03-18,T1,ASDP,3257,Dongkala,Sulawesi Tenggara,,,,0,0,2,162,162,2
2026-03-19,T1,ASDP,3257,Dongkala,Sulawesi Tenggara,,,,0,0,1,59,59,1
2026-03-20,T1,ASDP,3257,Dongkala,Sulawesi Tenggara,,,,0,0,0,0,0,0
2026-03-21,T1,ASDP,3257,Dongkala,Sulawesi Tenggara,,,,0,0,1,31,31,1
2026-03-22,T1,ASDP,3257,Dongkala,Sulawesi Tenggara,,,,0,0,1,181,181,1
2026-03-23,T1,ASDP,3257,Dongkala,Sulawesi Tenggara,,,,0,0,1,86,86,1
2026-03-24,T1,ASDP,3257,Dongkala,Sulawesi Tenggara,,,,0,0,1,244,244,1
2026-03-25,T1,ASDP,3257,Dongkala,Sulawesi Tenggara,,,,0,0,1,100,100,1
2026-03-26,T1,ASDP,3257,Dongkala,Sulawesi Tenggara,,,,0,0,1,70,70,1
2026-03-27,T1,ASDP,3257,Dongkala,Sulawesi Tenggara,,,,0,0,0,0,0,0
2026-03-28,T1,ASDP,3257,Dongkala,Sulawesi Tenggara,,,,0,0,1,70,70,1
2026-03-29,T1,ASDP,3257,Dongkala,Sulawesi Tenggara,,,,0,0,1,66,66,1
2026-01-01,T1,ASDP,3134,Folley,Papua Barat Daya,,,,0,0,0,0,0,0
2026-01-02,T1,ASDP,3134,Folley,Papua Barat Daya,,,,0,0,0,0,0,0
2026-01-03,T1,ASDP,3134,Folley,Papua Barat Daya,,,,0,0,0,0,0,0
2026-01-04,T1,ASDP,3134,Folley,Papua Barat Daya,,,,0,0,0,0,0,0
2026-01-06,T1,ASDP,3134,Folley,Papua Barat Daya,,,,0,0,1,88,88,1
2026-01-13,T1,ASDP,3134,Folley,Papua Barat Daya,,,,0,0,1,63,63,1
2026-01-20,T1,ASDP,3134,Folley,Papua Barat Daya,,,,0,0,1,50,50,1
2026-01-27,T1,ASDP,3134,Folley,Papua Barat Daya,,,,0,0,1,56,56,1
2026-03-03,T1,ASDP,3134,Folley,Papua Barat Daya,,,,0,0,2,83,83,2
2026-03-13,T1,ASDP,3134,Folley,Papua Barat Daya,,,,0,0,0,0,0,0
2026-03-14,T1,ASDP,3134,Folley,Papua Barat Daya,,,,0,0,0,0,0,0
2026-03-15,T1,ASDP,3134,Folley,Papua Barat Daya,,,,0,0,0,0,0,0
2026-03-16,T1,ASDP,3134,Folley,Papua Barat Daya,,,,0,0,0,0,0,0
2026-03-17,T1,ASDP,3134,Folley,Papua Barat Daya,,,,0,0,3,126,126,3
2026-03-24,T1,ASDP,3134,Folley,Papua Barat Daya,,,,0,0,1,72,72,1
2026-04-07,T1,ASDP,3134,Folley,Papua Barat Daya,,,,0,0,1,52,52,1
2026-04-14,T1,ASDP,3134,Folley,Papua Barat Daya,,,,0,0,1,39,39,1
2026-04-21,T1,ASDP,3134,Folley,Papua Barat Daya,,,,0,0,1,58,58,1
2026-04-28,T1,ASDP,3134,Folley,Papua Barat Daya,,,,0,0,1,31,31,1
2026-05-05,T2,ASDP,3134,Folley,Papua Barat Daya,,,,0,0,1,38,38,1
2026-05-12,T2,ASDP,3134,Folley,Papua Barat Daya,,,,0,0,1,50,50,1
2026-05-26,T2,ASDP,3134,Folley,Papua Barat Daya,,,,0,0,1,12,12,1
2026-06-02,T2,ASDP,3134,Folley,Papua Barat Daya,,,,0,0,1,30,30,1
2026-06-09,T2,ASDP,3134,Folley,Papua Barat Daya,,,,0,0,1,30,30,1
2026-06-16,T2,ASDP,3134,Folley,Papua Barat Daya,,,,0,0,1,30,30,1
2026-06-23,T2,ASDP,3134,Folley,Papua Barat Daya,,,,0,0,1,38,38,1
2026-06-30,T2,ASDP,3134,Folley,Papua Barat Daya,,,,0,0,1,52,52,1
2026-07-08,T2,ASDP,3134,Folley,Papua Barat Daya,,,,0,0,1,48,48,1
2026-07-15,T2,ASDP,3134,Folley,Papua Barat Daya,,,,0,0,1,20,20,1
2026-07-22,T2,ASDP,3134,Folley,Papua Barat Daya,,,,0,0,1,47,47,1
2026-07-29,T2,ASDP,3134,Folley,Papua Barat Daya,,,,0,0,1,47,47,1
2026-08-04,T2,ASDP,3134,Folley,Papua Barat Daya,,,,0,0,1,38,38,1
2026-09-02,T3,ASDP,3134,Folley,Papua Barat Daya,,,,0,0,1,40,40,1
2026-09-08,T3,ASDP,3134,Folley,Papua Barat Daya,,,,0,0,1,37,37,1
2026-09-16,T3,ASDP,3134,Folley,Papua Barat Daya,,,,0,0,1,33,33,1
2026-09-22,T3,ASDP,3134,Folley,Papua Barat Daya,,,,0,0,1,41,41,1
2026-01-03,T1,ASDP,3782,Gorom,Maluku,,,,0,0,0,0,0,0
2026-01-04,T1,ASDP,3782,Gorom,Maluku,,,,0,0,0,0,0,0
2026-01-09,T1,ASDP,3782,Gorom,Maluku,,,,0,0,0,0,0,0
2026-03-13,T1,ASDP,3782,Gorom,Maluku,,,,0,0,0,0,0,0
2026-03-14,T1,ASDP,3782,Gorom,Maluku,,,,0,0,0,0,0,0
2026-03-16,T1,ASDP,3782,Gorom,Maluku,,,,0,0,0,0,0,0
2026-03-17,T1,ASDP,3782,Gorom,Maluku,,,,0,0,0,0,0,0
2026-03-18,T1,ASDP,3782,Gorom,Maluku,,,,0,0,0,0,0,0
2026-03-19,T1,ASDP,3782,Gorom,Maluku,,,,0,0,0,0,0,0
2026-03-20,T1,ASDP,3782,Gorom,Maluku,,,,0,0,0,0,0,0
2026-03-24,T1,ASDP,3782,Gorom,Maluku,,,,0,0,0,0,0,0
2026-03-26,T1,ASDP,3782,Gorom,Maluku,,,,0,0,0,0,0,0
2026-03-27,T1,ASDP,3782,Gorom,Maluku,,,,0,0,0,0,0,0
2026-03-28,T1,ASDP,3782,Gorom,Maluku,,,,0,0,0,0,0,0
2026-03-29,T1,ASDP,3782,Gorom,Maluku,,,,0,0,0,0,0,0
2026-01-03,T1,ASDP,3791,Ilwaki,Maluku,,,,0,0,0,0,0,0
2026-01-04,T1,ASDP,3791,Ilwaki,Maluku,,,,0,0,0,0,0,0
2026-01-09,T1,ASDP,3791,Ilwaki,Maluku,,,,0,0,0,0,0,0
2026-03-13,T1,ASDP,3791,Ilwaki,Maluku,,,,0,0,0,0,0,0
2026-03-14,T1,ASDP,3791,Ilwaki,Maluku,,,,0,0,0,0,0,0
2026-03-16,T1,ASDP,3791,Ilwaki,Maluku,,,,0,0,0,0,0,0
2026-03-17,T1,ASDP,3791,Ilwaki,Maluku,,,,0,0,0,0,0,0
2026-03-18,T1,ASDP,3791,Ilwaki,Maluku,,,,0,0,0,0,0,0
2026-03-19,T1,ASDP,3791,Ilwaki,Maluku,,,,0,0,0,0,0,0
2026-03-20,T1,ASDP,3791,Ilwaki,Maluku,,,,0,0,0,0,0,0
2026-03-24,T1,ASDP,3791,Ilwaki,Maluku,,,,0,0,0,0,0,0
2026-03-26,T1,ASDP,3791,Ilwaki,Maluku,,,,0,0,0,0,0,0
2026-03-27,T1,ASDP,3791,Ilwaki,Maluku,,,,0,0,0,0,0,0
2026-03-28,T1,ASDP,3791,Ilwaki,Maluku,,,,0,0,0,0,0,0
2026-03-29,T1,ASDP,3791,Ilwaki,Maluku,,,,0,0,0,0,0,0
2026-01-01,T1,ASDP,3521,Juata Tarakan,Kalimantan Utara,,,,0,0,1,140,140,1
2026-01-02,T1,ASDP,3521,Juata Tarakan,Kalimantan Utara,,,,0,0,1,222,222,1
2026-01-03,T1,ASDP,3521,Juata Tarakan,Kalimantan Utara,,,,0,0,2,186,186,2
2026-01-04,T1,ASDP,3521,Juata Tarakan,Kalimantan Utara,,,,0,0,2,380,380,2
2026-01-06,T1,ASDP,3521,Juata Tarakan,Kalimantan Utara,,,,0,0,2,234,234,2
2026-01-08,T1,ASDP,3521,Juata Tarakan,Kalimantan Utara,,,,0,0,2,206,206,2
2026-01-10,T1,ASDP,3521,Juata Tarakan,Kalimantan Utara,,,,0,0,2,174,174,2
2026-01-12,T1,ASDP,3521,Juata Tarakan,Kalimantan Utara,,,,0,0,1,118,118,1
2026-01-13,T1,ASDP,3521,Juata Tarakan,Kalimantan Utara,,,,0,0,1,99,99,1
2026-01-14,T1,ASDP,3521,Juata Tarakan,Kalimantan Utara,,,,0,0,1,95,95,1
2026-01-15,T1,ASDP,3521,Juata Tarakan,Kalimantan Utara,,,,0,0,1,82,82,1
2026-01-16,T1,ASDP,3521,Juata Tarakan,Kalimantan Utara,,,,0,0,2,125,125,2
2026-01-17,T1,ASDP,3521,Juata Tarakan,Kalimantan Utara,,,,0,0,1,75,75,1
2026-01-18,T1,ASDP,3521,Juata Tarakan,Kalimantan Utara,,,,0,0,1,62,62,1
2026-01-20,T1,ASDP,3521,Juata Tarakan,Kalimantan Utara,,,,0,0,2,205,205,2
2026-01-22,T1,ASDP,3521,Juata Tarakan,Kalimantan Utara,,,,0,0,1,90,90,1
2026-01-24,T1,ASDP,3521,Juata Tarakan,Kalimantan Utara,,,,0,0,1,128,128,1
2026-01-26,T1,ASDP,3521,Juata Tarakan,Kalimantan Utara,,,,0,0,1,105,105,1
2026-01-27,T1,ASDP,3521,Juata Tarakan,Kalimantan Utara,,,,0,0,1,137,137,1
2026-01-28,T1,ASDP,3521,Juata Tarakan,Kalimantan Utara,,,,0,0,2,145,145,2
2026-01-29,T1,ASDP,3521,Juata Tarakan,Kalimantan Utara,,,,0,0,1,71,71,1
2026-01-30,T1,ASDP,3521,Juata Tarakan,Kalimantan Utara,,,,0,0,1,119,119,1
2026-01-31,T1,ASDP,3521,Juata Tarakan,Kalimantan Utara,,,,0,0,1,77,77,1
2026-02-01,T1,ASDP,3521,Juata Tarakan,Kalimantan Utara,,,,0,0,1,43,43,1
2026-02-03,T1,ASDP,3521,Juata Tarakan,Kalimantan Utara,,,,0,0,2,159,159,2
2026-02-05,T1,ASDP,3521,Juata Tarakan,Kalimantan Utara,,,,0,0,2,149,149,2
2026-02-07,T1,ASDP,3521,Juata Tarakan,Kalimantan Utara,,,,0,0,2,168,168,2
2026-02-08,T1,ASDP,3521,Juata Tarakan,Kalimantan Utara,,,,0,0,1,17,17,1
2026-02-09,T1,ASDP,3521,Juata Tarakan,Kalimantan Utara,,,,0,0,1,85,85,1
2026-02-11,T1,ASDP,3521,Juata Tarakan,Kalimantan Utara,,,,0,0,2,112,112,2
2026-02-12,T1,ASDP,3521,Juata Tarakan,Kalimantan Utara,,,,0,0,1,78,78,1
2026-02-13,T1,ASDP,3521,Juata Tarakan,Kalimantan Utara,,,,0,0,1,97,97,1
2026-02-14,T1,ASDP,3521,Juata Tarakan,Kalimantan Utara,,,,0,0,1,90,90,1
2026-02-17,T1,ASDP,3521,Juata Tarakan,Kalimantan Utara,,,,0,0,1,96,96,1
2026-02-19,T1,ASDP,3521,Juata Tarakan,Kalimantan Utara,,,,0,0,1,33,33,1
2026-02-21,T1,ASDP,3521,Juata Tarakan,Kalimantan Utara,,,,0,0,1,70,70,1
2026-02-24,T1,ASDP,3521,Juata Tarakan,Kalimantan Utara,,,,0,0,2,76,76,2
2026-02-26,T1,ASDP,3521,Juata Tarakan,Kalimantan Utara,,,,0,0,1,29,29,1
2026-02-28,T1,ASDP,3521,Juata Tarakan,Kalimantan Utara,,,,0,0,1,46,46,1
2026-03-03,T1,ASDP,3521,Juata Tarakan,Kalimantan Utara,,,,0,0,1,58,58,1
2026-03-05,T1,ASDP,3521,Juata Tarakan,Kalimantan Utara,,,,0,0,1,40,40,1
2026-03-07,T1,ASDP,3521,Juata Tarakan,Kalimantan Utara,,,,0,0,2,77,77,2
2026-03-10,T1,ASDP,3521,Juata Tarakan,Kalimantan Utara,,,,0,0,1,61,61,1
2026-03-12,T1,ASDP,3521,Juata Tarakan,Kalimantan Utara,,,,0,0,1,198,198,1
2026-03-14,T1,ASDP,3521,Juata Tarakan,Kalimantan Utara,,,,0,0,1,265,265,1
2026-03-17,T1,ASDP,3521,Juata Tarakan,Kalimantan Utara,,,,0,0,3,601,601,3
2026-03-18,T1,ASDP,3521,Juata Tarakan,Kalimantan Utara,,,,0,0,2,323,323,2
2026-03-19,T1,ASDP,3521,Juata Tarakan,Kalimantan Utara,,,,0,0,1,99,99,1
2026-03-21,T1,ASDP,3521,Juata Tarakan,Kalimantan Utara,,,,0,0,1,59,59,1
2026-03-23,T1,ASDP,3521,Juata Tarakan,Kalimantan Utara,,,,0,0,1,204,204,1
2026-03-24,T1,ASDP,3521,Juata Tarakan,Kalimantan Utara,,,,0,0,1,207,207,1
2026-03-25,T1,ASDP,3521,Juata Tarakan,Kalimantan Utara,,,,0,0,2,288,288,2
2026-03-26,T1,ASDP,3521,Juata Tarakan,Kalimantan Utara,,,,0,0,1,171,171,1
2026-03-27,T1,ASDP,3521,Juata Tarakan,Kalimantan Utara,,,,0,0,1,229,229,1
2026-03-28,T1,ASDP,3521,Juata Tarakan,Kalimantan Utara,,,,0,0,1,215,215,1
2026-03-29,T1,ASDP,3521,Juata Tarakan,Kalimantan Utara,,,,0,0,1,184,184,1
2026-04-02,T1,ASDP,3521,Juata Tarakan,Kalimantan Utara,,,,0,0,2,197,197,2
2026-04-04,T1,ASDP,3521,Juata Tarakan,Kalimantan Utara,,,,0,0,2,225,225,2
2026-04-06,T1,ASDP,3521,Juata Tarakan,Kalimantan Utara,,,,0,0,1,90,90,1
2026-04-07,T1,ASDP,3521,Juata Tarakan,Kalimantan Utara,,,,0,0,2,125,125,2
2026-04-08,T1,ASDP,3521,Juata Tarakan,Kalimantan Utara,,,,0,0,1,69,69,1
2026-04-09,T1,ASDP,3521,Juata Tarakan,Kalimantan Utara,,,,0,0,1,102,102,1
2026-04-10,T1,ASDP,3521,Juata Tarakan,Kalimantan Utara,,,,0,0,1,99,99,1
2026-04-11,T1,ASDP,3521,Juata Tarakan,Kalimantan Utara,,,,0,0,1,155,155,1
2026-04-12,T1,ASDP,3521,Juata Tarakan,Kalimantan Utara,,,,0,0,2,99,99,2
2026-04-14,T1,ASDP,3521,Juata Tarakan,Kalimantan Utara,,,,0,0,2,160,160,2
2026-04-16,T1,ASDP,3521,Juata Tarakan,Kalimantan Utara,,,,0,0,2,172,172,2
2026-04-18,T1,ASDP,3521,Juata Tarakan,Kalimantan Utara,,,,0,0,2,153,153,2
2026-04-20,T1,ASDP,3521,Juata Tarakan,Kalimantan Utara,,,,0,0,1,86,86,1
2026-04-21,T1,ASDP,3521,Juata Tarakan,Kalimantan Utara,,,,0,0,1,99,99,1
2026-04-22,T1,ASDP,3521,Juata Tarakan,Kalimantan Utara,,,,0,0,1,94,94,1
2026-04-23,T1,ASDP,3521,Juata Tarakan,Kalimantan Utara,,,,0,0,1,81,81,1
2026-04-24,T1,ASDP,3521,Juata Tarakan,Kalimantan Utara,,,,0,0,1,72,72,1
2026-04-25,T1,ASDP,3521,Juata Tarakan,Kalimantan Utara,,,,0,0,1,89,89,1
2026-04-26,T1,ASDP,3521,Juata Tarakan,Kalimantan Utara,,,,0,0,1,64,64,1
2026-04-28,T1,ASDP,3521,Juata Tarakan,Kalimantan Utara,,,,0,0,2,270,270,2
2026-04-30,T1,ASDP,3521,Juata Tarakan,Kalimantan Utara,,,,0,0,2,256,256,2
2026-05-02,T2,ASDP,3521,Juata Tarakan,Kalimantan Utara,,,,0,0,2,139,139,2
2026-05-04,T2,ASDP,3521,Juata Tarakan,Kalimantan Utara,,,,0,0,1,55,55,1
2026-05-05,T2,ASDP,3521,Juata Tarakan,Kalimantan Utara,,,,0,0,2,118,118,2
2026-05-06,T2,ASDP,3521,Juata Tarakan,Kalimantan Utara,,,,0,0,1,73,73,1
2026-05-07,T2,ASDP,3521,Juata Tarakan,Kalimantan Utara,,,,0,0,1,66,66,1
2026-05-08,T2,ASDP,3521,Juata Tarakan,Kalimantan Utara,,,,0,0,1,85,85,1
2026-05-09,T2,ASDP,3521,Juata Tarakan,Kalimantan Utara,,,,0,0,1,137,137,1
2026-05-10,T2,ASDP,3521,Juata Tarakan,Kalimantan Utara,,,,0,0,1,62,62,1
2026-05-12,T2,ASDP,3521,Juata Tarakan,Kalimantan Utara,,,,0,0,3,151,151,3
2026-05-14,T2,ASDP,3521,Juata Tarakan,Kalimantan Utara,,,,0,0,2,206,206,2
2026-05-16,T2,ASDP,3521,Juata Tarakan,Kalimantan Utara,,,,0,0,2,188,188,2
2026-05-18,T2,ASDP,3521,Juata Tarakan,Kalimantan Utara,,,,0,0,1,67,67,1
2026-05-19,T2,ASDP,3521,Juata Tarakan,Kalimantan Utara,,,,0,0,2,150,150,2
2026-05-20,T2,ASDP,3521,Juata Tarakan,Kalimantan Utara,,,,0,0,1,99,99,1
2026-05-21,T2,ASDP,3521,Juata Tarakan,Kalimantan Utara,,,,0,0,1,89,89,1
2026-05-22,T2,ASDP,3521,Juata Tarakan,Kalimantan Utara,,,,0,0,1,77,77,1
2026-05-23,T2,ASDP,3521,Juata Tarakan,Kalimantan Utara,,,,0,0,1,160,160,1
2026-05-24,T2,ASDP,3521,Juata Tarakan,Kalimantan Utara,,,,0,0,1,107,107,1
2026-05-26,T2,ASDP,3521,Juata Tarakan,Kalimantan Utara,,,,0,0,1,144,144,1
2026-05-28,T2,ASDP,3521,Juata Tarakan,Kalimantan Utara,,,,0,0,2,139,139,2
2026-05-30,T2,ASDP,3521,Juata Tarakan,Kalimantan Utara,,,,0,0,3,256,256,3
2026-06-01,T2,ASDP,3521,Juata Tarakan,Kalimantan Utara,,,,0,0,1,90,90,1
2026-06-02,T2,ASDP,3521,Juata Tarakan,Kalimantan Utara,,,,0,0,1,110,110,1
2026-06-03,T2,ASDP,3521,Juata Tarakan,Kalimantan Utara,,,,0,0,1,70,70,1
2026-06-04,T2,ASDP,3521,Juata Tarakan,Kalimantan Utara,,,,0,0,1,66,66,1
2026-06-05,T2,ASDP,3521,Juata Tarakan,Kalimantan Utara,,,,0,0,2,128,128,2
2026-06-06,T2,ASDP,3521,Juata Tarakan,Kalimantan Utara,,,,0,0,1,118,118,1
2026-06-07,T2,ASDP,3521,Juata Tarakan,Kalimantan Utara,,,,0,0,1,62,62,1
2026-06-09,T2,ASDP,3521,Juata Tarakan,Kalimantan Utara,,,,0,0,2,155,155,2
2026-06-11,T2,ASDP,3521,Juata Tarakan,Kalimantan Utara,,,,0,0,2,224,224,2
2026-06-13,T2,ASDP,3521,Juata Tarakan,Kalimantan Utara,,,,0,0,2,207,207,2
2026-06-15,T2,ASDP,3521,Juata Tarakan,Kalimantan Utara,,,,0,0,2,311,311,2
2026-06-16,T2,ASDP,3521,Juata Tarakan,Kalimantan Utara,,,,0,0,1,230,230,1
2026-06-17,T2,ASDP,3521,Juata Tarakan,Kalimantan Utara,,,,0,0,1,199,199,1
2026-06-18,T2,ASDP,3521,Juata Tarakan,Kalimantan Utara,,,,0,0,1,233,233,1
2026-06-19,T2,ASDP,3521,Juata Tarakan,Kalimantan Utara,,,,0,0,2,219,219,2
2026-06-20,T2,ASDP,3521,Juata Tarakan,Kalimantan Utara,,,,0,0,1,214,214,1
2026-06-21,T2,ASDP,3521,Juata Tarakan,Kalimantan Utara,,,,0,0,1,170,170,1
2026-06-23,T2,ASDP,3521,Juata Tarakan,Kalimantan Utara,,,,0,0,2,286,286,2
2026-06-25,T2,ASDP,3521,Juata Tarakan,Kalimantan Utara,,,,0,0,2,256,256,2
2026-06-26,T2,ASDP,3521,Juata Tarakan,Kalimantan Utara,,,,0,0,1,14,14,1
2026-06-27,T2,ASDP,3521,Juata Tarakan,Kalimantan Utara,,,,0,0,2,262,262,2
2026-06-29,T2,ASDP,3521,Juata Tarakan,Kalimantan Utara,,,,0,0,1,89,89,1
2026-06-30,T2,ASDP,3521,Juata Tarakan,Kalimantan Utara,,,,0,0,1,124,124,1
2026-07-01,T2,ASDP,3521,Juata Tarakan,Kalimantan Utara,,,,0,0,1,79,79,1
2026-07-02,T2,ASDP,3521,Juata Tarakan,Kalimantan Utara,,,,0,0,1,199,199,1
2026-07-03,T2,ASDP,3521,Juata Tarakan,Kalimantan Utara,,,,0,0,2,108,108,2
2026-07-04,T2,ASDP,3521,Juata Tarakan,Kalimantan Utara,,,,0,0,1,202,202,1
2026-07-05,T2,ASDP,3521,Juata Tarakan,Kalimantan Utara,,,,0,0,1,139,139,1
2026-07-07,T2,ASDP,3521,Juata Tarakan,Kalimantan Utara,,,,0,0,2,228,228,2
2026-07-09,T2,ASDP,3521,Juata Tarakan,Kalimantan Utara,,,,0,0,2,284,284,2
2026-07-11,T2,ASDP,3521,Juata Tarakan,Kalimantan Utara,,,,0,0,2,150,150,2
2026-07-13,T2,ASDP,3521,Juata Tarakan,Kalimantan Utara,,,,0,0,1,6,6,1
2026-07-14,T2,ASDP,3521,Juata Tarakan,Kalimantan Utara,,,,0,0,1,82,82,1
2026-07-15,T2,ASDP,3521,Juata Tarakan,Kalimantan Utara,,,,0,0,1,78,78,1
2026-07-16,T2,ASDP,3521,Juata Tarakan,Kalimantan Utara,,,,0,0,2,146,146,2
2026-07-17,T2,ASDP,3521,Juata Tarakan,Kalimantan Utara,,,,0,0,1,74,74,1
2026-07-18,T2,ASDP,3521,Juata Tarakan,Kalimantan Utara,,,,0,0,1,80,80,1
2026-07-19,T2,ASDP,3521,Juata Tarakan,Kalimantan Utara,,,,0,0,1,53,53,1
2026-07-21,T2,ASDP,3521,Juata Tarakan,Kalimantan Utara,,,,0,0,2,119,119,2
2026-07-23,T2,ASDP,3521,Juata Tarakan,Kalimantan Utara,,,,0,0,2,121,121,2
2026-07-25,T2,ASDP,3521,Juata Tarakan,Kalimantan Utara,,,,0,0,2,154,154,2
2026-07-27,T2,ASDP,3521,Juata Tarakan,Kalimantan Utara,,,,0,0,2,107,107,2
2026-07-28,T2,ASDP,3521,Juata Tarakan,Kalimantan Utara,,,,0,0,1,78,78,1
2026-07-29,T2,ASDP,3521,Juata Tarakan,Kalimantan Utara,,,,0,0,1,61,61,1
2026-07-30,T2,ASDP,3521,Juata Tarakan,Kalimantan Utara,,,,0,0,1,151,151,1
2026-07-31,T2,ASDP,3521,Juata Tarakan,Kalimantan Utara,,,,0,0,2,88,88,2
2026-08-01,T2,ASDP,3521,Juata Tarakan,Kalimantan Utara,,,,0,0,1,116,116,1
2026-08-02,T2,ASDP,3521,Juata Tarakan,Kalimantan Utara,,,,0,0,1,71,71,1
2026-08-04,T2,ASDP,3521,Juata Tarakan,Kalimantan Utara,,,,0,0,2,145,145,2
2026-08-06,T2,ASDP,3521,Juata Tarakan,Kalimantan Utara,,,,0,0,2,115,115,2
2026-08-08,T2,ASDP,3521,Juata Tarakan,Kalimantan Utara,,,,0,0,2,151,151,2
2026-08-10,T2,ASDP,3521,Juata Tarakan,Kalimantan Utara,,,,0,0,1,67,67,1
2026-08-11,T2,ASDP,3521,Juata Tarakan,Kalimantan Utara,,,,0,0,1,67,67,1
2026-08-12,T2,ASDP,3521,Juata Tarakan,Kalimantan Utara,,,,0,0,1,70,70,1
2026-08-13,T2,ASDP,3521,Juata Tarakan,Kalimantan Utara,,,,0,0,1,90,90,1
2026-08-14,T2,ASDP,3521,Juata Tarakan,Kalimantan Utara,,,,0,0,1,80,80,1
2026-08-15,T2,ASDP,3521,Juata Tarakan,Kalimantan Utara,,,,0,0,2,142,142,2
2026-08-16,T2,ASDP,3521,Juata Tarakan,Kalimantan Utara,,,,0,0,1,50,50,1
2026-08-18,T2,ASDP,3521,Juata Tarakan,Kalimantan Utara,,,,0,0,2,164,164,2
2026-08-20,T2,ASDP,3521,Juata Tarakan,Kalimantan Utara,,,,0,0,2,99,99,2
2026-08-22,T2,ASDP,3521,Juata Tarakan,Kalimantan Utara,,,,0,0,2,117,117,2
2026-08-24,T2,ASDP,3521,Juata Tarakan,Kalimantan Utara,,,,0,0,1,108,108,1
2026-08-25,T2,ASDP,3521,Juata Tarakan,Kalimantan Utara,,,,0,0,1,136,136,1
2026-08-26,T2,ASDP,3521,Juata Tarakan,Kalimantan Utara,,,,0,0,1,67,67,1
2026-08-27,T2,ASDP,3521,Juata Tarakan,Kalimantan Utara,,,,0,0,1,72,72,1
2026-08-28,T2,ASDP,3521,Juata Tarakan,Kalimantan Utara,,,,0,0,1,62,62,1
2026-08-29,T2,ASDP,3521,Juata Tarakan,Kalimantan Utara,,,,0,0,1,71,71,1
2026-08-30,T2,ASDP,3521,Juata Tarakan,Kalimantan Utara,,,,0,0,1,68,68,1
2026-09-01,T3,ASDP,3521,Juata Tarakan,Kalimantan Utara,,,,0,0,2,137,137,2
2026-09-03,T3,ASDP,3521,Juata Tarakan,Kalimantan Utara,,,,0,0,2,127,127,2
2026-09-05,T3,ASDP,3521,Juata Tarakan,Kalimantan Utara,,,,0,0,2,110,110,2
2026-09-07,T3,ASDP,3521,Juata Tarakan,Kalimantan Utara,,,,0,0,1,55,55,1
2026-09-08,T3,ASDP,3521,Juata Tarakan,Kalimantan Utara,,,,0,0,1,98,98,1
2026-09-09,T3,ASDP,3521,Juata Tarakan,Kalimantan Utara,,,,0,0,1,56,56,1
2026-09-10,T3,ASDP,3521,Juata Tarakan,Kalimantan Utara,,,,0,0,1,63,63,1
2026-09-11,T3,ASDP,3521,Juata Tarakan,Kalimantan Utara,,,,0,0,1,52,52,1
2026-09-12,T3,ASDP,3521,Juata Tarakan,Kalimantan Utara,,,,0,0,1,82,82,1
2026-09-13,T3,ASDP,3521,Juata Tarakan,Kalimantan Utara,,,,0,0,1,60,60,1
2026-09-15,T3,ASDP,3521,Juata Tarakan,Kalimantan Utara,,,,0,0,2,134,134,2
2026-09-17,T3,ASDP,3521,Juata Tarakan,Kalimantan Utara,,,,0,0,2,73,73,2
2026-09-19,T3,ASDP,3521,Juata Tarakan,Kalimantan Utara,,,,0,0,2,104,104,2
2026-09-21,T3,ASDP,3521,Juata Tarakan,Kalimantan Utara,,,,0,0,1,65,65,1
2026-09-22,T3,ASDP,3521,Juata Tarakan,Kalimantan Utara,,,,0,0,1,101,101,1
2026-09-23,T3,ASDP,3521,Juata Tarakan,Kalimantan Utara,,,,0,0,1,57,57,1
2026-09-24,T3,ASDP,3521,Juata Tarakan,Kalimantan Utara,,,,0,0,1,94,94,1
2026-09-25,T3,ASDP,3521,Juata Tarakan,Kalimantan Utara,,,,0,0,1,0,0,1
2026-09-26,T3,ASDP,3521,Juata Tarakan,Kalimantan Utara,,,,0,0,1,0,0,1
2026-09-27,T3,ASDP,3521,Juata Tarakan,Kalimantan Utara,,,,0,0,1,0,0,1
2026-01-01,T1,ASDP,3797,KABARUAN,Sulawesi Utara,,,,0,0,0,0,0,0
2026-01-02,T1,ASDP,3797,KABARUAN,Sulawesi Utara,,,,0,0,0,0,0,0
2026-01-03,T1,ASDP,3797,KABARUAN,Sulawesi Utara,,,,0,0,0,0,0,0
2026-01-04,T1,ASDP,3797,KABARUAN,Sulawesi Utara,,,,0,0,0,0,0,0
2026-01-05,T1,ASDP,3797,KABARUAN,Sulawesi Utara,,,,0,0,0,0,0,0
2026-03-15,T1,ASDP,3800,Kabuena,Papua,,,,0,0,0,0,0,0
2026-01-01,T1,ASDP,3350,Kadatua,Sulawesi Tenggara,,,,0,0,1,0,0,1
2026-03-13,T1,ASDP,3350,Kadatua,Sulawesi Tenggara,,,,0,0,1,5,5,1
2026-03-14,T1,ASDP,3350,Kadatua,Sulawesi Tenggara,,,,0,0,0,0,0,0
2026-03-15,T1,ASDP,3350,Kadatua,Sulawesi Tenggara,,,,0,0,1,6,6,1
2026-03-16,T1,ASDP,3350,Kadatua,Sulawesi Tenggara,,,,0,0,1,3,3,1
2026-03-17,T1,ASDP,3350,Kadatua,Sulawesi Tenggara,,,,0,0,2,10,10,2
2026-03-18,T1,ASDP,3350,Kadatua,Sulawesi Tenggara,,,,0,0,2,12,12,2
2026-03-19,T1,ASDP,3350,Kadatua,Sulawesi Tenggara,,,,0,0,1,4,4,1
2026-03-20,T1,ASDP,3350,Kadatua,Sulawesi Tenggara,,,,0,0,1,2,2,1
2026-03-21,T1,ASDP,3350,Kadatua,Sulawesi Tenggara,,,,0,0,0,0,0,0
2026-03-22,T1,ASDP,3350,Kadatua,Sulawesi Tenggara,,,,0,0,1,17,17,1
2026-03-23,T1,ASDP,3350,Kadatua,Sulawesi Tenggara,,,,0,0,1,18,18,1
2026-03-24,T1,ASDP,3350,Kadatua,Sulawesi Tenggara,,,,0,0,1,13,13,1
2026-03-25,T1,ASDP,3350,Kadatua,Sulawesi Tenggara,,,,0,0,1,12,12,1
2026-03-26,T1,ASDP,3350,Kadatua,Sulawesi Tenggara,,,,0,0,2,38,38,2
2026-07-01,T2,ASDP,3350,Kadatua,Sulawesi Tenggara,,,,0,0,1,15,15,1
2026-07-02,T2,ASDP,3350,Kadatua,Sulawesi Tenggara,,,,0,0,1,13,13,1
2026-07-04,T2,ASDP,3350,Kadatua,Sulawesi Tenggara,,,,0,0,1,19,19,1
2026-07-05,T2,ASDP,3350,Kadatua,Sulawesi Tenggara,,,,0,0,1,12,12,1
2026-07-06,T2,ASDP,3350,Kadatua,Sulawesi Tenggara,,,,0,0,1,6,6,1
2026-07-07,T2,ASDP,3350,Kadatua,Sulawesi Tenggara,,,,0,0,1,0,0,1
2026-07-08,T2,ASDP,3350,Kadatua,Sulawesi Tenggara,,,,0,0,1,0,0,1
2026-07-09,T2,ASDP,3350,Kadatua,Sulawesi Tenggara,,,,0,0,1,0,0,1
2026-07-11,T2,ASDP,3350,Kadatua,Sulawesi Tenggara,,,,0,0,1,0,0,1
2026-07-12,T2,ASDP,3350,Kadatua,Sulawesi Tenggara,,,,0,0,1,0,0,1
2026-07-13,T2,ASDP,3350,Kadatua,Sulawesi Tenggara,,,,0,0,1,4,4,1
2026-07-14,T2,ASDP,3350,Kadatua,Sulawesi Tenggara,,,,0,0,1,8,8,1
2026-07-15,T2,ASDP,3350,Kadatua,Sulawesi Tenggara,,,,0,0,1,0,0,1
2026-07-16,T2,ASDP,3350,Kadatua,Sulawesi Tenggara,,,,0,0,1,9,9,1
2026-07-18,T2,ASDP,3350,Kadatua,Sulawesi Tenggara,,,,0,0,1,0,0,1
2026-07-19,T2,ASDP,3350,Kadatua,Sulawesi Tenggara,,,,0,0,1,0,0,1
2026-07-20,T2,ASDP,3350,Kadatua,Sulawesi Tenggara,,,,0,0,1,0,0,1
2026-07-21,T2,ASDP,3350,Kadatua,Sulawesi Tenggara,,,,0,0,1,0,0,1
2026-07-22,T2,ASDP,3350,Kadatua,Sulawesi Tenggara,,,,0,0,1,0,0,1
2026-07-23,T2,ASDP,3350,Kadatua,Sulawesi Tenggara,,,,0,0,1,4,4,1
2026-07-25,T2,ASDP,3350,Kadatua,Sulawesi Tenggara,,,,0,0,1,5,5,1
2026-07-26,T2,ASDP,3350,Kadatua,Sulawesi Tenggara,,,,0,0,1,0,0,1
2026-07-27,T2,ASDP,3350,Kadatua,Sulawesi Tenggara,,,,0,0,1,6,6,1
2026-07-28,T2,ASDP,3350,Kadatua,Sulawesi Tenggara,,,,0,0,1,0,0,1
2026-07-29,T2,ASDP,3350,Kadatua,Sulawesi Tenggara,,,,0,0,1,20,20,1
2026-07-30,T2,ASDP,3350,Kadatua,Sulawesi Tenggara,,,,0,0,1,5,5,1
2026-08-01,T2,ASDP,3350,Kadatua,Sulawesi Tenggara,,,,0,0,1,7,7,1
2026-08-02,T2,ASDP,3350,Kadatua,Sulawesi Tenggara,,,,0,0,1,13,13,1
2026-08-03,T2,ASDP,3350,Kadatua,Sulawesi Tenggara,,,,0,0,1,0,0,1
2026-08-04,T2,ASDP,3350,Kadatua,Sulawesi Tenggara,,,,0,0,1,5,5,1
2026-08-05,T2,ASDP,3350,Kadatua,Sulawesi Tenggara,,,,0,0,1,0,0,1
2026-08-06,T2,ASDP,3350,Kadatua,Sulawesi Tenggara,,,,0,0,1,0,0,1
2026-08-08,T2,ASDP,3350,Kadatua,Sulawesi Tenggara,,,,0,0,1,0,0,1
2026-08-09,T2,ASDP,3350,Kadatua,Sulawesi Tenggara,,,,0,0,1,2,2,1
2026-08-10,T2,ASDP,3350,Kadatua,Sulawesi Tenggara,,,,0,0,1,0,0,1
2026-08-11,T2,ASDP,3350,Kadatua,Sulawesi Tenggara,,,,0,0,1,0,0,1
2026-08-12,T2,ASDP,3350,Kadatua,Sulawesi Tenggara,,,,0,0,1,13,13,1
2026-08-13,T2,ASDP,3350,Kadatua,Sulawesi Tenggara,,,,0,0,1,16,16,1
2026-08-15,T2,ASDP,3350,Kadatua,Sulawesi Tenggara,,,,0,0,1,11,11,1
2026-08-16,T2,ASDP,3350,Kadatua,Sulawesi Tenggara,,,,0,0,1,0,0,1
2026-08-17,T2,ASDP,3350,Kadatua,Sulawesi Tenggara,,,,0,0,1,0,0,1
2026-08-18,T2,ASDP,3350,Kadatua,Sulawesi Tenggara,,,,0,0,1,10,10,1
2026-08-19,T2,ASDP,3350,Kadatua,Sulawesi Tenggara,,,,0,0,1,0,0,1
2026-08-20,T2,ASDP,3350,Kadatua,Sulawesi Tenggara,,,,0,0,1,0,0,1
2026-08-22,T2,ASDP,3350,Kadatua,Sulawesi Tenggara,,,,0,0,1,0,0,1
2026-08-23,T2,ASDP,3350,Kadatua,Sulawesi Tenggara,,,,0,0,1,8,8,1
2026-08-24,T2,ASDP,3350,Kadatua,Sulawesi Tenggara,,,,0,0,1,0,0,1
2026-08-25,T2,ASDP,3350,Kadatua,Sulawesi Tenggara,,,,0,0,1,3,3,1
2026-08-26,T2,ASDP,3350,Kadatua,Sulawesi Tenggara,,,,0,0,2,6,6,2
2026-08-27,T2,ASDP,3350,Kadatua,Sulawesi Tenggara,,,,0,0,1,21,21,1
2026-08-29,T2,ASDP,3350,Kadatua,Sulawesi Tenggara,,,,0,0,1,0,0,1
2026-08-30,T2,ASDP,3350,Kadatua,Sulawesi Tenggara,,,,0,0,1,10,10,1
2026-08-31,T2,ASDP,3350,Kadatua,Sulawesi Tenggara,,,,0,0,1,6,6,1
2026-09-01,T3,ASDP,3350,Kadatua,Sulawesi Tenggara,,,,0,0,1,3,3,1
2026-09-02,T3,ASDP,3350,Kadatua,Sulawesi Tenggara,,,,0,0,1,1,1,1
2026-09-03,T3,ASDP,3350,Kadatua,Sulawesi Tenggara,,,,0,0,1,7,7,1
2026-09-05,T3,ASDP,3350,Kadatua,Sulawesi Tenggara,,,,0,0,1,0,0,1
2026-09-06,T3,ASDP,3350,Kadatua,Sulawesi Tenggara,,,,0,0,1,0,0,1
2026-09-07,T3,ASDP,3350,Kadatua,Sulawesi Tenggara,,,,0,0,1,10,10,1
2026-09-08,T3,ASDP,3350,Kadatua,Sulawesi Tenggara,,,,0,0,1,0,0,1
2026-09-09,T3,ASDP,3350,Kadatua,Sulawesi Tenggara,,,,0,0,1,10,10,1
2026-09-10,T3,ASDP,3350,Kadatua,Sulawesi Tenggara,,,,0,0,1,23,23,1
2026-09-12,T3,ASDP,3350,Kadatua,Sulawesi Tenggara,,,,0,0,1,12,12,1
2026-09-13,T3,ASDP,3350,Kadatua,Sulawesi Tenggara,,,,0,0,1,12,12,1
2026-01-01,T1,ASDP,3449,Kalianget,Jawa Timur,,,,0,0,1,152,152,1
2026-01-02,T1,ASDP,3449,Kalianget,Jawa Timur,,,,0,0,1,46,46,1
2026-01-03,T1,ASDP,3449,Kalianget,Jawa Timur,,,,0,0,1,159,159,1
2026-03-14,T1,ASDP,3449,Kalianget,Jawa Timur,,,,0,0,1,467,467,1
2026-03-15,T1,ASDP,3449,Kalianget,Jawa Timur,,,,0,0,2,311,311,2
2026-03-16,T1,ASDP,3449,Kalianget,Jawa Timur,,,,0,0,2,643,643,2
2026-03-17,T1,ASDP,3449,Kalianget,Jawa Timur,,,,0,0,2,482,482,2
2026-03-18,T1,ASDP,3449,Kalianget,Jawa Timur,,,,0,0,2,584,584,2
2026-03-19,T1,ASDP,3449,Kalianget,Jawa Timur,,,,0,0,2,451,451,2
2026-03-20,T1,ASDP,3449,Kalianget,Jawa Timur,,,,0,0,0,0,0,0
2026-03-21,T1,ASDP,3449,Kalianget,Jawa Timur,,,,0,0,1,20,20,1
2026-03-22,T1,ASDP,3449,Kalianget,Jawa Timur,,,,0,0,2,320,320,2
2026-03-23,T1,ASDP,3449,Kalianget,Jawa Timur,,,,0,0,2,249,249,2
2026-03-24,T1,ASDP,3449,Kalianget,Jawa Timur,,,,0,0,1,255,255,1
2026-03-25,T1,ASDP,3449,Kalianget,Jawa Timur,,,,0,0,2,260,260,2
2026-03-26,T1,ASDP,3449,Kalianget,Jawa Timur,,,,0,0,1,287,287,1
2026-03-27,T1,ASDP,3449,Kalianget,Jawa Timur,,,,0,0,1,147,147,1
2026-03-28,T1,ASDP,3449,Kalianget,Jawa Timur,,,,0,0,1,257,257,1
2026-03-29,T1,ASDP,3449,Kalianget,Jawa Timur,,,,0,0,3,577,577,3
2026-03-30,T1,ASDP,3449,Kalianget,Jawa Timur,,,,0,0,2,354,354,2
2026-01-03,T1,ASDP,3170,Kamaru,Sulawesi Tenggara,,,,0,0,0,0,0,0
2026-03-13,T1,ASDP,3170,Kamaru,Sulawesi Tenggara,,,,0,0,0,0,0,0
2026-03-14,T1,ASDP,3170,Kamaru,Sulawesi Tenggara,,,,0,0,1,99,99,1
2026-03-15,T1,ASDP,3170,Kamaru,Sulawesi Tenggara,,,,0,0,1,312,312,1
2026-03-16,T1,ASDP,3170,Kamaru,Sulawesi Tenggara,,,,0,0,0,0,0,0
2026-03-17,T1,ASDP,3170,Kamaru,Sulawesi Tenggara,,,,0,0,0,0,0,0
2026-03-18,T1,ASDP,3170,Kamaru,Sulawesi Tenggara,,,,0,0,4,704,704,4
2026-03-19,T1,ASDP,3170,Kamaru,Sulawesi Tenggara,,,,0,0,1,68,68,1
2026-03-20,T1,ASDP,3170,Kamaru,Sulawesi Tenggara,,,,0,0,0,0,0,0
2026-03-21,T1,ASDP,3170,Kamaru,Sulawesi Tenggara,,,,0,0,1,4,4,1
2026-03-22,T1,ASDP,3170,Kamaru,Sulawesi Tenggara,,,,0,0,3,68,68,3
2026-03-23,T1,ASDP,3170,Kamaru,Sulawesi Tenggara,,,,0,0,1,43,43,1
2026-03-24,T1,ASDP,3170,Kamaru,Sulawesi Tenggara,,,,0,0,0,0,0,0
2026-03-25,T1,ASDP,3170,Kamaru,Sulawesi Tenggara,,,,0,0,2,127,127,2
2026-03-26,T1,ASDP,3170,Kamaru,Sulawesi Tenggara,,,,0,0,2,90,90,2
2026-03-27,T1,ASDP,3170,Kamaru,Sulawesi Tenggara,,,,0,0,0,0,0,0
2026-03-28,T1,ASDP,3170,Kamaru,Sulawesi Tenggara,,,,0,0,2,108,108,2
2026-03-29,T1,ASDP,3170,Kamaru,Sulawesi Tenggara,,,,0,0,1,60,60,1
2026-06-30,T2,ASDP,3170,Kamaru,Sulawesi Tenggara,,,,0,0,1,36,36,1
2026-07-01,T2,ASDP,3170,Kamaru,Sulawesi Tenggara,,,,0,0,1,59,59,1
2026-07-02,T2,ASDP,3170,Kamaru,Sulawesi Tenggara,,,,0,0,2,94,94,2
2026-07-03,T2,ASDP,3170,Kamaru,Sulawesi Tenggara,,,,0,0,1,26,26,1
2026-07-04,T2,ASDP,3170,Kamaru,Sulawesi Tenggara,,,,0,0,1,43,43,1
2026-07-05,T2,ASDP,3170,Kamaru,Sulawesi Tenggara,,,,0,0,1,48,48,1
2026-07-06,T2,ASDP,3170,Kamaru,Sulawesi Tenggara,,,,0,0,1,19,19,1
2026-07-07,T2,ASDP,3170,Kamaru,Sulawesi Tenggara,,,,0,0,2,130,130,2
2026-07-08,T2,ASDP,3170,Kamaru,Sulawesi Tenggara,,,,0,0,1,46,46,1
2026-07-09,T2,ASDP,3170,Kamaru,Sulawesi Tenggara,,,,0,0,1,19,19,1
2026-07-10,T2,ASDP,3170,Kamaru,Sulawesi Tenggara,,,,0,0,1,35,35,1
2026-07-11,T2,ASDP,3170,Kamaru,Sulawesi Tenggara,,,,0,0,1,58,58,1
2026-07-12,T2,ASDP,3170,Kamaru,Sulawesi Tenggara,,,,0,0,1,43,43,1
2026-07-13,T2,ASDP,3170,Kamaru,Sulawesi Tenggara,,,,0,0,2,97,97,2
2026-07-14,T2,ASDP,3170,Kamaru,Sulawesi Tenggara,,,,0,0,1,29,29,1
2026-07-15,T2,ASDP,3170,Kamaru,Sulawesi Tenggara,,,,0,0,1,41,41,1
2026-07-16,T2,ASDP,3170,Kamaru,Sulawesi Tenggara,,,,0,0,1,22,22,1
2026-07-17,T2,ASDP,3170,Kamaru,Sulawesi Tenggara,,,,0,0,1,20,20,1
2026-07-18,T2,ASDP,3170,Kamaru,Sulawesi Tenggara,,,,0,0,1,44,44,1
2026-07-20,T2,ASDP,3170,Kamaru,Sulawesi Tenggara,,,,0,0,1,35,35,1
2026-07-21,T2,ASDP,3170,Kamaru,Sulawesi Tenggara,,,,0,0,1,36,36,1
2026-07-22,T2,ASDP,3170,Kamaru,Sulawesi Tenggara,,,,0,0,1,36,36,1
2026-07-23,T2,ASDP,3170,Kamaru,Sulawesi Tenggara,,,,0,0,1,24,24,1
2026-07-24,T2,ASDP,3170,Kamaru,Sulawesi Tenggara,,,,0,0,2,58,58,2
2026-07-26,T2,ASDP,3170,Kamaru,Sulawesi Tenggara,,,,0,0,1,40,40,1
2026-07-27,T2,ASDP,3170,Kamaru,Sulawesi Tenggara,,,,0,0,1,16,16,1
2026-07-28,T2,ASDP,3170,Kamaru,Sulawesi Tenggara,,,,0,0,2,37,37,2
2026-07-29,T2,ASDP,3170,Kamaru,Sulawesi Tenggara,,,,0,0,1,21,21,1
2026-07-30,T2,ASDP,3170,Kamaru,Sulawesi Tenggara,,,,0,0,2,26,26,2
2026-07-31,T2,ASDP,3170,Kamaru,Sulawesi Tenggara,,,,0,0,1,47,47,1
2026-08-01,T2,ASDP,3170,Kamaru,Sulawesi Tenggara,,,,0,0,1,66,66,1
2026-08-02,T2,ASDP,3170,Kamaru,Sulawesi Tenggara,,,,0,0,2,126,126,2
2026-08-03,T2,ASDP,3170,Kamaru,Sulawesi Tenggara,,,,0,0,1,10,10,1
2026-08-04,T2,ASDP,3170,Kamaru,Sulawesi Tenggara,,,,0,0,1,24,24,1
2026-08-05,T2,ASDP,3170,Kamaru,Sulawesi Tenggara,,,,0,0,1,38,38,1
2026-08-06,T2,ASDP,3170,Kamaru,Sulawesi Tenggara,,,,0,0,2,92,92,2
2026-08-07,T2,ASDP,3170,Kamaru,Sulawesi Tenggara,,,,0,0,1,33,33,1
2026-08-08,T2,ASDP,3170,Kamaru,Sulawesi Tenggara,,,,0,0,1,41,41,1
2026-08-09,T2,ASDP,3170,Kamaru,Sulawesi Tenggara,,,,0,0,1,29,29,1
2026-08-10,T2,ASDP,3170,Kamaru,Sulawesi Tenggara,,,,0,0,2,106,106,2
2026-08-11,T2,ASDP,3170,Kamaru,Sulawesi Tenggara,,,,0,0,1,29,29,1
2026-08-12,T2,ASDP,3170,Kamaru,Sulawesi Tenggara,,,,0,0,1,55,55,1
2026-08-13,T2,ASDP,3170,Kamaru,Sulawesi Tenggara,,,,0,0,1,25,25,1
2026-08-14,T2,ASDP,3170,Kamaru,Sulawesi Tenggara,,,,0,0,1,13,13,1
2026-08-15,T2,ASDP,3170,Kamaru,Sulawesi Tenggara,,,,0,0,2,73,73,2
2026-08-16,T2,ASDP,3170,Kamaru,Sulawesi Tenggara,,,,0,0,1,19,19,1
2026-08-17,T2,ASDP,3170,Kamaru,Sulawesi Tenggara,,,,0,0,1,19,19,1
2026-08-18,T2,ASDP,3170,Kamaru,Sulawesi Tenggara,,,,0,0,1,14,14,1
2026-08-19,T2,ASDP,3170,Kamaru,Sulawesi Tenggara,,,,0,0,2,43,43,2
2026-08-20,T2,ASDP,3170,Kamaru,Sulawesi Tenggara,,,,0,0,1,20,20,1
2026-08-21,T2,ASDP,3170,Kamaru,Sulawesi Tenggara,,,,0,0,1,35,35,1
2026-08-22,T2,ASDP,3170,Kamaru,Sulawesi Tenggara,,,,0,0,1,24,24,1
2026-08-23,T2,ASDP,3170,Kamaru,Sulawesi Tenggara,,,,0,0,2,70,70,2
2026-08-24,T2,ASDP,3170,Kamaru,Sulawesi Tenggara,,,,0,0,1,22,22,1
2026-08-25,T2,ASDP,3170,Kamaru,Sulawesi Tenggara,,,,0,0,1,28,28,1
2026-08-27,T2,ASDP,3170,Kamaru,Sulawesi Tenggara,,,,0,0,1,41,41,1
2026-09-01,T3,ASDP,3170,Kamaru,Sulawesi Tenggara,,,,0,0,1,39,39,1
2026-09-03,T3,ASDP,3170,Kamaru,Sulawesi Tenggara,,,,0,0,1,49,49,1
2026-09-04,T3,ASDP,3170,Kamaru,Sulawesi Tenggara,,,,0,0,1,16,16,1
2026-09-05,T3,ASDP,3170,Kamaru,Sulawesi Tenggara,,,,0,0,1,69,69,1
2026-09-07,T3,ASDP,3170,Kamaru,Sulawesi Tenggara,,,,0,0,1,18,18,1
2026-09-08,T3,ASDP,3170,Kamaru,Sulawesi Tenggara,,,,0,0,1,16,16,1
2026-09-09,T3,ASDP,3170,Kamaru,Sulawesi Tenggara,,,,0,0,1,39,39,1
2026-09-11,T3,ASDP,3170,Kamaru,Sulawesi Tenggara,,,,0,0,1,18,18,1
2026-09-12,T3,ASDP,3170,Kamaru,Sulawesi Tenggara,,,,0,0,1,16,16,1
2026-09-13,T3,ASDP,3170,Kamaru,Sulawesi Tenggara,,,,0,0,1,31,31,1
2026-09-15,T3,ASDP,3170,Kamaru,Sulawesi Tenggara,,,,0,0,1,39,39,1
2026-09-18,T3,ASDP,3170,Kamaru,Sulawesi Tenggara,,,,0,0,1,59,59,1
2026-09-19,T3,ASDP,3170,Kamaru,Sulawesi Tenggara,,,,0,0,1,26,26,1
2026-09-20,T3,ASDP,3170,Kamaru,Sulawesi Tenggara,,,,0,0,1,41,41,1
2026-09-22,T3,ASDP,3170,Kamaru,Sulawesi Tenggara,,,,0,0,1,24,24,1
2026-09-23,T3,ASDP,3170,Kamaru,Sulawesi Tenggara,,,,0,0,1,22,22,1
2026-09-24,T3,ASDP,3170,Kamaru,Sulawesi Tenggara,,,,0,0,1,0,0,1
2026-01-01,T1,ASDP,3332,Kampung Balak,Riau,,,,0,0,0,0,0,0
2026-01-02,T1,ASDP,3332,Kampung Balak,Riau,,,,0,0,0,0,0,0
2026-01-03,T1,ASDP,3332,Kampung Balak,Riau,,,,0,0,0,0,0,0
2026-01-04,T1,ASDP,3332,Kampung Balak,Riau,,,,0,0,0,0,0,0
2026-01-05,T1,ASDP,3332,Kampung Balak,Riau,,,,0,0,0,0,0,0
2026-03-01,T1,ASDP,3332,Kampung Balak,Riau,,,,0,0,0,0,0,0
2026-03-14,T1,ASDP,3332,Kampung Balak,Riau,,,,0,0,0,0,0,0
2026-01-01,T1,ASDP,3527,Kangean,Jawa Timur,,,,0,0,1,161,161,1
2026-01-02,T1,ASDP,3527,Kangean,Jawa Timur,,,,0,0,0,0,0,0
2026-01-03,T1,ASDP,3527,Kangean,Jawa Timur,,,,0,0,2,411,411,2
2026-01-04,T1,ASDP,3527,Kangean,Jawa Timur,,,,0,0,0,0,0,0
2026-01-05,T1,ASDP,3527,Kangean,Jawa Timur,,,,0,0,0,0,0,0
2026-03-12,T1,ASDP,3527,Kangean,Jawa Timur,,,,0,0,1,90,90,1
2026-03-14,T1,ASDP,3527,Kangean,Jawa Timur,,,,0,0,1,71,71,1
2026-03-17,T1,ASDP,3527,Kangean,Jawa Timur,,,,0,0,1,64,64,1
2026-03-19,T1,ASDP,3527,Kangean,Jawa Timur,,,,0,0,1,31,31,1
2026-03-24,T1,ASDP,3527,Kangean,Jawa Timur,,,,0,0,1,242,242,1
2026-01-04,T1,ASDP,3806,Kawaluso,Sulawesi Utara,,,,0,0,1,0,0,1
2026-03-11,T1,ASDP,3806,Kawaluso,Sulawesi Utara,,,,0,0,0,0,0,0
2026-03-12,T1,ASDP,3806,Kawaluso,Sulawesi Utara,,,,0,0,0,0,0,0
2026-03-13,T1,ASDP,3806,Kawaluso,Sulawesi Utara,,,,0,0,0,0,0,0
2026-03-14,T1,ASDP,3806,Kawaluso,Sulawesi Utara,,,,0,0,0,0,0,0
2026-03-15,T1,ASDP,3806,Kawaluso,Sulawesi Utara,,,,0,0,0,0,0,0
2026-03-16,T1,ASDP,3806,Kawaluso,Sulawesi Utara,,,,0,0,0,0,0,0
2026-03-31,T1,ASDP,3806,Kawaluso,Sulawesi Utara,,,,0,0,1,0,0,1
2026-04-01,T1,ASDP,3806,Kawaluso,Sulawesi Utara,,,,0,0,0,0,0,0
2026-04-02,T1,ASDP,3806,Kawaluso,Sulawesi Utara,,,,0,0,0,0,0,0
2026-04-03,T1,ASDP,3806,Kawaluso,Sulawesi Utara,,,,0,0,0,0,0,0
2026-04-04,T1,ASDP,3806,Kawaluso,Sulawesi Utara,,,,0,0,0,0,0,0
2026-04-05,T1,ASDP,3806,Kawaluso,Sulawesi Utara,,,,0,0,0,0,0,0
2026-04-06,T1,ASDP,3806,Kawaluso,Sulawesi Utara,,,,0,0,0,0,0,0
2026-04-07,T1,ASDP,3806,Kawaluso,Sulawesi Utara,,,,0,0,0,0,0,0
2026-04-08,T1,ASDP,3806,Kawaluso,Sulawesi Utara,,,,0,0,0,0,0,0
2026-03-16,T1,ASDP,3392,Kelapa Lima,Papua,,,,0,0,0,0,0,0
2026-01-03,T1,ASDP,3812,Kesui,Maluku,,,,0,0,0,0,0,0
2026-01-04,T1,ASDP,3812,Kesui,Maluku,,,,0,0,0,0,0,0
2026-01-09,T1,ASDP,3812,Kesui,Maluku,,,,0,0,0,0,0,0
2026-03-13,T1,ASDP,3812,Kesui,Maluku,,,,0,0,0,0,0,0
2026-03-14,T1,ASDP,3812,Kesui,Maluku,,,,0,0,0,0,0,0
2026-03-21,T1,ASDP,3812,Kesui,Maluku,,,,0,0,0,0,0,0
2026-03-27,T1,ASDP,3812,Kesui,Maluku,,,,0,0,0,0,0,0
2026-03-28,T1,ASDP,3812,Kesui,Maluku,,,,0,0,0,0,0,0
2026-08-10,T2,ASDP,3812,Kesui,Maluku,,,,0,0,1,2,2,1
2026-01-03,T1,ASDP,3542,Kisar,Maluku,,,,0,0,0,0,0,0
2026-01-04,T1,ASDP,3542,Kisar,Maluku,,,,0,0,0,0,0,0
2026-01-09,T1,ASDP,3542,Kisar,Maluku,,,,0,0,0,0,0,0
2026-03-13,T1,ASDP,3542,Kisar,Maluku,,,,0,0,0,0,0,0
2026-03-14,T1,ASDP,3542,Kisar,Maluku,,,,0,0,0,0,0,0
2026-03-16,T1,ASDP,3542,Kisar,Maluku,,,,0,0,0,0,0,0
2026-03-17,T1,ASDP,3542,Kisar,Maluku,,,,0,0,0,0,0,0
2026-03-18,T1,ASDP,3542,Kisar,Maluku,,,,0,0,0,0,0,0
2026-03-19,T1,ASDP,3542,Kisar,Maluku,,,,0,0,0,0,0,0
2026-03-20,T1,ASDP,3542,Kisar,Maluku,,,,0,0,0,0,0,0
2026-03-24,T1,ASDP,3542,Kisar,Maluku,,,,0,0,0,0,0,0
2026-03-26,T1,ASDP,3542,Kisar,Maluku,,,,0,0,0,0,0,0
2026-03-27,T1,ASDP,3542,Kisar,Maluku,,,,0,0,0,0,0,0
2026-03-28,T1,ASDP,3542,Kisar,Maluku,,,,0,0,0,0,0,0
2026-03-29,T1,ASDP,3542,Kisar,Maluku,,,,0,0,0,0,0,0
2026-01-01,T1,ASDP,3155,Kolonodale,Sulawesi Tengah,,,,0,0,1,0,0,1
2026-01-02,T1,ASDP,3155,Kolonodale,Sulawesi Tengah,,,,0,0,1,139,139,1
2026-01-03,T1,ASDP,3155,Kolonodale,Sulawesi Tengah,,,,0,0,1,164,164,1
2026-01-04,T1,ASDP,3155,Kolonodale,Sulawesi Tengah,,,,0,0,1,140,140,1
2026-03-13,T1,ASDP,3155,Kolonodale,Sulawesi Tengah,,,,0,0,1,302,302,1
2026-03-14,T1,ASDP,3155,Kolonodale,Sulawesi Tengah,,,,0,0,2,663,663,2
2026-03-15,T1,ASDP,3155,Kolonodale,Sulawesi Tengah,,,,0,0,1,522,522,1
2026-03-16,T1,ASDP,3155,Kolonodale,Sulawesi Tengah,,,,0,0,1,450,450,1
2026-03-17,T1,ASDP,3155,Kolonodale,Sulawesi Tengah,,,,0,0,1,612,612,1
2026-03-18,T1,ASDP,3155,Kolonodale,Sulawesi Tengah,,,,0,0,1,930,930,1
2026-03-19,T1,ASDP,3155,Kolonodale,Sulawesi Tengah,,,,0,0,1,325,325,1
2026-03-20,T1,ASDP,3155,Kolonodale,Sulawesi Tengah,,,,0,0,1,159,159,1
2026-03-21,T1,ASDP,3155,Kolonodale,Sulawesi Tengah,,,,0,0,0,0,0,0
2026-03-22,T1,ASDP,3155,Kolonodale,Sulawesi Tengah,,,,0,0,0,0,0,0
2026-03-23,T1,ASDP,3155,Kolonodale,Sulawesi Tengah,,,,0,0,1,482,482,1
2026-03-24,T1,ASDP,3155,Kolonodale,Sulawesi Tengah,,,,0,0,1,321,321,1
2026-03-25,T1,ASDP,3155,Kolonodale,Sulawesi Tengah,,,,0,0,1,264,264,1
2026-03-26,T1,ASDP,3155,Kolonodale,Sulawesi Tengah,,,,0,0,1,344,344,1
2026-03-27,T1,ASDP,3155,Kolonodale,Sulawesi Tengah,,,,0,0,1,261,261,1
2026-03-28,T1,ASDP,3155,Kolonodale,Sulawesi Tengah,,,,0,0,2,260,260,2
2026-03-29,T1,ASDP,3155,Kolonodale,Sulawesi Tengah,,,,0,0,0,0,0,0
2026-01-04,T1,ASDP,4196,Kur,Maluku,,,,0,0,0,0,0,0
2026-02-09,T1,ASDP,4196,Kur,Maluku,,,,0,0,1,43,43,1
2026-02-16,T1,ASDP,4196,Kur,Maluku,,,,0,0,1,91,91,1
2026-02-19,T1,ASDP,4196,Kur,Maluku,,,,0,0,1,17,17,1
2026-02-26,T1,ASDP,4196,Kur,Maluku,,,,0,0,2,58,58,2
2026-03-11,T1,ASDP,4196,Kur,Maluku,,,,0,0,1,57,57,1
2026-03-12,T1,ASDP,4196,Kur,Maluku,,,,0,0,2,15,15,2
2026-03-24,T1,ASDP,4196,Kur,Maluku,,,,0,0,2,162,162,2
2026-04-02,T1,ASDP,4196,Kur,Maluku,,,,0,0,1,106,106,1
2026-04-09,T1,ASDP,4196,Kur,Maluku,,,,0,0,2,68,68,2
2026-04-23,T1,ASDP,4196,Kur,Maluku,,,,0,0,1,73,73,1
2026-05-07,T2,ASDP,4196,Kur,Maluku,,,,0,0,1,91,91,1
2026-05-21,T2,ASDP,4196,Kur,Maluku,,,,0,0,2,88,88,2
2026-05-31,T2,ASDP,4196,Kur,Maluku,,,,0,0,1,81,81,1
2026-06-04,T2,ASDP,4196,Kur,Maluku,,,,0,0,2,36,36,2
2026-06-08,T2,ASDP,4196,Kur,Maluku,,,,0,0,1,95,95,1
2026-06-17,T2,ASDP,4196,Kur,Maluku,,,,0,0,2,220,220,2
2026-06-18,T2,ASDP,4196,Kur,Maluku,,,,0,0,2,52,52,2
2026-06-26,T2,ASDP,4196,Kur,Maluku,,,,0,0,1,57,57,1
2026-07-07,T2,ASDP,4196,Kur,Maluku,,,,0,0,1,106,106,1
2026-07-09,T2,ASDP,4196,Kur,Maluku,,,,0,0,2,25,25,2
2026-07-14,T2,ASDP,4196,Kur,Maluku,,,,0,0,1,47,47,1
2026-07-23,T2,ASDP,4196,Kur,Maluku,,,,0,0,1,53,53,1
2026-08-06,T2,ASDP,4196,Kur,Maluku,,,,0,0,2,44,44,2
2026-08-10,T2,ASDP,4196,Kur,Maluku,,,,0,0,2,45,45,2
2026-08-18,T2,ASDP,4196,Kur,Maluku,,,,0,0,1,49,49,1
2026-08-20,T2,ASDP,4196,Kur,Maluku,,,,0,0,1,28,28,1
2026-08-25,T2,ASDP,4196,Kur,Maluku,,,,0,0,1,86,86,1
2026-09-03,T3,ASDP,4196,Kur,Maluku,,,,0,0,1,91,91,1
2026-09-07,T3,ASDP,4196,Kur,Maluku,,,,0,0,1,81,81,1
2026-09-10,T3,ASDP,4196,Kur,Maluku,,,,0,0,2,28,28,2
2026-09-14,T3,ASDP,4196,Kur,Maluku,,,,0,0,1,64,64,1
2026-09-17,T3,ASDP,4196,Kur,Maluku,,,,0,0,1,30,30,1
2026-01-01,T1,ASDP,3173,Labuan,Sulawesi Tenggara,,,,0,0,0,0,0,0
2026-01-02,T1,ASDP,3173,Labuan,Sulawesi Tenggara,,,,0,0,0,0,0,0
2026-01-03,T1,ASDP,3173,Labuan,Sulawesi Tenggara,,,,0,0,0,0,0,0
2026-01-04,T1,ASDP,3173,Labuan,Sulawesi Tenggara,,,,0,0,0,0,0,0
2026-01-05,T1,ASDP,3173,Labuan,Sulawesi Tenggara,,,,0,0,0,0,0,0
2026-03-13,T1,ASDP,3173,Labuan,Sulawesi Tenggara,,,,0,0,6,186,186,6
2026-03-14,T1,ASDP,3173,Labuan,Sulawesi Tenggara,,,,0,0,18,281,281,18
2026-03-15,T1,ASDP,3173,Labuan,Sulawesi Tenggara,,,,0,0,5,73,73,5
2026-03-16,T1,ASDP,3173,Labuan,Sulawesi Tenggara,,,,0,0,5,66,66,5
2026-03-17,T1,ASDP,3173,Labuan,Sulawesi Tenggara,,,,0,0,17,228,228,17
2026-03-18,T1,ASDP,3173,Labuan,Sulawesi Tenggara,,,,0,0,12,120,120,12
2026-03-19,T1,ASDP,3173,Labuan,Sulawesi Tenggara,,,,0,0,12,136,136,12
2026-03-20,T1,ASDP,3173,Labuan,Sulawesi Tenggara,,,,0,0,2,28,28,2
2026-03-21,T1,ASDP,3173,Labuan,Sulawesi Tenggara,,,,0,0,7,195,195,7
2026-03-22,T1,ASDP,3173,Labuan,Sulawesi Tenggara,,,,0,0,10,266,266,10
2026-03-23,T1,ASDP,3173,Labuan,Sulawesi Tenggara,,,,0,0,14,908,908,14
2026-03-24,T1,ASDP,3173,Labuan,Sulawesi Tenggara,,,,0,0,16,890,890,16
2026-03-25,T1,ASDP,3173,Labuan,Sulawesi Tenggara,,,,0,0,14,696,696,14
2026-03-26,T1,ASDP,3173,Labuan,Sulawesi Tenggara,,,,0,0,16,764,764,16
2026-03-27,T1,ASDP,3173,Labuan,Sulawesi Tenggara,,,,0,0,10,588,588,10
2026-03-28,T1,ASDP,3173,Labuan,Sulawesi Tenggara,,,,0,0,14,776,776,14
2026-03-29,T1,ASDP,3173,Labuan,Sulawesi Tenggara,,,,0,0,18,900,900,18
2026-06-29,T2,ASDP,3173,Labuan,Sulawesi Tenggara,,,,0,0,3,212,212,3
2026-06-30,T2,ASDP,3173,Labuan,Sulawesi Tenggara,,,,0,0,1,46,46,1
2026-07-01,T2,ASDP,3173,Labuan,Sulawesi Tenggara,,,,0,0,6,444,444,6
2026-07-02,T2,ASDP,3173,Labuan,Sulawesi Tenggara,,,,0,0,9,504,504,9
2026-07-03,T2,ASDP,3173,Labuan,Sulawesi Tenggara,,,,0,0,8,420,420,8
2026-07-04,T2,ASDP,3173,Labuan,Sulawesi Tenggara,,,,0,0,6,460,460,6
2026-07-05,T2,ASDP,3173,Labuan,Sulawesi Tenggara,,,,0,0,8,594,594,8
2026-07-06,T2,ASDP,3173,Labuan,Sulawesi Tenggara,,,,0,0,6,403,403,6
2026-07-07,T2,ASDP,3173,Labuan,Sulawesi Tenggara,,,,0,0,8,450,450,8
2026-07-08,T2,ASDP,3173,Labuan,Sulawesi Tenggara,,,,0,0,8,707,707,8
2026-07-09,T2,ASDP,3173,Labuan,Sulawesi Tenggara,,,,0,0,8,595,595,8
2026-07-10,T2,ASDP,3173,Labuan,Sulawesi Tenggara,,,,0,0,7,381,381,7
2026-07-11,T2,ASDP,3173,Labuan,Sulawesi Tenggara,,,,0,0,7,509,509,7
2026-07-12,T2,ASDP,3173,Labuan,Sulawesi Tenggara,,,,0,0,8,611,611,8
2026-07-13,T2,ASDP,3173,Labuan,Sulawesi Tenggara,,,,0,0,5,317,317,5
2026-07-14,T2,ASDP,3173,Labuan,Sulawesi Tenggara,,,,0,0,6,392,392,6
2026-07-15,T2,ASDP,3173,Labuan,Sulawesi Tenggara,,,,0,0,6,346,346,6
2026-07-16,T2,ASDP,3173,Labuan,Sulawesi Tenggara,,,,0,0,8,363,363,8
2026-07-17,T2,ASDP,3173,Labuan,Sulawesi Tenggara,,,,0,0,4,281,281,4
2026-07-18,T2,ASDP,3173,Labuan,Sulawesi Tenggara,,,,0,0,7,345,345,7
2026-07-19,T2,ASDP,3173,Labuan,Sulawesi Tenggara,,,,0,0,7,464,464,7
2026-07-20,T2,ASDP,3173,Labuan,Sulawesi Tenggara,,,,0,0,7,387,387,7
2026-07-21,T2,ASDP,3173,Labuan,Sulawesi Tenggara,,,,0,0,7,386,386,7
2026-07-22,T2,ASDP,3173,Labuan,Sulawesi Tenggara,,,,0,0,5,346,346,5
2026-07-23,T2,ASDP,3173,Labuan,Sulawesi Tenggara,,,,0,0,7,424,424,7
2026-07-24,T2,ASDP,3173,Labuan,Sulawesi Tenggara,,,,0,0,7,450,450,7
2026-07-25,T2,ASDP,3173,Labuan,Sulawesi Tenggara,,,,0,0,6,364,364,6
2026-07-26,T2,ASDP,3173,Labuan,Sulawesi Tenggara,,,,0,0,8,545,545,8
2026-07-27,T2,ASDP,3173,Labuan,Sulawesi Tenggara,,,,0,0,6,347,347,6
2026-07-28,T2,ASDP,3173,Labuan,Sulawesi Tenggara,,,,0,0,8,401,401,8
2026-07-29,T2,ASDP,3173,Labuan,Sulawesi Tenggara,,,,0,0,7,389,389,7
2026-07-30,T2,ASDP,3173,Labuan,Sulawesi Tenggara,,,,0,0,7,454,454,7
2026-07-31,T2,ASDP,3173,Labuan,Sulawesi Tenggara,,,,0,0,7,415,415,7
2026-08-01,T2,ASDP,3173,Labuan,Sulawesi Tenggara,,,,0,0,6,389,389,6
2026-08-02,T2,ASDP,3173,Labuan,Sulawesi Tenggara,,,,0,0,6,409,409,6
2026-08-03,T2,ASDP,3173,Labuan,Sulawesi Tenggara,,,,0,0,5,370,370,5
2026-08-04,T2,ASDP,3173,Labuan,Sulawesi Tenggara,,,,0,0,7,365,365,7
2026-08-05,T2,ASDP,3173,Labuan,Sulawesi Tenggara,,,,0,0,6,436,436,6
2026-08-06,T2,ASDP,3173,Labuan,Sulawesi Tenggara,,,,0,0,7,411,411,7
2026-08-07,T2,ASDP,3173,Labuan,Sulawesi Tenggara,,,,0,0,6,415,415,6
2026-08-08,T2,ASDP,3173,Labuan,Sulawesi Tenggara,,,,0,0,6,559,559,6
2026-08-09,T2,ASDP,3173,Labuan,Sulawesi Tenggara,,,,0,0,5,398,398,5
2026-08-10,T2,ASDP,3173,Labuan,Sulawesi Tenggara,,,,0,0,6,374,374,6
2026-08-11,T2,ASDP,3173,Labuan,Sulawesi Tenggara,,,,0,0,5,239,239,5
2026-08-12,T2,ASDP,3173,Labuan,Sulawesi Tenggara,,,,0,0,6,301,301,6
2026-08-13,T2,ASDP,3173,Labuan,Sulawesi Tenggara,,,,0,0,5,252,252,5
2026-08-14,T2,ASDP,3173,Labuan,Sulawesi Tenggara,,,,0,0,6,335,335,6
2026-08-15,T2,ASDP,3173,Labuan,Sulawesi Tenggara,,,,0,0,6,418,418,6
2026-08-16,T2,ASDP,3173,Labuan,Sulawesi Tenggara,,,,0,0,6,456,456,6
2026-08-17,T2,ASDP,3173,Labuan,Sulawesi Tenggara,,,,0,0,5,381,381,5
2026-08-18,T2,ASDP,3173,Labuan,Sulawesi Tenggara,,,,0,0,5,337,337,5
2026-08-19,T2,ASDP,3173,Labuan,Sulawesi Tenggara,,,,0,0,4,297,297,4
2026-08-20,T2,ASDP,3173,Labuan,Sulawesi Tenggara,,,,0,0,6,538,538,6
2026-08-21,T2,ASDP,3173,Labuan,Sulawesi Tenggara,,,,0,0,6,543,543,6
2026-08-22,T2,ASDP,3173,Labuan,Sulawesi Tenggara,,,,0,0,7,494,494,7
2026-08-23,T2,ASDP,3173,Labuan,Sulawesi Tenggara,,,,0,0,6,478,478,6
2026-08-24,T2,ASDP,3173,Labuan,Sulawesi Tenggara,,,,0,0,6,335,335,6
2026-08-25,T2,ASDP,3173,Labuan,Sulawesi Tenggara,,,,0,0,6,409,409,6
2026-08-26,T2,ASDP,3173,Labuan,Sulawesi Tenggara,,,,0,0,5,316,316,5
2026-08-27,T2,ASDP,3173,Labuan,Sulawesi Tenggara,,,,0,0,6,343,343,6
2026-08-28,T2,ASDP,3173,Labuan,Sulawesi Tenggara,,,,0,0,6,289,289,6
2026-08-29,T2,ASDP,3173,Labuan,Sulawesi Tenggara,,,,0,0,6,360,360,6
2026-08-30,T2,ASDP,3173,Labuan,Sulawesi Tenggara,,,,0,0,6,525,525,6
2026-08-31,T2,ASDP,3173,Labuan,Sulawesi Tenggara,,,,0,0,5,345,345,5
2026-09-01,T3,ASDP,3173,Labuan,Sulawesi Tenggara,,,,0,0,6,285,285,6
2026-09-02,T3,ASDP,3173,Labuan,Sulawesi Tenggara,,,,0,0,5,293,293,5
2026-09-03,T3,ASDP,3173,Labuan,Sulawesi Tenggara,,,,0,0,6,329,329,6
2026-09-04,T3,ASDP,3173,Labuan,Sulawesi Tenggara,,,,0,0,6,276,276,6
2026-09-05,T3,ASDP,3173,Labuan,Sulawesi Tenggara,,,,0,0,6,302,302,6
2026-09-06,T3,ASDP,3173,Labuan,Sulawesi Tenggara,,,,0,0,6,327,327,6
2026-09-07,T3,ASDP,3173,Labuan,Sulawesi Tenggara,,,,0,0,7,332,332,7
2026-09-08,T3,ASDP,3173,Labuan,Sulawesi Tenggara,,,,0,0,5,281,281,5
2026-09-09,T3,ASDP,3173,Labuan,Sulawesi Tenggara,,,,0,0,6,323,323,6
2026-09-10,T3,ASDP,3173,Labuan,Sulawesi Tenggara,,,,0,0,5,270,270,5
2026-09-11,T3,ASDP,3173,Labuan,Sulawesi Tenggara,,,,0,0,7,343,343,7
2026-09-12,T3,ASDP,3173,Labuan,Sulawesi Tenggara,,,,0,0,6,357,357,6
2026-09-13,T3,ASDP,3173,Labuan,Sulawesi Tenggara,,,,0,0,7,416,416,7
2026-09-14,T3,ASDP,3173,Labuan,Sulawesi Tenggara,,,,0,0,6,367,367,6
2026-09-15,T3,ASDP,3173,Labuan,Sulawesi Tenggara,,,,0,0,7,317,317,7
2026-09-16,T3,ASDP,3173,Labuan,Sulawesi Tenggara,,,,0,0,6,327,327,6
2026-09-17,T3,ASDP,3173,Labuan,Sulawesi Tenggara,,,,0,0,7,366,366,7
2026-09-18,T3,ASDP,3173,Labuan,Sulawesi Tenggara,,,,0,0,7,361,361,7
2026-09-19,T3,ASDP,3173,Labuan,Sulawesi Tenggara,,,,0,0,7,325,325,7
2026-09-20,T3,ASDP,3173,Labuan,Sulawesi Tenggara,,,,0,0,6,482,482,6
2026-09-21,T3,ASDP,3173,Labuan,Sulawesi Tenggara,,,,0,0,6,274,274,6
2026-09-22,T3,ASDP,3173,Labuan,Sulawesi Tenggara,,,,0,0,6,305,305,6
2026-09-23,T3,ASDP,3173,Labuan,Sulawesi Tenggara,,,,0,0,6,372,372,6
2026-09-24,T3,ASDP,3173,Labuan,Sulawesi Tenggara,,,,0,0,6,280,280,6
2026-09-25,T3,ASDP,3173,Labuan,Sulawesi Tenggara,,,,0,0,5,0,0,5
2026-09-26,T3,ASDP,3173,Labuan,Sulawesi Tenggara,,,,0,0,3,0,0,3
2026-09-27,T3,ASDP,3173,Labuan,Sulawesi Tenggara,,,,0,0,2,0,0,2
2026-01-01,T1,ASDP,3818,Labuhan Haji,D.I Aceh,,,,0,0,0,0,0,0
2026-01-02,T1,ASDP,3818,Labuhan Haji,D.I Aceh,,,,0,0,0,0,0,0
2026-01-03,T1,ASDP,3818,Labuhan Haji,D.I Aceh,,,,0,0,0,0,0,0
2026-01-04,T1,ASDP,3818,Labuhan Haji,D.I Aceh,,,,0,0,0,0,0,0
2026-02-08,T1,ASDP,3818,Labuhan Haji,D.I Aceh,,,,0,0,1,130,130,1
2026-02-11,T1,ASDP,3818,Labuhan Haji,D.I Aceh,,,,0,0,1,132,132,1
2026-02-14,T1,ASDP,3818,Labuhan Haji,D.I Aceh,,,,0,0,1,214,214,1
2026-02-21,T1,ASDP,3818,Labuhan Haji,D.I Aceh,,,,0,0,1,231,231,1
2026-02-28,T1,ASDP,3818,Labuhan Haji,D.I Aceh,,,,0,0,1,151,151,1
2026-03-07,T1,ASDP,3818,Labuhan Haji,D.I Aceh,,,,0,0,1,265,265,1
2026-03-15,T1,ASDP,3818,Labuhan Haji,D.I Aceh,,,,0,0,2,1130,1130,2
2026-03-19,T1,ASDP,3818,Labuhan Haji,D.I Aceh,,,,0,0,1,373,373,1
2026-03-27,T1,ASDP,3818,Labuhan Haji,D.I Aceh,,,,0,0,1,210,210,1
2026-03-28,T1,ASDP,3818,Labuhan Haji,D.I Aceh,,,,0,0,1,50,50,1
2026-04-05,T1,ASDP,3818,Labuhan Haji,D.I Aceh,,,,0,0,1,470,470,1
2026-04-12,T1,ASDP,3818,Labuhan Haji,D.I Aceh,,,,0,0,1,332,332,1
2026-04-18,T1,ASDP,3818,Labuhan Haji,D.I Aceh,,,,0,0,1,258,258,1
2026-04-25,T1,ASDP,3818,Labuhan Haji,D.I Aceh,,,,0,0,1,251,251,1
2026-05-03,T2,ASDP,3818,Labuhan Haji,D.I Aceh,,,,0,0,1,258,258,1
2026-06-06,T2,ASDP,3818,Labuhan Haji,D.I Aceh,,,,0,0,1,277,277,1
2026-06-13,T2,ASDP,3818,Labuhan Haji,D.I Aceh,,,,0,0,1,285,285,1
2026-06-17,T2,ASDP,3818,Labuhan Haji,D.I Aceh,,,,0,0,2,402,402,2
2026-06-20,T2,ASDP,3818,Labuhan Haji,D.I Aceh,,,,0,0,2,658,658,2
2026-06-24,T2,ASDP,3818,Labuhan Haji,D.I Aceh,,,,0,0,1,404,404,1
2026-06-27,T2,ASDP,3818,Labuhan Haji,D.I Aceh,,,,0,0,1,409,409,1
2026-07-01,T2,ASDP,3818,Labuhan Haji,D.I Aceh,,,,0,0,1,437,437,1
2026-07-04,T2,ASDP,3818,Labuhan Haji,D.I Aceh,,,,0,0,1,398,398,1
2026-07-08,T2,ASDP,3818,Labuhan Haji,D.I Aceh,,,,0,0,1,393,393,1
2026-07-11,T2,ASDP,3818,Labuhan Haji,D.I Aceh,,,,0,0,1,308,308,1
2026-07-18,T2,ASDP,3818,Labuhan Haji,D.I Aceh,,,,0,0,1,380,380,1
2026-07-25,T2,ASDP,3818,Labuhan Haji,D.I Aceh,,,,0,0,1,381,381,1
2026-08-01,T2,ASDP,3818,Labuhan Haji,D.I Aceh,,,,0,0,1,287,287,1
2026-08-05,T2,ASDP,3818,Labuhan Haji,D.I Aceh,,,,0,0,1,305,305,1
2026-08-09,T2,ASDP,3818,Labuhan Haji,D.I Aceh,,,,0,0,1,504,504,1
2026-08-12,T2,ASDP,3818,Labuhan Haji,D.I Aceh,,,,0,0,1,596,596,1
2026-08-15,T2,ASDP,3818,Labuhan Haji,D.I Aceh,,,,0,0,1,384,384,1
2026-08-19,T2,ASDP,3818,Labuhan Haji,D.I Aceh,,,,0,0,1,311,311,1
2026-08-22,T2,ASDP,3818,Labuhan Haji,D.I Aceh,,,,0,0,1,348,348,1
2026-08-26,T2,ASDP,3818,Labuhan Haji,D.I Aceh,,,,0,0,1,224,224,1
2026-08-29,T2,ASDP,3818,Labuhan Haji,D.I Aceh,,,,0,0,1,294,294,1
2026-09-02,T3,ASDP,3818,Labuhan Haji,D.I Aceh,,,,0,0,1,213,213,1
2026-09-05,T3,ASDP,3818,Labuhan Haji,D.I Aceh,,,,0,0,1,341,341,1
2026-09-12,T3,ASDP,3818,Labuhan Haji,D.I Aceh,,,,0,0,1,235,235,1
2026-09-20,T3,ASDP,3818,Labuhan Haji,D.I Aceh,,,,0,0,1,236,236,1
2026-09-23,T3,ASDP,3818,Labuhan Haji,D.I Aceh,,,,0,0,1,0,0,1
2026-01-03,T1,ASDP,3821,Lakor,Maluku,,,,0,0,0,0,0,0
2026-01-04,T1,ASDP,3821,Lakor,Maluku,,,,0,0,0,0,0,0
2026-01-09,T1,ASDP,3821,Lakor,Maluku,,,,0,0,0,0,0,0
2026-03-14,T1,ASDP,3821,Lakor,Maluku,,,,0,0,0,0,0,0
2026-03-16,T1,ASDP,3821,Lakor,Maluku,,,,0,0,0,0,0,0
2026-03-27,T1,ASDP,3821,Lakor,Maluku,,,,0,0,0,0,0,0
2026-01-03,T1,ASDP,3824,Lamerang,Maluku,,,,0,0,0,0,0,0
2026-01-04,T1,ASDP,3824,Lamerang,Maluku,,,,0,0,0,0,0,0
2026-01-09,T1,ASDP,3824,Lamerang,Maluku,,,,0,0,0,0,0,0
2026-03-14,T1,ASDP,3824,Lamerang,Maluku,,,,0,0,0,0,0,0
2026-03-19,T1,ASDP,3824,Lamerang,Maluku,,,,0,0,1,3,3,1
2026-03-21,T1,ASDP,3824,Lamerang,Maluku,,,,0,0,0,0,0,0
2026-03-27,T1,ASDP,3824,Lamerang,Maluku,,,,0,0,0,0,0,0
2026-01-01,T1,ASDP,3827,Lamteng,D.I Aceh,,,,0,0,0,0,0,0
2026-01-02,T1,ASDP,3827,Lamteng,D.I Aceh,,,,0,0,0,0,0,0
2026-01-03,T1,ASDP,3827,Lamteng,D.I Aceh,,,,0,0,0,0,0,0
2026-01-04,T1,ASDP,3827,Lamteng,D.I Aceh,,,,0,0,0,0,0,0
2026-03-11,T1,ASDP,3827,Lamteng,D.I Aceh,,,,0,0,1,8,8,1
2026-03-12,T1,ASDP,3827,Lamteng,D.I Aceh,,,,0,0,1,11,11,1
2026-03-13,T1,ASDP,3827,Lamteng,D.I Aceh,,,,0,0,1,20,20,1
2026-03-14,T1,ASDP,3827,Lamteng,D.I Aceh,,,,0,0,1,18,18,1
2026-03-15,T1,ASDP,3827,Lamteng,D.I Aceh,,,,0,0,1,77,77,1
2026-03-16,T1,ASDP,3827,Lamteng,D.I Aceh,,,,0,0,1,39,39,1
2026-01-01,T1,ASDP,3278,Langara,Sulawesi Tenggara,,,,0,0,0,0,0,0
2026-01-02,T1,ASDP,3278,Langara,Sulawesi Tenggara,,,,0,0,0,0,0,0
2026-01-03,T1,ASDP,3278,Langara,Sulawesi Tenggara,,,,0,0,0,0,0,0
2026-01-04,T1,ASDP,3278,Langara,Sulawesi Tenggara,,,,0,0,0,0,0,0
2026-01-05,T1,ASDP,3278,Langara,Sulawesi Tenggara,,,,0,0,0,0,0,0
2026-03-13,T1,ASDP,3278,Langara,Sulawesi Tenggara,,,,0,0,2,211,211,2
2026-03-14,T1,ASDP,3278,Langara,Sulawesi Tenggara,,,,0,0,0,0,0,0
2026-03-15,T1,ASDP,3278,Langara,Sulawesi Tenggara,,,,0,0,1,155,155,1
2026-03-16,T1,ASDP,3278,Langara,Sulawesi Tenggara,,,,0,0,1,103,103,1
2026-03-17,T1,ASDP,3278,Langara,Sulawesi Tenggara,,,,0,0,1,164,164,1
2026-03-18,T1,ASDP,3278,Langara,Sulawesi Tenggara,,,,0,0,1,100,100,1
2026-03-19,T1,ASDP,3278,Langara,Sulawesi Tenggara,,,,0,0,1,79,79,1
2026-03-20,T1,ASDP,3278,Langara,Sulawesi Tenggara,,,,0,0,1,30,30,1
2026-03-21,T1,ASDP,3278,Langara,Sulawesi Tenggara,,,,0,0,1,79,79,1
2026-03-22,T1,ASDP,3278,Langara,Sulawesi Tenggara,,,,0,0,1,151,151,1
2026-03-23,T1,ASDP,3278,Langara,Sulawesi Tenggara,,,,0,0,1,119,119,1
2026-03-24,T1,ASDP,3278,Langara,Sulawesi Tenggara,,,,0,0,1,267,267,1
2026-03-25,T1,ASDP,3278,Langara,Sulawesi Tenggara,,,,0,0,2,505,505,2
2026-03-26,T1,ASDP,3278,Langara,Sulawesi Tenggara,,,,0,0,1,223,223,1
2026-01-04,T1,ASDP,3830,Larat,Maluku,,,,0,0,0,0,0,0
2026-01-09,T1,ASDP,3830,Larat,Maluku,,,,0,0,0,0,0,0
2026-02-19,T1,ASDP,3830,Larat,Maluku,,,,0,0,1,50,50,1
2026-02-28,T1,ASDP,3830,Larat,Maluku,,,,0,0,1,42,42,1
2026-03-15,T1,ASDP,3830,Larat,Maluku,,,,0,0,1,53,53,1
2026-03-29,T1,ASDP,3830,Larat,Maluku,,,,0,0,1,77,77,1
2026-01-24,T1,ASDP,3836,Lembeh,Sulawesi Utara,,,,0,0,1,12,12,1
2026-03-11,T1,ASDP,3836,Lembeh,Sulawesi Utara,,,,0,0,6,28,28,6
2026-03-12,T1,ASDP,3836,Lembeh,Sulawesi Utara,,,,0,0,3,28,28,3
2026-03-13,T1,ASDP,3836,Lembeh,Sulawesi Utara,,,,0,0,3,42,42,3
2026-03-14,T1,ASDP,3836,Lembeh,Sulawesi Utara,,,,0,0,3,34,34,3
2026-03-15,T1,ASDP,3836,Lembeh,Sulawesi Utara,,,,0,0,0,0,0,0
2026-03-16,T1,ASDP,3836,Lembeh,Sulawesi Utara,,,,0,0,3,30,30,3
2026-03-17,T1,ASDP,3836,Lembeh,Sulawesi Utara,,,,0,0,1,6,6,1
2026-03-18,T1,ASDP,3836,Lembeh,Sulawesi Utara,,,,0,0,3,28,28,3
2026-03-19,T1,ASDP,3836,Lembeh,Sulawesi Utara,,,,0,0,1,10,10,1
2026-03-20,T1,ASDP,3836,Lembeh,Sulawesi Utara,,,,0,0,4,23,23,4
2026-03-21,T1,ASDP,3836,Lembeh,Sulawesi Utara,,,,0,0,4,40,40,4
2026-03-22,T1,ASDP,3836,Lembeh,Sulawesi Utara,,,,0,0,1,0,0,1
2026-03-23,T1,ASDP,3836,Lembeh,Sulawesi Utara,,,,0,0,4,20,20,4
2026-03-24,T1,ASDP,3836,Lembeh,Sulawesi Utara,,,,0,0,4,34,34,4
2026-03-25,T1,ASDP,3836,Lembeh,Sulawesi Utara,,,,0,0,4,16,16,4
2026-03-26,T1,ASDP,3836,Lembeh,Sulawesi Utara,,,,0,0,4,22,22,4
2026-03-27,T1,ASDP,3836,Lembeh,Sulawesi Utara,,,,0,0,3,20,20,3
2026-03-28,T1,ASDP,3836,Lembeh,Sulawesi Utara,,,,0,0,5,16,16,5
2026-03-29,T1,ASDP,3836,Lembeh,Sulawesi Utara,,,,0,0,0,0,0,0
2026-03-30,T1,ASDP,3836,Lembeh,Sulawesi Utara,,,,0,0,4,36,36,4
2026-03-31,T1,ASDP,3836,Lembeh,Sulawesi Utara,,,,0,0,5,10,10,5
2026-01-05,T1,ASDP,4345,Letung,Kepulauan Riau,,,,0,0,1,12,12,1
2026-01-14,T1,ASDP,4345,Letung,Kepulauan Riau,,,,0,0,1,27,27,1
2026-01-21,T1,ASDP,4345,Letung,Kepulauan Riau,,,,0,0,1,34,34,1
2026-01-25,T1,ASDP,4345,Letung,Kepulauan Riau,,,,0,0,1,38,38,1
2026-02-03,T1,ASDP,4345,Letung,Kepulauan Riau,,,,0,0,1,90,90,1
2026-02-05,T1,ASDP,4345,Letung,Kepulauan Riau,,,,0,0,1,12,12,1
2026-02-11,T1,ASDP,4345,Letung,Kepulauan Riau,,,,0,0,1,36,36,1
2026-02-14,T1,ASDP,4345,Letung,Kepulauan Riau,,,,0,0,1,57,57,1
2026-02-16,T1,ASDP,4345,Letung,Kepulauan Riau,,,,0,0,1,570,570,1
2026-02-17,T1,ASDP,4345,Letung,Kepulauan Riau,,,,0,0,1,65,65,1
2026-02-24,T1,ASDP,4345,Letung,Kepulauan Riau,,,,0,0,1,24,24,1
2026-03-11,T1,ASDP,4345,Letung,Kepulauan Riau,,,,0,0,0,0,0,0
2026-03-12,T1,ASDP,4345,Letung,Kepulauan Riau,,,,0,0,2,130,130,2
2026-03-13,T1,ASDP,4345,Letung,Kepulauan Riau,,,,0,0,0,0,0,0
2026-03-14,T1,ASDP,4345,Letung,Kepulauan Riau,,,,0,0,0,0,0,0
2026-03-15,T1,ASDP,4345,Letung,Kepulauan Riau,,,,0,0,0,0,0,0
2026-03-16,T1,ASDP,4345,Letung,Kepulauan Riau,,,,0,0,0,0,0,0
2026-03-17,T1,ASDP,4345,Letung,Kepulauan Riau,,,,0,0,0,0,0,0
2026-03-18,T1,ASDP,4345,Letung,Kepulauan Riau,,,,0,0,0,0,0,0
2026-03-19,T1,ASDP,4345,Letung,Kepulauan Riau,,,,0,0,0,0,0,0
2026-03-20,T1,ASDP,4345,Letung,Kepulauan Riau,,,,0,0,0,0,0,0
2026-03-21,T1,ASDP,4345,Letung,Kepulauan Riau,,,,0,0,0,0,0,0
2026-03-22,T1,ASDP,4345,Letung,Kepulauan Riau,,,,0,0,0,0,0,0
2026-03-23,T1,ASDP,4345,Letung,Kepulauan Riau,,,,0,0,0,0,0,0
2026-03-24,T1,ASDP,4345,Letung,Kepulauan Riau,,,,0,0,1,0,0,1
2026-03-25,T1,ASDP,4345,Letung,Kepulauan Riau,,,,0,0,0,0,0,0
2026-03-26,T1,ASDP,4345,Letung,Kepulauan Riau,,,,0,0,0,0,0,0
2026-03-27,T1,ASDP,4345,Letung,Kepulauan Riau,,,,0,0,0,0,0,0
2026-03-28,T1,ASDP,4345,Letung,Kepulauan Riau,,,,0,0,0,0,0,0
2026-03-29,T1,ASDP,4345,Letung,Kepulauan Riau,,,,0,0,0,0,0,0
2026-03-30,T1,ASDP,4345,Letung,Kepulauan Riau,,,,0,0,0,0,0,0
2026-04-23,T1,ASDP,4345,Letung,Kepulauan Riau,,,,0,0,1,10,10,1
2026-04-29,T1,ASDP,4345,Letung,Kepulauan Riau,,,,0,0,1,180,180,1
2026-05-09,T2,ASDP,4345,Letung,Kepulauan Riau,,,,0,0,1,21,21,1
2026-05-13,T2,ASDP,4345,Letung,Kepulauan Riau,,,,0,0,1,12,12,1
2026-05-19,T2,ASDP,4345,Letung,Kepulauan Riau,,,,0,0,1,19,19,1
2026-05-23,T2,ASDP,4345,Letung,Kepulauan Riau,,,,0,0,1,214,214,1
2026-06-03,T2,ASDP,4345,Letung,Kepulauan Riau,,,,0,0,1,34,34,1
2026-06-09,T2,ASDP,4345,Letung,Kepulauan Riau,,,,0,0,1,17,17,1
2026-06-13,T2,ASDP,4345,Letung,Kepulauan Riau,,,,0,0,1,18,18,1
2026-06-19,T2,ASDP,4345,Letung,Kepulauan Riau,,,,0,0,1,31,31,1
2026-06-23,T2,ASDP,4345,Letung,Kepulauan Riau,,,,0,0,1,98,98,1
2026-06-29,T2,ASDP,4345,Letung,Kepulauan Riau,,,,0,0,1,113,113,1
2026-07-03,T2,ASDP,4345,Letung,Kepulauan Riau,,,,0,0,1,402,402,1
2026-07-07,T2,ASDP,4345,Letung,Kepulauan Riau,,,,0,0,1,46,46,1
2026-07-11,T2,ASDP,4345,Letung,Kepulauan Riau,,,,0,0,1,39,39,1
2026-07-15,T2,ASDP,4345,Letung,Kepulauan Riau,,,,0,0,1,107,107,1
2026-07-18,T2,ASDP,4345,Letung,Kepulauan Riau,,,,0,0,1,38,38,1
2026-07-22,T2,ASDP,4345,Letung,Kepulauan Riau,,,,0,0,1,264,264,1
2026-07-25,T2,ASDP,4345,Letung,Kepulauan Riau,,,,0,0,1,39,39,1
2026-07-29,T2,ASDP,4345,Letung,Kepulauan Riau,,,,0,0,1,259,259,1
2026-08-11,T2,ASDP,4345,Letung,Kepulauan Riau,,,,0,0,1,9,9,1
2026-08-15,T2,ASDP,4345,Letung,Kepulauan Riau,,,,0,0,1,28,28,1
2026-08-18,T2,ASDP,4345,Letung,Kepulauan Riau,,,,0,0,1,30,30,1
2026-08-22,T2,ASDP,4345,Letung,Kepulauan Riau,,,,0,0,1,174,174,1
2026-08-25,T2,ASDP,4345,Letung,Kepulauan Riau,,,,0,0,2,66,66,2
2026-08-29,T2,ASDP,4345,Letung,Kepulauan Riau,,,,0,0,1,259,259,1
2026-01-03,T1,ASDP,3845,Letwurung,Maluku,,,,0,0,0,0,0,0
2026-01-04,T1,ASDP,3845,Letwurung,Maluku,,,,0,0,0,0,0,0
2026-01-09,T1,ASDP,3845,Letwurung,Maluku,,,,0,0,0,0,0,0
2026-03-14,T1,ASDP,3845,Letwurung,Maluku,,,,0,0,0,0,0,0
2026-03-16,T1,ASDP,3845,Letwurung,Maluku,,,,0,0,0,0,0,0
2026-03-27,T1,ASDP,3845,Letwurung,Maluku,,,,0,0,0,0,0,0
2026-03-28,T1,ASDP,3845,Letwurung,Maluku,,,,0,0,0,0,0,0
2026-01-01,T1,ASDP,3443,Lewoleba,Nusa Tenggara Timur,,,,0,0,0,0,0,0
2026-01-02,T1,ASDP,3443,Lewoleba,Nusa Tenggara Timur,,,,0,0,0,0,0,0
2026-01-03,T1,ASDP,3443,Lewoleba,Nusa Tenggara Timur,,,,0,0,0,0,0,0
2026-01-04,T1,ASDP,3443,Lewoleba,Nusa Tenggara Timur,,,,0,0,0,0,0,0
2026-01-05,T1,ASDP,3443,Lewoleba,Nusa Tenggara Timur,,,,0,0,0,0,0,0
2026-03-29,T1,ASDP,3443,Lewoleba,Nusa Tenggara Timur,,,,0,0,0,0,0,0
2026-01-01,T1,ASDP,3560,Likupang,Sulawesi Utara,,,,0,0,0,0,0,0
2026-01-02,T1,ASDP,3560,Likupang,Sulawesi Utara,,,,0,0,0,0,0,0
2026-01-03,T1,ASDP,3560,Likupang,Sulawesi Utara,,,,0,0,1,8,8,1
2026-01-04,T1,ASDP,3560,Likupang,Sulawesi Utara,,,,0,0,0,0,0,0
2026-01-05,T1,ASDP,3560,Likupang,Sulawesi Utara,,,,0,0,0,0,0,0
2026-03-13,T1,ASDP,3560,Likupang,Sulawesi Utara,,,,0,0,0,0,0,0
2026-03-14,T1,ASDP,3560,Likupang,Sulawesi Utara,,,,0,0,0,0,0,0
2026-03-15,T1,ASDP,3560,Likupang,Sulawesi Utara,,,,0,0,0,0,0,0
2026-03-16,T1,ASDP,3560,Likupang,Sulawesi Utara,,,,0,0,0,0,0,0
2026-03-17,T1,ASDP,3560,Likupang,Sulawesi Utara,,,,0,0,1,6,6,1
2026-03-18,T1,ASDP,3560,Likupang,Sulawesi Utara,,,,0,0,1,45,45,1
2026-03-19,T1,ASDP,3560,Likupang,Sulawesi Utara,,,,0,0,1,7,7,1
2026-03-20,T1,ASDP,3560,Likupang,Sulawesi Utara,,,,0,0,1,51,51,1
2026-03-21,T1,ASDP,3560,Likupang,Sulawesi Utara,,,,0,0,0,0,0,0
2026-03-22,T1,ASDP,3560,Likupang,Sulawesi Utara,,,,0,0,0,0,0,0
2026-03-23,T1,ASDP,3560,Likupang,Sulawesi Utara,,,,0,0,1,46,46,1
2026-03-24,T1,ASDP,3560,Likupang,Sulawesi Utara,,,,0,0,1,3,3,1
2026-03-25,T1,ASDP,3560,Likupang,Sulawesi Utara,,,,0,0,1,38,38,1
2026-03-27,T1,ASDP,3560,Likupang,Sulawesi Utara,,,,0,0,1,51,51,1
2026-01-05,T1,ASDP,2432,Malinau (PP),Kalimantan Utara,,,,0,0,5,168,168,5
2026-01-06,T1,ASDP,2432,Malinau (PP),Kalimantan Utara,,,,0,0,2,64,64,2
2026-01-08,T1,ASDP,2432,Malinau (PP),Kalimantan Utara,,,,0,0,3,66,66,3
2026-01-09,T1,ASDP,2432,Malinau (PP),Kalimantan Utara,,,,0,0,1,28,28,1
2026-01-10,T1,ASDP,2432,Malinau (PP),Kalimantan Utara,,,,0,0,3,68,68,3
2026-01-11,T1,ASDP,2432,Malinau (PP),Kalimantan Utara,,,,0,0,2,36,36,2
2026-01-12,T1,ASDP,2432,Malinau (PP),Kalimantan Utara,,,,0,0,2,72,72,2
2026-01-13,T1,ASDP,2432,Malinau (PP),Kalimantan Utara,,,,0,0,1,34,34,1
2026-01-14,T1,ASDP,2432,Malinau (PP),Kalimantan Utara,,,,0,0,2,73,73,2
2026-01-15,T1,ASDP,2432,Malinau (PP),Kalimantan Utara,,,,0,0,2,64,64,2
2026-01-16,T1,ASDP,2432,Malinau (PP),Kalimantan Utara,,,,0,0,1,38,38,1
2026-01-17,T1,ASDP,2432,Malinau (PP),Kalimantan Utara,,,,0,0,2,49,49,2
2026-01-18,T1,ASDP,2432,Malinau (PP),Kalimantan Utara,,,,0,0,2,61,61,2
2026-01-19,T1,ASDP,2432,Malinau (PP),Kalimantan Utara,,,,0,0,1,28,28,1
2026-01-20,T1,ASDP,2432,Malinau (PP),Kalimantan Utara,,,,0,0,3,103,103,3
2026-01-21,T1,ASDP,2432,Malinau (PP),Kalimantan Utara,,,,0,0,1,39,39,1
2026-01-27,T1,ASDP,2432,Malinau (PP),Kalimantan Utara,,,,0,0,1,33,33,1
2026-03-13,T1,ASDP,2432,Malinau (PP),Kalimantan Utara,,,,0,0,5,130,130,5
2026-03-14,T1,ASDP,2432,Malinau (PP),Kalimantan Utara,,,,0,0,4,148,148,4
2026-03-15,T1,ASDP,2432,Malinau (PP),Kalimantan Utara,,,,0,0,6,221,221,6
2026-03-16,T1,ASDP,2432,Malinau (PP),Kalimantan Utara,,,,0,0,4,159,159,4
2026-03-17,T1,ASDP,2432,Malinau (PP),Kalimantan Utara,,,,0,0,6,233,233,6
2026-03-18,T1,ASDP,2432,Malinau (PP),Kalimantan Utara,,,,0,0,4,162,162,4
2026-03-19,T1,ASDP,2432,Malinau (PP),Kalimantan Utara,,,,0,0,5,194,194,5
2026-03-20,T1,ASDP,2432,Malinau (PP),Kalimantan Utara,,,,0,0,2,62,62,2
2026-03-22,T1,ASDP,2432,Malinau (PP),Kalimantan Utara,,,,0,0,2,89,89,2
2026-03-23,T1,ASDP,2432,Malinau (PP),Kalimantan Utara,,,,0,0,4,161,161,4
2026-03-24,T1,ASDP,2432,Malinau (PP),Kalimantan Utara,,,,0,0,5,208,208,5
2026-03-25,T1,ASDP,2432,Malinau (PP),Kalimantan Utara,,,,0,0,4,155,155,4
2026-03-26,T1,ASDP,2432,Malinau (PP),Kalimantan Utara,,,,0,0,5,193,193,5
2026-03-27,T1,ASDP,2432,Malinau (PP),Kalimantan Utara,,,,0,0,5,167,167,5
2026-03-28,T1,ASDP,2432,Malinau (PP),Kalimantan Utara,,,,0,0,7,198,198,7
2026-03-29,T1,ASDP,2432,Malinau (PP),Kalimantan Utara,,,,0,0,5,187,187,5
2026-03-30,T1,ASDP,2432,Malinau (PP),Kalimantan Utara,,,,0,0,5,186,186,5
2026-01-06,T1,ASDP,3401,Mamuju,Sulawesi Barat,,,,0,0,1,362,362,1
2026-01-07,T1,ASDP,3401,Mamuju,Sulawesi Barat,,,,0,0,1,204,204,1
2026-01-13,T1,ASDP,3401,Mamuju,Sulawesi Barat,,,,0,0,1,213,213,1
2026-01-14,T1,ASDP,3401,Mamuju,Sulawesi Barat,,,,0,0,1,129,129,1
2026-01-19,T1,ASDP,3401,Mamuju,Sulawesi Barat,,,,0,0,1,170,170,1
2026-01-21,T1,ASDP,3401,Mamuju,Sulawesi Barat,,,,0,0,1,102,102,1
2026-01-26,T1,ASDP,3401,Mamuju,Sulawesi Barat,,,,0,0,1,178,178,1
2026-01-28,T1,ASDP,3401,Mamuju,Sulawesi Barat,,,,0,0,1,92,92,1
2026-02-02,T1,ASDP,3401,Mamuju,Sulawesi Barat,,,,0,0,1,158,158,1
2026-02-12,T1,ASDP,3401,Mamuju,Sulawesi Barat,,,,0,0,1,110,110,1
2026-02-14,T1,ASDP,3401,Mamuju,Sulawesi Barat,,,,0,0,1,31,31,1
2026-02-16,T1,ASDP,3401,Mamuju,Sulawesi Barat,,,,0,0,1,103,103,1
2026-02-19,T1,ASDP,3401,Mamuju,Sulawesi Barat,,,,0,0,1,57,57,1
2026-02-23,T1,ASDP,3401,Mamuju,Sulawesi Barat,,,,0,0,1,95,95,1
2026-03-04,T1,ASDP,3401,Mamuju,Sulawesi Barat,,,,0,0,2,77,77,2
2026-03-06,T1,ASDP,3401,Mamuju,Sulawesi Barat,,,,0,0,1,79,79,1
2026-03-10,T1,ASDP,3401,Mamuju,Sulawesi Barat,,,,0,0,1,77,77,1
2026-03-13,T1,ASDP,3401,Mamuju,Sulawesi Barat,,,,0,0,1,66,66,1
2026-03-15,T1,ASDP,3401,Mamuju,Sulawesi Barat,,,,0,0,1,61,61,1
2026-03-17,T1,ASDP,3401,Mamuju,Sulawesi Barat,,,,0,0,1,58,58,1
2026-03-19,T1,ASDP,3401,Mamuju,Sulawesi Barat,,,,0,0,1,13,13,1
2026-03-23,T1,ASDP,3401,Mamuju,Sulawesi Barat,,,,0,0,1,269,269,1
2026-03-25,T1,ASDP,3401,Mamuju,Sulawesi Barat,,,,0,0,1,470,470,1
2026-03-27,T1,ASDP,3401,Mamuju,Sulawesi Barat,,,,0,0,1,511,511,1
2026-03-29,T1,ASDP,3401,Mamuju,Sulawesi Barat,,,,0,0,1,410,410,1
2026-04-03,T1,ASDP,3401,Mamuju,Sulawesi Barat,,,,0,0,1,482,482,1
2026-04-05,T1,ASDP,3401,Mamuju,Sulawesi Barat,,,,0,0,1,315,315,1
2026-04-07,T1,ASDP,3401,Mamuju,Sulawesi Barat,,,,0,0,2,221,221,2
2026-04-09,T1,ASDP,3401,Mamuju,Sulawesi Barat,,,,0,0,1,253,253,1
2026-04-11,T1,ASDP,3401,Mamuju,Sulawesi Barat,,,,0,0,1,230,230,1
2026-04-14,T1,ASDP,3401,Mamuju,Sulawesi Barat,,,,0,0,1,192,192,1
2026-04-17,T1,ASDP,3401,Mamuju,Sulawesi Barat,,,,0,0,1,199,199,1
2026-04-19,T1,ASDP,3401,Mamuju,Sulawesi Barat,,,,0,0,1,187,187,1
2026-04-21,T1,ASDP,3401,Mamuju,Sulawesi Barat,,,,0,0,1,169,169,1
2026-04-24,T1,ASDP,3401,Mamuju,Sulawesi Barat,,,,0,0,1,165,165,1
2026-07-07,T2,ASDP,3401,Mamuju,Sulawesi Barat,,,,0,0,1,519,519,1
2026-07-10,T2,ASDP,3401,Mamuju,Sulawesi Barat,,,,0,0,1,274,274,1
2026-07-14,T2,ASDP,3401,Mamuju,Sulawesi Barat,,,,0,0,1,206,206,1
2026-07-17,T2,ASDP,3401,Mamuju,Sulawesi Barat,,,,0,0,1,208,208,1
2026-07-21,T2,ASDP,3401,Mamuju,Sulawesi Barat,,,,0,0,1,171,171,1
2026-07-24,T2,ASDP,3401,Mamuju,Sulawesi Barat,,,,0,0,1,159,159,1
2026-07-28,T2,ASDP,3401,Mamuju,Sulawesi Barat,,,,0,0,1,147,147,1
2026-07-31,T2,ASDP,3401,Mamuju,Sulawesi Barat,,,,0,0,1,148,148,1
2026-08-04,T2,ASDP,3401,Mamuju,Sulawesi Barat,,,,0,0,1,172,172,1
2026-08-07,T2,ASDP,3401,Mamuju,Sulawesi Barat,,,,0,0,1,233,233,1
2026-08-11,T2,ASDP,3401,Mamuju,Sulawesi Barat,,,,0,0,1,137,137,1
2026-08-14,T2,ASDP,3401,Mamuju,Sulawesi Barat,,,,0,0,1,135,135,1
2026-08-18,T2,ASDP,3401,Mamuju,Sulawesi Barat,,,,0,0,1,154,154,1
2026-08-21,T2,ASDP,3401,Mamuju,Sulawesi Barat,,,,0,0,1,133,133,1
2026-08-25,T2,ASDP,3401,Mamuju,Sulawesi Barat,,,,0,0,1,124,124,1
2026-08-28,T2,ASDP,3401,Mamuju,Sulawesi Barat,,,,0,0,1,186,186,1
2026-09-01,T3,ASDP,3401,Mamuju,Sulawesi Barat,,,,0,0,1,140,140,1
2026-09-04,T3,ASDP,3401,Mamuju,Sulawesi Barat,,,,0,0,1,143,143,1
2026-09-08,T3,ASDP,3401,Mamuju,Sulawesi Barat,,,,0,0,1,177,177,1
2026-09-11,T3,ASDP,3401,Mamuju,Sulawesi Barat,,,,0,0,1,147,147,1
2026-09-15,T3,ASDP,3401,Mamuju,Sulawesi Barat,,,,0,0,1,160,160,1
2026-09-18,T3,ASDP,3401,Mamuju,Sulawesi Barat,,,,0,0,2,174,174,2
2026-09-22,T3,ASDP,3401,Mamuju,Sulawesi Barat,,,,0,0,1,160,160,1
2026-09-25,T3,ASDP,3401,Mamuju,Sulawesi Barat,,,,0,0,1,0,0,1
2026-01-01,T1,ASDP,3857,Marampit,Sulawesi Utara,,,,0,0,0,0,0,0
2026-01-02,T1,ASDP,3857,Marampit,Sulawesi Utara,,,,0,0,0,0,0,0
2026-01-03,T1,ASDP,3857,Marampit,Sulawesi Utara,,,,0,0,0,0,0,0
2026-01-04,T1,ASDP,3857,Marampit,Sulawesi Utara,,,,0,0,0,0,0,0
2026-01-05,T1,ASDP,3857,Marampit,Sulawesi Utara,,,,0,0,0,0,0,0
2026-03-11,T1,ASDP,3857,Marampit,Sulawesi Utara,,,,0,0,0,0,0,0
2026-03-12,T1,ASDP,3857,Marampit,Sulawesi Utara,,,,0,0,0,0,0,0
2026-03-13,T1,ASDP,3857,Marampit,Sulawesi Utara,,,,0,0,0,0,0,0
2026-03-14,T1,ASDP,3857,Marampit,Sulawesi Utara,,,,0,0,0,0,0,0
2026-03-15,T1,ASDP,3857,Marampit,Sulawesi Utara,,,,0,0,0,0,0,0
2026-03-16,T1,ASDP,3857,Marampit,Sulawesi Utara,,,,0,0,0,0,0,0
2026-03-17,T1,ASDP,3857,Marampit,Sulawesi Utara,,,,0,0,0,0,0,0
2026-03-18,T1,ASDP,3857,Marampit,Sulawesi Utara,,,,0,0,0,0,0,0
2026-01-01,T1,ASDP,3320,Marapokot,Nusa Tenggara Timur,,,,0,0,0,0,0,0
2026-01-02,T1,ASDP,3320,Marapokot,Nusa Tenggara Timur,,,,0,0,0,0,0,0
2026-01-03,T1,ASDP,3320,Marapokot,Nusa Tenggara Timur,,,,0,0,0,0,0,0
2026-01-04,T1,ASDP,3320,Marapokot,Nusa Tenggara Timur,,,,0,0,0,0,0,0
2026-01-05,T1,ASDP,3320,Marapokot,Nusa Tenggara Timur,,,,0,0,0,0,0,0
2026-03-29,T1,ASDP,3320,Marapokot,Nusa Tenggara Timur,,,,0,0,0,0,0,0
2026-01-01,T1,ASDP,3572,Marisa,Gorontalo,,,,0,0,0,0,0,0
2026-01-02,T1,ASDP,3572,Marisa,Gorontalo,,,,0,0,0,0,0,0
2026-01-03,T1,ASDP,3572,Marisa,Gorontalo,,,,0,0,0,0,0,0
2026-01-04,T1,ASDP,3572,Marisa,Gorontalo,,,,0,0,0,0,0,0
2026-01-05,T1,ASDP,3572,Marisa,Gorontalo,,,,0,0,0,0,0,0
2026-01-06,T1,ASDP,3572,Marisa,Gorontalo,,,,0,0,0,0,0,0
2026-01-07,T1,ASDP,3572,Marisa,Gorontalo,,,,0,0,1,244,244,1
2026-01-08,T1,ASDP,3572,Marisa,Gorontalo,,,,0,0,0,0,0,0
2026-01-09,T1,ASDP,3572,Marisa,Gorontalo,,,,0,0,0,0,0,0
2026-01-10,T1,ASDP,3572,Marisa,Gorontalo,,,,0,0,1,85,85,1
2026-01-11,T1,ASDP,3572,Marisa,Gorontalo,,,,0,0,0,0,0,0
2026-01-12,T1,ASDP,3572,Marisa,Gorontalo,,,,0,0,0,0,0,0
2026-01-13,T1,ASDP,3572,Marisa,Gorontalo,,,,0,0,1,80,80,1
2026-01-14,T1,ASDP,3572,Marisa,Gorontalo,,,,0,0,0,0,0,0
2026-01-15,T1,ASDP,3572,Marisa,Gorontalo,,,,0,0,0,0,0,0
2026-01-16,T1,ASDP,3572,Marisa,Gorontalo,,,,0,0,1,105,105,1
2026-01-17,T1,ASDP,3572,Marisa,Gorontalo,,,,0,0,0,0,0,0
2026-01-18,T1,ASDP,3572,Marisa,Gorontalo,,,,0,0,0,0,0,0
2026-01-19,T1,ASDP,3572,Marisa,Gorontalo,,,,0,0,1,71,71,1
2026-01-20,T1,ASDP,3572,Marisa,Gorontalo,,,,0,0,0,0,0,0
2026-01-21,T1,ASDP,3572,Marisa,Gorontalo,,,,0,0,0,0,0,0
2026-01-22,T1,ASDP,3572,Marisa,Gorontalo,,,,0,0,1,70,70,1
2026-01-23,T1,ASDP,3572,Marisa,Gorontalo,,,,0,0,0,0,0,0
2026-01-24,T1,ASDP,3572,Marisa,Gorontalo,,,,0,0,0,0,0,0
2026-01-25,T1,ASDP,3572,Marisa,Gorontalo,,,,0,0,1,47,47,1
2026-01-26,T1,ASDP,3572,Marisa,Gorontalo,,,,0,0,0,0,0,0
2026-01-27,T1,ASDP,3572,Marisa,Gorontalo,,,,0,0,0,0,0,0
2026-01-28,T1,ASDP,3572,Marisa,Gorontalo,,,,0,0,1,67,67,1
2026-01-29,T1,ASDP,3572,Marisa,Gorontalo,,,,0,0,0,0,0,0
2026-01-30,T1,ASDP,3572,Marisa,Gorontalo,,,,0,0,0,0,0,0
2026-01-31,T1,ASDP,3572,Marisa,Gorontalo,,,,0,0,0,0,0,0
2026-02-01,T1,ASDP,3572,Marisa,Gorontalo,,,,0,0,0,0,0,0
2026-02-02,T1,ASDP,3572,Marisa,Gorontalo,,,,0,0,0,0,0,0
2026-02-03,T1,ASDP,3572,Marisa,Gorontalo,,,,0,0,0,0,0,0
2026-02-04,T1,ASDP,3572,Marisa,Gorontalo,,,,0,0,0,0,0,0
2026-02-05,T1,ASDP,3572,Marisa,Gorontalo,,,,0,0,0,0,0,0
2026-02-06,T1,ASDP,3572,Marisa,Gorontalo,,,,0,0,0,0,0,0
2026-02-07,T1,ASDP,3572,Marisa,Gorontalo,,,,0,0,0,0,0,0
2026-02-08,T1,ASDP,3572,Marisa,Gorontalo,,,,0,0,0,0,0,0
2026-02-09,T1,ASDP,3572,Marisa,Gorontalo,,,,0,0,0,0,0,0
2026-02-10,T1,ASDP,3572,Marisa,Gorontalo,,,,0,0,0,0,0,0
2026-02-11,T1,ASDP,3572,Marisa,Gorontalo,,,,0,0,0,0,0,0
2026-02-12,T1,ASDP,3572,Marisa,Gorontalo,,,,0,0,0,0,0,0
2026-02-13,T1,ASDP,3572,Marisa,Gorontalo,,,,0,0,0,0,0,0
2026-02-14,T1,ASDP,3572,Marisa,Gorontalo,,,,0,0,0,0,0,0
2026-02-15,T1,ASDP,3572,Marisa,Gorontalo,,,,0,0,0,0,0,0
2026-02-16,T1,ASDP,3572,Marisa,Gorontalo,,,,0,0,0,0,0,0
2026-02-17,T1,ASDP,3572,Marisa,Gorontalo,,,,0,0,0,0,0,0
2026-02-18,T1,ASDP,3572,Marisa,Gorontalo,,,,0,0,0,0,0,0
2026-02-19,T1,ASDP,3572,Marisa,Gorontalo,,,,0,0,0,0,0,0
2026-02-20,T1,ASDP,3572,Marisa,Gorontalo,,,,0,0,0,0,0,0
2026-02-21,T1,ASDP,3572,Marisa,Gorontalo,,,,0,0,0,0,0,0
2026-02-22,T1,ASDP,3572,Marisa,Gorontalo,,,,0,0,0,0,0,0
2026-02-23,T1,ASDP,3572,Marisa,Gorontalo,,,,0,0,0,0,0,0
2026-02-24,T1,ASDP,3572,Marisa,Gorontalo,,,,0,0,0,0,0,0
2026-02-25,T1,ASDP,3572,Marisa,Gorontalo,,,,0,0,0,0,0,0
2026-02-26,T1,ASDP,3572,Marisa,Gorontalo,,,,0,0,0,0,0,0
2026-02-27,T1,ASDP,3572,Marisa,Gorontalo,,,,0,0,0,0,0,0
2026-02-28,T1,ASDP,3572,Marisa,Gorontalo,,,,0,0,0,0,0,0
2026-03-01,T1,ASDP,3572,Marisa,Gorontalo,,,,0,0,1,10,10,1
2026-03-02,T1,ASDP,3572,Marisa,Gorontalo,,,,0,0,0,0,0,0
2026-03-03,T1,ASDP,3572,Marisa,Gorontalo,,,,0,0,0,0,0,0
2026-03-04,T1,ASDP,3572,Marisa,Gorontalo,,,,0,0,0,0,0,0
2026-03-05,T1,ASDP,3572,Marisa,Gorontalo,,,,0,0,1,27,27,1
2026-03-06,T1,ASDP,3572,Marisa,Gorontalo,,,,0,0,0,0,0,0
2026-03-07,T1,ASDP,3572,Marisa,Gorontalo,,,,0,0,0,0,0,0
2026-03-08,T1,ASDP,3572,Marisa,Gorontalo,,,,0,0,1,30,30,1
2026-03-09,T1,ASDP,3572,Marisa,Gorontalo,,,,0,0,0,0,0,0
2026-03-10,T1,ASDP,3572,Marisa,Gorontalo,,,,0,0,0,0,0,0
2026-03-11,T1,ASDP,3572,Marisa,Gorontalo,,,,0,0,0,0,0,0
2026-03-12,T1,ASDP,3572,Marisa,Gorontalo,,,,0,0,0,0,0,0
2026-03-13,T1,ASDP,3572,Marisa,Gorontalo,,,,0,0,1,67,67,1
2026-03-14,T1,ASDP,3572,Marisa,Gorontalo,,,,0,0,0,0,0,0
2026-03-15,T1,ASDP,3572,Marisa,Gorontalo,,,,0,0,0,0,0,0
2026-03-16,T1,ASDP,3572,Marisa,Gorontalo,,,,0,0,1,230,230,1
2026-03-17,T1,ASDP,3572,Marisa,Gorontalo,,,,0,0,0,0,0,0
2026-03-18,T1,ASDP,3572,Marisa,Gorontalo,,,,0,0,0,0,0,0
2026-03-19,T1,ASDP,3572,Marisa,Gorontalo,,,,0,0,1,95,95,1
2026-03-20,T1,ASDP,3572,Marisa,Gorontalo,,,,0,0,0,0,0,0
2026-03-21,T1,ASDP,3572,Marisa,Gorontalo,,,,0,0,0,0,0,0
2026-03-22,T1,ASDP,3572,Marisa,Gorontalo,,,,0,0,0,0,0,0
2026-03-23,T1,ASDP,3572,Marisa,Gorontalo,,,,0,0,0,0,0,0
2026-03-24,T1,ASDP,3572,Marisa,Gorontalo,,,,0,0,1,38,38,1
2026-03-25,T1,ASDP,3572,Marisa,Gorontalo,,,,0,0,0,0,0,0
2026-03-26,T1,ASDP,3572,Marisa,Gorontalo,,,,0,0,0,0,0,0
2026-03-27,T1,ASDP,3572,Marisa,Gorontalo,,,,0,0,1,85,85,1
2026-03-28,T1,ASDP,3572,Marisa,Gorontalo,,,,0,0,0,0,0,0
2026-03-29,T1,ASDP,3572,Marisa,Gorontalo,,,,0,0,0,0,0,0
2026-03-30,T1,ASDP,3572,Marisa,Gorontalo,,,,0,0,1,66,66,1
2026-03-31,T1,ASDP,3572,Marisa,Gorontalo,,,,0,0,0,0,0,0
2026-04-01,T1,ASDP,3572,Marisa,Gorontalo,,,,0,0,0,0,0,0
2026-04-02,T1,ASDP,3572,Marisa,Gorontalo,,,,0,0,1,69,69,1
2026-04-03,T1,ASDP,3572,Marisa,Gorontalo,,,,0,0,0,0,0,0
2026-04-04,T1,ASDP,3572,Marisa,Gorontalo,,,,0,0,0,0,0,0
2026-04-05,T1,ASDP,3572,Marisa,Gorontalo,,,,0,0,1,78,78,1
2026-04-06,T1,ASDP,3572,Marisa,Gorontalo,,,,0,0,0,0,0,0
2026-04-07,T1,ASDP,3572,Marisa,Gorontalo,,,,0,0,0,0,0,0
2026-04-08,T1,ASDP,3572,Marisa,Gorontalo,,,,0,0,0,0,0,0
2026-04-09,T1,ASDP,3572,Marisa,Gorontalo,,,,0,0,1,98,98,1
2026-04-10,T1,ASDP,3572,Marisa,Gorontalo,,,,0,0,0,0,0,0
2026-04-11,T1,ASDP,3572,Marisa,Gorontalo,,,,0,0,0,0,0,0
2026-04-12,T1,ASDP,3572,Marisa,Gorontalo,,,,0,0,1,25,25,1
2026-04-13,T1,ASDP,3572,Marisa,Gorontalo,,,,0,0,0,0,0,0
2026-04-14,T1,ASDP,3572,Marisa,Gorontalo,,,,0,0,0,0,0,0
2026-04-15,T1,ASDP,3572,Marisa,Gorontalo,,,,0,0,0,0,0,0
2026-04-16,T1,ASDP,3572,Marisa,Gorontalo,,,,0,0,1,48,48,1
2026-04-17,T1,ASDP,3572,Marisa,Gorontalo,,,,0,0,0,0,0,0
2026-04-18,T1,ASDP,3572,Marisa,Gorontalo,,,,0,0,0,0,0,0
2026-04-19,T1,ASDP,3572,Marisa,Gorontalo,,,,0,0,1,57,57,1
2026-04-20,T1,ASDP,3572,Marisa,Gorontalo,,,,0,0,0,0,0,0
2026-04-21,T1,ASDP,3572,Marisa,Gorontalo,,,,0,0,0,0,0,0
2026-04-22,T1,ASDP,3572,Marisa,Gorontalo,,,,0,0,0,0,0,0
2026-04-23,T1,ASDP,3572,Marisa,Gorontalo,,,,0,0,1,34,34,1
2026-04-24,T1,ASDP,3572,Marisa,Gorontalo,,,,0,0,0,0,0,0
2026-04-25,T1,ASDP,3572,Marisa,Gorontalo,,,,0,0,0,0,0,0
2026-04-26,T1,ASDP,3572,Marisa,Gorontalo,,,,0,0,1,53,53,1
2026-04-27,T1,ASDP,3572,Marisa,Gorontalo,,,,0,0,0,0,0,0
2026-04-28,T1,ASDP,3572,Marisa,Gorontalo,,,,0,0,0,0,0,0
2026-04-29,T1,ASDP,3572,Marisa,Gorontalo,,,,0,0,0,0,0,0
2026-04-30,T1,ASDP,3572,Marisa,Gorontalo,,,,0,0,1,40,40,1
2026-05-01,T2,ASDP,3572,Marisa,Gorontalo,,,,0,0,0,0,0,0
2026-05-02,T2,ASDP,3572,Marisa,Gorontalo,,,,0,0,0,0,0,0
2026-05-03,T2,ASDP,3572,Marisa,Gorontalo,,,,0,0,1,52,52,1
2026-05-04,T2,ASDP,3572,Marisa,Gorontalo,,,,0,0,0,0,0,0
2026-05-05,T2,ASDP,3572,Marisa,Gorontalo,,,,0,0,0,0,0,0
2026-05-06,T2,ASDP,3572,Marisa,Gorontalo,,,,0,0,0,0,0,0
2026-05-07,T2,ASDP,3572,Marisa,Gorontalo,,,,0,0,1,82,82,1
2026-05-08,T2,ASDP,3572,Marisa,Gorontalo,,,,0,0,0,0,0,0
2026-05-09,T2,ASDP,3572,Marisa,Gorontalo,,,,0,0,0,0,0,0
2026-05-10,T2,ASDP,3572,Marisa,Gorontalo,,,,0,0,1,57,57,1
2026-05-11,T2,ASDP,3572,Marisa,Gorontalo,,,,0,0,0,0,0,0
2026-05-12,T2,ASDP,3572,Marisa,Gorontalo,,,,0,0,0,0,0,0
2026-05-13,T2,ASDP,3572,Marisa,Gorontalo,,,,0,0,0,0,0,0
2026-05-14,T2,ASDP,3572,Marisa,Gorontalo,,,,0,0,1,73,73,1
2026-05-15,T2,ASDP,3572,Marisa,Gorontalo,,,,0,0,0,0,0,0
2026-05-16,T2,ASDP,3572,Marisa,Gorontalo,,,,0,0,0,0,0,0
2026-05-17,T2,ASDP,3572,Marisa,Gorontalo,,,,0,0,1,76,76,1
2026-05-18,T2,ASDP,3572,Marisa,Gorontalo,,,,0,0,0,0,0,0
2026-05-19,T2,ASDP,3572,Marisa,Gorontalo,,,,0,0,0,0,0,0
2026-05-20,T2,ASDP,3572,Marisa,Gorontalo,,,,0,0,0,0,0,0
2026-05-21,T2,ASDP,3572,Marisa,Gorontalo,,,,0,0,1,64,64,1
2026-05-22,T2,ASDP,3572,Marisa,Gorontalo,,,,0,0,0,0,0,0
2026-05-23,T2,ASDP,3572,Marisa,Gorontalo,,,,0,0,0,0,0,0
2026-05-24,T2,ASDP,3572,Marisa,Gorontalo,,,,0,0,1,97,97,1
2026-05-25,T2,ASDP,3572,Marisa,Gorontalo,,,,0,0,0,0,0,0
2026-05-26,T2,ASDP,3572,Marisa,Gorontalo,,,,0,0,0,0,0,0
2026-05-27,T2,ASDP,3572,Marisa,Gorontalo,,,,0,0,0,0,0,0
2026-05-28,T2,ASDP,3572,Marisa,Gorontalo,,,,0,0,1,67,67,1
2026-05-29,T2,ASDP,3572,Marisa,Gorontalo,,,,0,0,0,0,0,0
2026-05-30,T2,ASDP,3572,Marisa,Gorontalo,,,,0,0,0,0,0,0
2026-05-31,T2,ASDP,3572,Marisa,Gorontalo,,,,0,0,1,154,154,1
2026-06-01,T2,ASDP,3572,Marisa,Gorontalo,,,,0,0,0,0,0,0
2026-06-02,T2,ASDP,3572,Marisa,Gorontalo,,,,0,0,0,0,0,0
2026-06-03,T2,ASDP,3572,Marisa,Gorontalo,,,,0,0,0,0,0,0
2026-06-04,T2,ASDP,3572,Marisa,Gorontalo,,,,0,0,1,51,51,1
2026-06-05,T2,ASDP,3572,Marisa,Gorontalo,,,,0,0,0,0,0,0
2026-06-06,T2,ASDP,3572,Marisa,Gorontalo,,,,0,0,0,0,0,0
2026-06-07,T2,ASDP,3572,Marisa,Gorontalo,,,,0,0,1,40,40,1
2026-06-08,T2,ASDP,3572,Marisa,Gorontalo,,,,0,0,0,0,0,0
2026-06-09,T2,ASDP,3572,Marisa,Gorontalo,,,,0,0,0,0,0,0
2026-06-10,T2,ASDP,3572,Marisa,Gorontalo,,,,0,0,0,0,0,0
2026-06-11,T2,ASDP,3572,Marisa,Gorontalo,,,,0,0,1,39,39,1
2026-06-12,T2,ASDP,3572,Marisa,Gorontalo,,,,0,0,0,0,0,0
2026-06-13,T2,ASDP,3572,Marisa,Gorontalo,,,,0,0,0,0,0,0
2026-06-14,T2,ASDP,3572,Marisa,Gorontalo,,,,0,0,1,47,47,1
2026-06-15,T2,ASDP,3572,Marisa,Gorontalo,,,,0,0,0,0,0,0
2026-06-16,T2,ASDP,3572,Marisa,Gorontalo,,,,0,0,0,0,0,0
2026-06-17,T2,ASDP,3572,Marisa,Gorontalo,,,,0,0,0,0,0,0
2026-06-18,T2,ASDP,3572,Marisa,Gorontalo,,,,0,0,1,59,59,1
2026-06-19,T2,ASDP,3572,Marisa,Gorontalo,,,,0,0,0,0,0,0
2026-06-20,T2,ASDP,3572,Marisa,Gorontalo,,,,0,0,0,0,0,0
2026-06-21,T2,ASDP,3572,Marisa,Gorontalo,,,,0,0,1,93,93,1
2026-06-22,T2,ASDP,3572,Marisa,Gorontalo,,,,0,0,0,0,0,0
2026-06-23,T2,ASDP,3572,Marisa,Gorontalo,,,,0,0,0,0,0,0
2026-06-24,T2,ASDP,3572,Marisa,Gorontalo,,,,0,0,0,0,0,0
2026-06-25,T2,ASDP,3572,Marisa,Gorontalo,,,,0,0,1,97,97,1
2026-06-26,T2,ASDP,3572,Marisa,Gorontalo,,,,0,0,0,0,0,0
2026-06-27,T2,ASDP,3572,Marisa,Gorontalo,,,,0,0,0,0,0,0
2026-06-28,T2,ASDP,3572,Marisa,Gorontalo,,,,0,0,0,0,0,0
2026-06-29,T2,ASDP,3572,Marisa,Gorontalo,,,,0,0,1,31,31,1
2026-06-30,T2,ASDP,3572,Marisa,Gorontalo,,,,0,0,0,0,0,0
2026-07-01,T2,ASDP,3572,Marisa,Gorontalo,,,,0,0,0,0,0,0
2026-07-02,T2,ASDP,3572,Marisa,Gorontalo,,,,0,0,0,0,0,0
2026-07-03,T2,ASDP,3572,Marisa,Gorontalo,,,,0,0,0,0,0,0
2026-07-04,T2,ASDP,3572,Marisa,Gorontalo,,,,0,0,0,0,0,0
2026-07-05,T2,ASDP,3572,Marisa,Gorontalo,,,,0,0,1,123,123,1
2026-07-06,T2,ASDP,3572,Marisa,Gorontalo,,,,0,0,0,0,0,0
2026-07-07,T2,ASDP,3572,Marisa,Gorontalo,,,,0,0,0,0,0,0
2026-07-08,T2,ASDP,3572,Marisa,Gorontalo,,,,0,0,0,0,0,0
2026-07-09,T2,ASDP,3572,Marisa,Gorontalo,,,,0,0,0,0,0,0
2026-07-10,T2,ASDP,3572,Marisa,Gorontalo,,,,0,0,0,0,0,0
2026-07-11,T2,ASDP,3572,Marisa,Gorontalo,,,,0,0,0,0,0,0
2026-07-12,T2,ASDP,3572,Marisa,Gorontalo,,,,0,0,1,73,73,1
2026-07-13,T2,ASDP,3572,Marisa,Gorontalo,,,,0,0,0,0,0,0
2026-07-14,T2,ASDP,3572,Marisa,Gorontalo,,,,0,0,0,0,0,0
2026-07-15,T2,ASDP,3572,Marisa,Gorontalo,,,,0,0,0,0,0,0
2026-07-16,T2,ASDP,3572,Marisa,Gorontalo,,,,0,0,0,0,0,0
2026-07-17,T2,ASDP,3572,Marisa,Gorontalo,,,,0,0,0,0,0,0
2026-07-18,T2,ASDP,3572,Marisa,Gorontalo,,,,0,0,0,0,0,0
2026-07-19,T2,ASDP,3572,Marisa,Gorontalo,,,,0,0,1,76,76,1
2026-07-20,T2,ASDP,3572,Marisa,Gorontalo,,,,0,0,0,0,0,0
2026-07-21,T2,ASDP,3572,Marisa,Gorontalo,,,,0,0,0,0,0,0
2026-07-22,T2,ASDP,3572,Marisa,Gorontalo,,,,0,0,0,0,0,0
2026-07-23,T2,ASDP,3572,Marisa,Gorontalo,,,,0,0,0,0,0,0
2026-07-24,T2,ASDP,3572,Marisa,Gorontalo,,,,0,0,0,0,0,0
2026-07-25,T2,ASDP,3572,Marisa,Gorontalo,,,,0,0,0,0,0,0
2026-07-26,T2,ASDP,3572,Marisa,Gorontalo,,,,0,0,0,0,0,0
2026-07-27,T2,ASDP,3572,Marisa,Gorontalo,,,,0,0,0,0,0,0
2026-07-28,T2,ASDP,3572,Marisa,Gorontalo,,,,0,0,0,0,0,0
2026-07-29,T2,ASDP,3572,Marisa,Gorontalo,,,,0,0,0,0,0,0
2026-07-30,T2,ASDP,3572,Marisa,Gorontalo,,,,0,0,1,65,65,1
2026-07-31,T2,ASDP,3572,Marisa,Gorontalo,,,,0,0,0,0,0,0
2026-08-01,T2,ASDP,3572,Marisa,Gorontalo,,,,0,0,0,0,0,0
2026-08-02,T2,ASDP,3572,Marisa,Gorontalo,,,,0,0,0,0,0,0
2026-08-03,T2,ASDP,3572,Marisa,Gorontalo,,,,0,0,0,0,0,0
2026-08-04,T2,ASDP,3572,Marisa,Gorontalo,,,,0,0,0,0,0,0
2026-08-05,T2,ASDP,3572,Marisa,Gorontalo,,,,0,0,0,0,0,0
2026-08-06,T2,ASDP,3572,Marisa,Gorontalo,,,,0,0,1,62,62,1
2026-08-07,T2,ASDP,3572,Marisa,Gorontalo,,,,0,0,0,0,0,0
2026-08-08,T2,ASDP,3572,Marisa,Gorontalo,,,,0,0,0,0,0,0
2026-08-09,T2,ASDP,3572,Marisa,Gorontalo,,,,0,0,1,34,34,1
2026-08-10,T2,ASDP,3572,Marisa,Gorontalo,,,,0,0,0,0,0,0
2026-08-11,T2,ASDP,3572,Marisa,Gorontalo,,,,0,0,0,0,0,0
2026-08-12,T2,ASDP,3572,Marisa,Gorontalo,,,,0,0,0,0,0,0
2026-08-13,T2,ASDP,3572,Marisa,Gorontalo,,,,0,0,1,48,48,1
2026-08-14,T2,ASDP,3572,Marisa,Gorontalo,,,,0,0,0,0,0,0
2026-08-15,T2,ASDP,3572,Marisa,Gorontalo,,,,0,0,0,0,0,0
2026-08-16,T2,ASDP,3572,Marisa,Gorontalo,,,,0,0,1,54,54,1
2026-08-17,T2,ASDP,3572,Marisa,Gorontalo,,,,0,0,0,0,0,0
2026-08-18,T2,ASDP,3572,Marisa,Gorontalo,,,,0,0,0,0,0,0
2026-08-19,T2,ASDP,3572,Marisa,Gorontalo,,,,0,0,0,0,0,0
2026-08-20,T2,ASDP,3572,Marisa,Gorontalo,,,,0,0,1,23,23,1
2026-08-21,T2,ASDP,3572,Marisa,Gorontalo,,,,0,0,0,0,0,0
2026-08-22,T2,ASDP,3572,Marisa,Gorontalo,,,,0,0,0,0,0,0
2026-08-23,T2,ASDP,3572,Marisa,Gorontalo,,,,0,0,1,54,54,1
2026-08-24,T2,ASDP,3572,Marisa,Gorontalo,,,,0,0,0,0,0,0
2026-08-25,T2,ASDP,3572,Marisa,Gorontalo,,,,0,0,0,0,0,0
2026-08-26,T2,ASDP,3572,Marisa,Gorontalo,,,,0,0,0,0,0,0
2026-08-27,T2,ASDP,3572,Marisa,Gorontalo,,,,0,0,1,28,28,1
2026-08-28,T2,ASDP,3572,Marisa,Gorontalo,,,,0,0,0,0,0,0
2026-08-29,T2,ASDP,3572,Marisa,Gorontalo,,,,0,0,0,0,0,0
2026-08-30,T2,ASDP,3572,Marisa,Gorontalo,,,,0,0,1,46,46,1
2026-08-31,T2,ASDP,3572,Marisa,Gorontalo,,,,0,0,0,0,0,0
2026-09-01,T3,ASDP,3572,Marisa,Gorontalo,,,,0,0,0,0,0,0
2026-09-02,T3,ASDP,3572,Marisa,Gorontalo,,,,0,0,0,0,0,0
2026-09-03,T3,ASDP,3572,Marisa,Gorontalo,,,,0,0,1,63,63,1
2026-09-04,T3,ASDP,3572,Marisa,Gorontalo,,,,0,0,0,0,0,0
2026-09-05,T3,ASDP,3572,Marisa,Gorontalo,,,,0,0,0,0,0,0
2026-09-06,T3,ASDP,3572,Marisa,Gorontalo,,,,0,0,1,35,35,1
2026-09-07,T3,ASDP,3572,Marisa,Gorontalo,,,,0,0,0,0,0,0
2026-09-08,T3,ASDP,3572,Marisa,Gorontalo,,,,0,0,0,0,0,0
2026-09-09,T3,ASDP,3572,Marisa,Gorontalo,,,,0,0,0,0,0,0
2026-09-10,T3,ASDP,3572,Marisa,Gorontalo,,,,0,0,1,36,36,1
2026-09-11,T3,ASDP,3572,Marisa,Gorontalo,,,,0,0,0,0,0,0
2026-09-12,T3,ASDP,3572,Marisa,Gorontalo,,,,0,0,0,0,0,0
2026-09-13,T3,ASDP,3572,Marisa,Gorontalo,,,,0,0,1,51,51,1
2026-09-14,T3,ASDP,3572,Marisa,Gorontalo,,,,0,0,0,0,0,0
2026-09-15,T3,ASDP,3572,Marisa,Gorontalo,,,,0,0,0,0,0,0
2026-09-16,T3,ASDP,3572,Marisa,Gorontalo,,,,0,0,0,0,0,0
2026-09-17,T3,ASDP,3572,Marisa,Gorontalo,,,,0,0,1,27,27,1
2026-09-18,T3,ASDP,3572,Marisa,Gorontalo,,,,0,0,0,0,0,0
2026-09-19,T3,ASDP,3572,Marisa,Gorontalo,,,,0,0,0,0,0,0
2026-09-20,T3,ASDP,3572,Marisa,Gorontalo,,,,0,0,1,55,55,1
2026-09-21,T3,ASDP,3572,Marisa,Gorontalo,,,,0,0,0,0,0,0
2026-09-22,T3,ASDP,3572,Marisa,Gorontalo,,,,0,0,0,0,0,0
2026-09-23,T3,ASDP,3572,Marisa,Gorontalo,,,,0,0,0,0,0,0
2026-09-24,T3,ASDP,3572,Marisa,Gorontalo,,,,0,0,1,51,51,1
2026-09-25,T3,ASDP,3572,Marisa,Gorontalo,,,,0,0,0,0,0,0
2026-09-26,T3,ASDP,3572,Marisa,Gorontalo,,,,0,0,0,0,0,0
2026-09-27,T3,ASDP,3572,Marisa,Gorontalo,,,,0,0,1,29,29,1
2026-01-01,T1,ASDP,3176,Mawasangka,Sulawesi Tenggara,,,,0,0,0,0,0,0
2026-01-02,T1,ASDP,3176,Mawasangka,Sulawesi Tenggara,,,,0,0,0,0,0,0
2026-01-03,T1,ASDP,3176,Mawasangka,Sulawesi Tenggara,,,,0,0,0,0,0,0
2026-01-04,T1,ASDP,3176,Mawasangka,Sulawesi Tenggara,,,,0,0,0,0,0,0
2026-01-05,T1,ASDP,3176,Mawasangka,Sulawesi Tenggara,,,,0,0,0,0,0,0
2026-02-07,T1,ASDP,3176,Mawasangka,Sulawesi Tenggara,,,,0,0,1,70,70,1
2026-02-11,T1,ASDP,3176,Mawasangka,Sulawesi Tenggara,,,,0,0,1,62,62,1
2026-02-14,T1,ASDP,3176,Mawasangka,Sulawesi Tenggara,,,,0,0,1,87,87,1
2026-02-19,T1,ASDP,3176,Mawasangka,Sulawesi Tenggara,,,,0,0,1,36,36,1
2026-02-21,T1,ASDP,3176,Mawasangka,Sulawesi Tenggara,,,,0,0,1,29,29,1
2026-02-23,T1,ASDP,3176,Mawasangka,Sulawesi Tenggara,,,,0,0,1,22,22,1
2026-02-25,T1,ASDP,3176,Mawasangka,Sulawesi Tenggara,,,,0,0,1,17,17,1
2026-02-27,T1,ASDP,3176,Mawasangka,Sulawesi Tenggara,,,,0,0,1,0,0,1
2026-02-28,T1,ASDP,3176,Mawasangka,Sulawesi Tenggara,,,,0,0,1,30,30,1
2026-03-04,T1,ASDP,3176,Mawasangka,Sulawesi Tenggara,,,,0,0,1,71,71,1
2026-03-07,T1,ASDP,3176,Mawasangka,Sulawesi Tenggara,,,,0,0,1,30,30,1
2026-03-13,T1,ASDP,3176,Mawasangka,Sulawesi Tenggara,,,,0,0,0,0,0,0
2026-03-14,T1,ASDP,3176,Mawasangka,Sulawesi Tenggara,,,,0,0,0,0,0,0
2026-03-15,T1,ASDP,3176,Mawasangka,Sulawesi Tenggara,,,,0,0,0,0,0,0
2026-03-16,T1,ASDP,3176,Mawasangka,Sulawesi Tenggara,,,,0,0,0,0,0,0
2026-03-17,T1,ASDP,3176,Mawasangka,Sulawesi Tenggara,,,,0,0,0,0,0,0
2026-03-18,T1,ASDP,3176,Mawasangka,Sulawesi Tenggara,,,,0,0,0,0,0,0
2026-04-18,T1,ASDP,3176,Mawasangka,Sulawesi Tenggara,,,,0,0,1,50,50,1
2026-04-22,T1,ASDP,3176,Mawasangka,Sulawesi Tenggara,,,,0,0,1,30,30,1
2026-04-25,T1,ASDP,3176,Mawasangka,Sulawesi Tenggara,,,,0,0,1,75,75,1
2026-04-27,T1,ASDP,3176,Mawasangka,Sulawesi Tenggara,,,,0,0,1,48,48,1
2026-04-29,T1,ASDP,3176,Mawasangka,Sulawesi Tenggara,,,,0,0,1,43,43,1
2026-05-02,T2,ASDP,3176,Mawasangka,Sulawesi Tenggara,,,,0,0,1,44,44,1
2026-05-04,T2,ASDP,3176,Mawasangka,Sulawesi Tenggara,,,,0,0,1,49,49,1
2026-05-06,T2,ASDP,3176,Mawasangka,Sulawesi Tenggara,,,,0,0,1,43,43,1
2026-05-09,T2,ASDP,3176,Mawasangka,Sulawesi Tenggara,,,,0,0,1,37,37,1
2026-05-11,T2,ASDP,3176,Mawasangka,Sulawesi Tenggara,,,,0,0,1,24,24,1
2026-01-01,T1,ASDP,3581,Melonguane,Sulawesi Utara,,,,0,0,0,0,0,0
2026-01-02,T1,ASDP,3581,Melonguane,Sulawesi Utara,,,,0,0,0,0,0,0
2026-01-03,T1,ASDP,3581,Melonguane,Sulawesi Utara,,,,0,0,0,0,0,0
2026-01-04,T1,ASDP,3581,Melonguane,Sulawesi Utara,,,,0,0,0,0,0,0
2026-01-05,T1,ASDP,3581,Melonguane,Sulawesi Utara,,,,0,0,0,0,0,0
2026-03-11,T1,ASDP,3581,Melonguane,Sulawesi Utara,,,,0,0,0,0,0,0
2026-03-12,T1,ASDP,3581,Melonguane,Sulawesi Utara,,,,0,0,0,0,0,0
2026-03-13,T1,ASDP,3581,Melonguane,Sulawesi Utara,,,,0,0,0,0,0,0
2026-03-14,T1,ASDP,3581,Melonguane,Sulawesi Utara,,,,0,0,0,0,0,0
2026-03-15,T1,ASDP,3581,Melonguane,Sulawesi Utara,,,,0,0,0,0,0,0
2026-03-16,T1,ASDP,3581,Melonguane,Sulawesi Utara,,,,0,0,0,0,0,0
2026-03-17,T1,ASDP,3581,Melonguane,Sulawesi Utara,,,,0,0,0,0,0,0
2026-03-18,T1,ASDP,3581,Melonguane,Sulawesi Utara,,,,0,0,0,0,0,0
2026-01-01,T1,ASDP,3584,Mengkapan,Riau,,,,0,0,0,0,0,0
2026-01-02,T1,ASDP,3584,Mengkapan,Riau,,,,0,0,0,0,0,0
2026-01-03,T1,ASDP,3584,Mengkapan,Riau,,,,0,0,1,97,97,1
2026-01-04,T1,ASDP,3584,Mengkapan,Riau,,,,0,0,0,0,0,0
2026-01-05,T1,ASDP,3584,Mengkapan,Riau,,,,0,0,0,0,0,0
2026-01-06,T1,ASDP,3584,Mengkapan,Riau,,,,0,0,1,131,131,1
2026-01-08,T1,ASDP,3584,Mengkapan,Riau,,,,0,0,0,0,0,0
2026-01-09,T1,ASDP,3584,Mengkapan,Riau,,,,0,0,1,103,103,1
2026-01-12,T1,ASDP,3584,Mengkapan,Riau,,,,0,0,1,26,26,1
2026-01-15,T1,ASDP,3584,Mengkapan,Riau,,,,0,0,1,42,42,1
2026-01-27,T1,ASDP,3584,Mengkapan,Riau,,,,0,0,1,20,20,1
2026-01-30,T1,ASDP,3584,Mengkapan,Riau,,,,0,0,1,45,45,1
2026-02-01,T1,ASDP,3584,Mengkapan,Riau,,,,0,0,1,64,64,1
2026-02-02,T1,ASDP,3584,Mengkapan,Riau,,,,0,0,2,135,135,2
2026-02-04,T1,ASDP,3584,Mengkapan,Riau,,,,0,0,1,141,141,1
2026-02-05,T1,ASDP,3584,Mengkapan,Riau,,,,0,0,1,25,25,1
2026-02-06,T1,ASDP,3584,Mengkapan,Riau,,,,0,0,1,145,145,1
2026-02-08,T1,ASDP,3584,Mengkapan,Riau,,,,0,0,2,207,207,2
2026-02-10,T1,ASDP,3584,Mengkapan,Riau,,,,0,0,1,186,186,1
2026-02-12,T1,ASDP,3584,Mengkapan,Riau,,,,0,0,1,166,166,1
2026-02-14,T1,ASDP,3584,Mengkapan,Riau,,,,0,0,2,273,273,2
2026-02-16,T1,ASDP,3584,Mengkapan,Riau,,,,0,0,1,189,189,1
2026-02-18,T1,ASDP,3584,Mengkapan,Riau,,,,0,0,2,188,188,2
2026-02-20,T1,ASDP,3584,Mengkapan,Riau,,,,0,0,1,153,153,1
2026-02-21,T1,ASDP,3584,Mengkapan,Riau,,,,0,0,1,30,30,1
2026-02-22,T1,ASDP,3584,Mengkapan,Riau,,,,0,0,1,183,183,1
2026-02-24,T1,ASDP,3584,Mengkapan,Riau,,,,0,0,1,127,127,1
2026-02-26,T1,ASDP,3584,Mengkapan,Riau,,,,0,0,2,167,167,2
2026-03-01,T1,ASDP,3584,Mengkapan,Riau,,,,0,0,1,36,36,1
2026-03-02,T1,ASDP,3584,Mengkapan,Riau,,,,0,0,1,128,128,1
2026-03-04,T1,ASDP,3584,Mengkapan,Riau,,,,0,0,2,119,119,2
2026-03-06,T1,ASDP,3584,Mengkapan,Riau,,,,0,0,1,140,140,1
2026-03-08,T1,ASDP,3584,Mengkapan,Riau,,,,0,0,2,239,239,2
2026-03-10,T1,ASDP,3584,Mengkapan,Riau,,,,0,0,1,237,237,1
2026-03-11,T1,ASDP,3584,Mengkapan,Riau,,,,0,0,2,107,107,2
2026-03-12,T1,ASDP,3584,Mengkapan,Riau,,,,0,0,1,150,150,1
2026-03-13,T1,ASDP,3584,Mengkapan,Riau,,,,0,0,1,32,32,1
2026-03-14,T1,ASDP,3584,Mengkapan,Riau,,,,0,0,1,314,314,1
2026-03-15,T1,ASDP,3584,Mengkapan,Riau,,,,0,0,1,99,99,1
2026-03-16,T1,ASDP,3584,Mengkapan,Riau,,,,0,0,1,188,188,1
2026-03-17,T1,ASDP,3584,Mengkapan,Riau,,,,0,0,2,117,117,2
2026-03-18,T1,ASDP,3584,Mengkapan,Riau,,,,0,0,1,255,255,1
2026-03-19,T1,ASDP,3584,Mengkapan,Riau,,,,0,0,2,203,203,2
2026-03-20,T1,ASDP,3584,Mengkapan,Riau,,,,0,0,1,46,46,1
2026-03-21,T1,ASDP,3584,Mengkapan,Riau,,,,0,0,1,36,36,1
2026-03-22,T1,ASDP,3584,Mengkapan,Riau,,,,0,0,2,251,251,2
2026-03-23,T1,ASDP,3584,Mengkapan,Riau,,,,0,0,2,360,360,2
2026-03-24,T1,ASDP,3584,Mengkapan,Riau,,,,0,0,2,439,439,2
2026-03-25,T1,ASDP,3584,Mengkapan,Riau,,,,0,0,3,689,689,3
2026-03-26,T1,ASDP,3584,Mengkapan,Riau,,,,0,0,2,942,942,2
2026-03-27,T1,ASDP,3584,Mengkapan,Riau,,,,0,0,1,340,340,1
2026-03-28,T1,ASDP,3584,Mengkapan,Riau,,,,0,0,2,809,809,2
2026-03-29,T1,ASDP,3584,Mengkapan,Riau,,,,0,0,3,798,798,3
2026-03-30,T1,ASDP,3584,Mengkapan,Riau,,,,0,0,2,582,582,2
2026-03-31,T1,ASDP,3584,Mengkapan,Riau,,,,0,0,2,414,414,2
2026-04-01,T1,ASDP,3584,Mengkapan,Riau,,,,0,0,2,587,587,2
2026-04-02,T1,ASDP,3584,Mengkapan,Riau,,,,0,0,1,288,288,1
2026-04-03,T1,ASDP,3584,Mengkapan,Riau,,,,0,0,2,632,632,2
2026-04-04,T1,ASDP,3584,Mengkapan,Riau,,,,0,0,1,135,135,1
2026-04-05,T1,ASDP,3584,Mengkapan,Riau,,,,0,0,2,437,437,2
2026-04-06,T1,ASDP,3584,Mengkapan,Riau,,,,0,0,2,249,249,2
2026-04-07,T1,ASDP,3584,Mengkapan,Riau,,,,0,0,1,363,363,1
2026-04-08,T1,ASDP,3584,Mengkapan,Riau,,,,0,0,2,293,293,2
2026-04-09,T1,ASDP,3584,Mengkapan,Riau,,,,0,0,2,425,425,2
2026-04-10,T1,ASDP,3584,Mengkapan,Riau,,,,0,0,1,152,152,1
2026-04-11,T1,ASDP,3584,Mengkapan,Riau,,,,0,0,2,270,270,2
2026-04-12,T1,ASDP,3584,Mengkapan,Riau,,,,0,0,2,191,191,2
2026-04-13,T1,ASDP,3584,Mengkapan,Riau,,,,0,0,2,286,286,2
2026-04-14,T1,ASDP,3584,Mengkapan,Riau,,,,0,0,1,157,157,1
2026-04-15,T1,ASDP,3584,Mengkapan,Riau,,,,0,0,2,227,227,2
2026-04-16,T1,ASDP,3584,Mengkapan,Riau,,,,0,0,2,161,161,2
2026-04-17,T1,ASDP,3584,Mengkapan,Riau,,,,0,0,1,199,199,1
2026-04-18,T1,ASDP,3584,Mengkapan,Riau,,,,0,0,4,355,355,4
2026-04-19,T1,ASDP,3584,Mengkapan,Riau,,,,0,0,2,202,202,2
2026-04-20,T1,ASDP,3584,Mengkapan,Riau,,,,0,0,2,168,168,2
2026-04-21,T1,ASDP,3584,Mengkapan,Riau,,,,0,0,1,166,166,1
2026-04-22,T1,ASDP,3584,Mengkapan,Riau,,,,0,0,2,125,125,2
2026-04-23,T1,ASDP,3584,Mengkapan,Riau,,,,0,0,2,252,252,2
2026-04-24,T1,ASDP,3584,Mengkapan,Riau,,,,0,0,1,123,123,1
2026-04-25,T1,ASDP,3584,Mengkapan,Riau,,,,0,0,1,180,180,1
2026-04-26,T1,ASDP,3584,Mengkapan,Riau,,,,0,0,1,74,74,1
2026-04-27,T1,ASDP,3584,Mengkapan,Riau,,,,0,0,2,228,228,2
2026-04-28,T1,ASDP,3584,Mengkapan,Riau,,,,0,0,2,93,93,2
2026-04-29,T1,ASDP,3584,Mengkapan,Riau,,,,0,0,2,208,208,2
2026-04-30,T1,ASDP,3584,Mengkapan,Riau,,,,0,0,2,180,180,2
2026-05-01,T2,ASDP,3584,Mengkapan,Riau,,,,0,0,1,198,198,1
2026-05-02,T2,ASDP,3584,Mengkapan,Riau,,,,0,0,2,154,154,2
2026-05-03,T2,ASDP,3584,Mengkapan,Riau,,,,0,0,2,141,141,2
2026-05-04,T2,ASDP,3584,Mengkapan,Riau,,,,0,0,2,138,138,2
2026-05-05,T2,ASDP,3584,Mengkapan,Riau,,,,0,0,1,150,150,1
2026-05-06,T2,ASDP,3584,Mengkapan,Riau,,,,0,0,2,154,154,2
2026-05-07,T2,ASDP,3584,Mengkapan,Riau,,,,0,0,2,196,196,2
2026-05-08,T2,ASDP,3584,Mengkapan,Riau,,,,0,0,1,120,120,1
2026-05-09,T2,ASDP,3584,Mengkapan,Riau,,,,0,0,1,152,152,1
2026-05-11,T2,ASDP,3584,Mengkapan,Riau,,,,0,0,2,165,165,2
2026-05-12,T2,ASDP,3584,Mengkapan,Riau,,,,0,0,2,101,101,2
2026-05-13,T2,ASDP,3584,Mengkapan,Riau,,,,0,0,2,239,239,2
2026-05-14,T2,ASDP,3584,Mengkapan,Riau,,,,0,0,2,159,159,2
2026-05-15,T2,ASDP,3584,Mengkapan,Riau,,,,0,0,1,178,178,1
2026-05-16,T2,ASDP,3584,Mengkapan,Riau,,,,0,0,2,169,169,2
2026-05-18,T2,ASDP,3584,Mengkapan,Riau,,,,0,0,2,199,199,2
2026-05-19,T2,ASDP,3584,Mengkapan,Riau,,,,0,0,2,236,236,2
2026-05-20,T2,ASDP,3584,Mengkapan,Riau,,,,0,0,2,154,154,2
2026-05-21,T2,ASDP,3584,Mengkapan,Riau,,,,0,0,2,218,218,2
2026-05-22,T2,ASDP,3584,Mengkapan,Riau,,,,0,0,1,127,127,1
2026-05-23,T2,ASDP,3584,Mengkapan,Riau,,,,0,0,2,283,283,2
2026-05-24,T2,ASDP,3584,Mengkapan,Riau,,,,0,0,1,66,66,1
2026-05-25,T2,ASDP,3584,Mengkapan,Riau,,,,0,0,2,249,249,2
2026-05-26,T2,ASDP,3584,Mengkapan,Riau,,,,0,0,2,133,133,2
2026-05-27,T2,ASDP,3584,Mengkapan,Riau,,,,0,0,2,103,103,2
2026-05-28,T2,ASDP,3584,Mengkapan,Riau,,,,0,0,2,160,160,2
2026-05-29,T2,ASDP,3584,Mengkapan,Riau,,,,0,0,1,179,179,1
2026-05-30,T2,ASDP,3584,Mengkapan,Riau,,,,0,0,2,185,185,2
2026-05-31,T2,ASDP,3584,Mengkapan,Riau,,,,0,0,2,367,367,2
2026-06-01,T2,ASDP,3584,Mengkapan,Riau,,,,0,0,2,309,309,2
2026-06-02,T2,ASDP,3584,Mengkapan,Riau,,,,0,0,1,299,299,1
2026-06-03,T2,ASDP,3584,Mengkapan,Riau,,,,0,0,2,275,275,2
2026-06-04,T2,ASDP,3584,Mengkapan,Riau,,,,0,0,2,295,295,2
2026-06-05,T2,ASDP,3584,Mengkapan,Riau,,,,0,0,1,169,169,1
2026-06-06,T2,ASDP,3584,Mengkapan,Riau,,,,0,0,2,292,292,2
2026-06-07,T2,ASDP,3584,Mengkapan,Riau,,,,0,0,2,188,188,2
2026-03-14,T1,ASDP,3587,Merampa,Papua,,,,0,0,1,39,39,1
2026-01-01,T1,ASDP,3866,Meulaboh,D.I Aceh,,,,0,0,0,0,0,0
2026-01-02,T1,ASDP,3866,Meulaboh,D.I Aceh,,,,0,0,0,0,0,0
2026-01-03,T1,ASDP,3866,Meulaboh,D.I Aceh,,,,0,0,0,0,0,0
2026-01-04,T1,ASDP,3866,Meulaboh,D.I Aceh,,,,0,0,0,0,0,0
2026-03-13,T1,ASDP,3866,Meulaboh,D.I Aceh,,,,0,0,0,0,0,0
2026-03-16,T1,ASDP,3866,Meulaboh,D.I Aceh,,,,0,0,0,0,0,0
2026-01-01,T1,ASDP,3590,Miangas,Sulawesi Utara,,,,0,0,0,0,0,0
2026-01-02,T1,ASDP,3590,Miangas,Sulawesi Utara,,,,0,0,0,0,0,0
2026-01-03,T1,ASDP,3590,Miangas,Sulawesi Utara,,,,0,0,0,0,0,0
2026-01-04,T1,ASDP,3590,Miangas,Sulawesi Utara,,,,0,0,0,0,0,0
2026-01-05,T1,ASDP,3590,Miangas,Sulawesi Utara,,,,0,0,0,0,0,0
2026-03-11,T1,ASDP,3590,Miangas,Sulawesi Utara,,,,0,0,0,0,0,0
2026-03-12,T1,ASDP,3590,Miangas,Sulawesi Utara,,,,0,0,0,0,0,0
2026-03-13,T1,ASDP,3590,Miangas,Sulawesi Utara,,,,0,0,0,0,0,0
2026-03-14,T1,ASDP,3590,Miangas,Sulawesi Utara,,,,0,0,0,0,0,0
2026-03-15,T1,ASDP,3590,Miangas,Sulawesi Utara,,,,0,0,0,0,0,0
2026-03-16,T1,ASDP,3590,Miangas,Sulawesi Utara,,,,0,0,0,0,0,0
2026-03-17,T1,ASDP,3590,Miangas,Sulawesi Utara,,,,0,0,0,0,0,0
2026-03-18,T1,ASDP,3590,Miangas,Sulawesi Utara,,,,0,0,0,0,0,0
2026-03-11,T1,ASDP,4064,Muara,Sumatera Barat,,,,0,0,3,103,103,3
2026-03-12,T1,ASDP,4064,Muara,Sumatera Barat,,,,0,0,3,110,110,3
2026-03-13,T1,ASDP,4064,Muara,Sumatera Barat,,,,0,0,2,67,67,2
2026-03-14,T1,ASDP,4064,Muara,Sumatera Barat,,,,0,0,3,121,121,3
2026-03-15,T1,ASDP,4064,Muara,Sumatera Barat,,,,0,0,3,159,159,3
2026-03-16,T1,ASDP,4064,Muara,Sumatera Barat,,,,0,0,4,227,227,4
2026-03-17,T1,ASDP,4064,Muara,Sumatera Barat,,,,0,0,4,211,211,4
2026-03-18,T1,ASDP,4064,Muara,Sumatera Barat,,,,0,0,4,213,213,4
2026-03-19,T1,ASDP,4064,Muara,Sumatera Barat,,,,0,0,4,522,522,4
2026-03-20,T1,ASDP,4064,Muara,Sumatera Barat,,,,0,0,5,667,667,5
2026-03-21,T1,ASDP,4064,Muara,Sumatera Barat,,,,0,0,5,650,650,5
2026-03-22,T1,ASDP,4064,Muara,Sumatera Barat,,,,0,0,6,687,687,6
2026-03-23,T1,ASDP,4064,Muara,Sumatera Barat,,,,0,0,7,696,696,7
2026-03-24,T1,ASDP,4064,Muara,Sumatera Barat,,,,0,0,5,450,450,5
2026-03-25,T1,ASDP,4064,Muara,Sumatera Barat,,,,0,0,4,414,414,4
2026-03-26,T1,ASDP,4064,Muara,Sumatera Barat,,,,0,0,4,333,333,4
2026-03-27,T1,ASDP,4064,Muara,Sumatera Barat,,,,0,0,3,216,216,3
2026-03-28,T1,ASDP,4064,Muara,Sumatera Barat,,,,0,0,4,233,233,4
2026-03-29,T1,ASDP,4064,Muara,Sumatera Barat,,,,0,0,4,274,274,4
2026-03-30,T1,ASDP,4064,Muara,Sumatera Barat,,,,0,0,4,195,195,4
2026-01-01,T1,ASDP,2510,Musi,Sulawesi Utara,,,,0,0,0,0,0,0
2026-01-02,T1,ASDP,2510,Musi,Sulawesi Utara,,,,0,0,0,0,0,0
2026-01-03,T1,ASDP,2510,Musi,Sulawesi Utara,,,,0,0,0,0,0,0
2026-01-04,T1,ASDP,2510,Musi,Sulawesi Utara,,,,0,0,1,7,7,1
2026-01-05,T1,ASDP,2510,Musi,Sulawesi Utara,,,,0,0,0,0,0,0
2026-03-13,T1,ASDP,2510,Musi,Sulawesi Utara,,,,0,0,1,3,3,1
2026-01-05,T1,ASDP,3416,Naikliu,Nusa Tenggara Timur,,,,0,0,0,0,0,0
2026-01-06,T1,ASDP,3416,Naikliu,Nusa Tenggara Timur,,,,0,0,0,0,0,0
2026-01-07,T1,ASDP,3416,Naikliu,Nusa Tenggara Timur,,,,0,0,0,0,0,0
2026-01-08,T1,ASDP,3416,Naikliu,Nusa Tenggara Timur,,,,0,0,0,0,0,0
2026-01-09,T1,ASDP,3416,Naikliu,Nusa Tenggara Timur,,,,0,0,0,0,0,0
2026-01-01,T1,ASDP,3425,Nangakeo,Nusa Tenggara Timur,,,,0,0,0,0,0,0
2026-01-02,T1,ASDP,3425,Nangakeo,Nusa Tenggara Timur,,,,0,0,0,0,0,0
2026-01-03,T1,ASDP,3425,Nangakeo,Nusa Tenggara Timur,,,,0,0,0,0,0,0
2026-01-05,T1,ASDP,3425,Nangakeo,Nusa Tenggara Timur,,,,0,0,0,0,0,0
2026-01-06,T1,ASDP,3425,Nangakeo,Nusa Tenggara Timur,,,,0,0,0,0,0,0
2026-01-07,T1,ASDP,3425,Nangakeo,Nusa Tenggara Timur,,,,0,0,0,0,0,0
2026-01-08,T1,ASDP,3425,Nangakeo,Nusa Tenggara Timur,,,,0,0,0,0,0,0
2026-01-09,T1,ASDP,3425,Nangakeo,Nusa Tenggara Timur,,,,0,0,0,0,0,0
2026-01-10,T1,ASDP,3425,Nangakeo,Nusa Tenggara Timur,,,,0,0,0,0,0,0
2026-01-11,T1,ASDP,3425,Nangakeo,Nusa Tenggara Timur,,,,0,0,0,0,0,0
2026-01-12,T1,ASDP,3425,Nangakeo,Nusa Tenggara Timur,,,,0,0,0,0,0,0
2026-01-13,T1,ASDP,3425,Nangakeo,Nusa Tenggara Timur,,,,0,0,0,0,0,0
2026-01-16,T1,ASDP,3425,Nangakeo,Nusa Tenggara Timur,,,,0,0,0,0,0,0
2026-01-20,T1,ASDP,3425,Nangakeo,Nusa Tenggara Timur,,,,0,0,0,0,0,0
2026-01-27,T1,ASDP,3425,Nangakeo,Nusa Tenggara Timur,,,,0,0,0,0,0,0
2026-01-29,T1,ASDP,3425,Nangakeo,Nusa Tenggara Timur,,,,0,0,0,0,0,0
2026-01-31,T1,ASDP,3425,Nangakeo,Nusa Tenggara Timur,,,,0,0,0,0,0,0
2026-02-03,T1,ASDP,3425,Nangakeo,Nusa Tenggara Timur,,,,0,0,0,0,0,0
2026-02-05,T1,ASDP,3425,Nangakeo,Nusa Tenggara Timur,,,,0,0,0,0,0,0
2026-02-06,T1,ASDP,3425,Nangakeo,Nusa Tenggara Timur,,,,0,0,0,0,0,0
2026-02-07,T1,ASDP,3425,Nangakeo,Nusa Tenggara Timur,,,,0,0,0,0,0,0
2026-02-08,T1,ASDP,3425,Nangakeo,Nusa Tenggara Timur,,,,0,0,0,0,0,0
2026-02-09,T1,ASDP,3425,Nangakeo,Nusa Tenggara Timur,,,,0,0,0,0,0,0
2026-02-10,T1,ASDP,3425,Nangakeo,Nusa Tenggara Timur,,,,0,0,0,0,0,0
2026-02-11,T1,ASDP,3425,Nangakeo,Nusa Tenggara Timur,,,,0,0,0,0,0,0
2026-02-13,T1,ASDP,3425,Nangakeo,Nusa Tenggara Timur,,,,0,0,0,0,0,0
2026-02-15,T1,ASDP,3425,Nangakeo,Nusa Tenggara Timur,,,,0,0,0,0,0,0
2026-02-16,T1,ASDP,3425,Nangakeo,Nusa Tenggara Timur,,,,0,0,0,0,0,0
2026-02-18,T1,ASDP,3425,Nangakeo,Nusa Tenggara Timur,,,,0,0,0,0,0,0
2026-02-19,T1,ASDP,3425,Nangakeo,Nusa Tenggara Timur,,,,0,0,0,0,0,0
2026-02-20,T1,ASDP,3425,Nangakeo,Nusa Tenggara Timur,,,,0,0,0,0,0,0
2026-02-23,T1,ASDP,3425,Nangakeo,Nusa Tenggara Timur,,,,0,0,0,0,0,0
2026-02-24,T1,ASDP,3425,Nangakeo,Nusa Tenggara Timur,,,,0,0,0,0,0,0
2026-02-25,T1,ASDP,3425,Nangakeo,Nusa Tenggara Timur,,,,0,0,0,0,0,0
2026-02-27,T1,ASDP,3425,Nangakeo,Nusa Tenggara Timur,,,,0,0,0,0,0,0
2026-03-01,T1,ASDP,3425,Nangakeo,Nusa Tenggara Timur,,,,0,0,0,0,0,0
2026-03-02,T1,ASDP,3425,Nangakeo,Nusa Tenggara Timur,,,,0,0,0,0,0,0
2026-03-03,T1,ASDP,3425,Nangakeo,Nusa Tenggara Timur,,,,0,0,0,0,0,0
2026-03-04,T1,ASDP,3425,Nangakeo,Nusa Tenggara Timur,,,,0,0,0,0,0,0
2026-03-05,T1,ASDP,3425,Nangakeo,Nusa Tenggara Timur,,,,0,0,0,0,0,0
2026-03-08,T1,ASDP,3425,Nangakeo,Nusa Tenggara Timur,,,,0,0,0,0,0,0
2026-03-09,T1,ASDP,3425,Nangakeo,Nusa Tenggara Timur,,,,0,0,0,0,0,0
2026-03-11,T1,ASDP,3425,Nangakeo,Nusa Tenggara Timur,,,,0,0,0,0,0,0
2026-03-12,T1,ASDP,3425,Nangakeo,Nusa Tenggara Timur,,,,0,0,0,0,0,0
2026-03-13,T1,ASDP,3425,Nangakeo,Nusa Tenggara Timur,,,,0,0,0,0,0,0
2026-03-14,T1,ASDP,3425,Nangakeo,Nusa Tenggara Timur,,,,0,0,0,0,0,0
2026-03-15,T1,ASDP,3425,Nangakeo,Nusa Tenggara Timur,,,,0,0,0,0,0,0
2026-03-16,T1,ASDP,3425,Nangakeo,Nusa Tenggara Timur,,,,0,0,0,0,0,0
2026-03-17,T1,ASDP,3425,Nangakeo,Nusa Tenggara Timur,,,,0,0,0,0,0,0
2026-03-18,T1,ASDP,3425,Nangakeo,Nusa Tenggara Timur,,,,0,0,0,0,0,0
2026-03-20,T1,ASDP,3425,Nangakeo,Nusa Tenggara Timur,,,,0,0,0,0,0,0
2026-03-21,T1,ASDP,3425,Nangakeo,Nusa Tenggara Timur,,,,0,0,0,0,0,0
2026-03-22,T1,ASDP,3425,Nangakeo,Nusa Tenggara Timur,,,,0,0,0,0,0,0
2026-03-23,T1,ASDP,3425,Nangakeo,Nusa Tenggara Timur,,,,0,0,0,0,0,0
2026-03-24,T1,ASDP,3425,Nangakeo,Nusa Tenggara Timur,,,,0,0,0,0,0,0
2026-03-25,T1,ASDP,3425,Nangakeo,Nusa Tenggara Timur,,,,0,0,0,0,0,0
2026-03-26,T1,ASDP,3425,Nangakeo,Nusa Tenggara Timur,,,,0,0,0,0,0,0
2026-03-27,T1,ASDP,3425,Nangakeo,Nusa Tenggara Timur,,,,0,0,0,0,0,0
2026-03-28,T1,ASDP,3425,Nangakeo,Nusa Tenggara Timur,,,,0,0,0,0,0,0
2026-03-29,T1,ASDP,3425,Nangakeo,Nusa Tenggara Timur,,,,0,0,0,0,0,0
2026-03-30,T1,ASDP,3425,Nangakeo,Nusa Tenggara Timur,,,,0,0,0,0,0,0
2026-03-31,T1,ASDP,3425,Nangakeo,Nusa Tenggara Timur,,,,0,0,0,0,0,0
2026-04-01,T1,ASDP,3425,Nangakeo,Nusa Tenggara Timur,,,,0,0,0,0,0,0
2026-04-02,T1,ASDP,3425,Nangakeo,Nusa Tenggara Timur,,,,0,0,0,0,0,0
2026-04-03,T1,ASDP,3425,Nangakeo,Nusa Tenggara Timur,,,,0,0,0,0,0,0
2026-04-05,T1,ASDP,3425,Nangakeo,Nusa Tenggara Timur,,,,0,0,0,0,0,0
2026-04-06,T1,ASDP,3425,Nangakeo,Nusa Tenggara Timur,,,,0,0,0,0,0,0
2026-04-07,T1,ASDP,3425,Nangakeo,Nusa Tenggara Timur,,,,0,0,0,0,0,0
2026-04-08,T1,ASDP,3425,Nangakeo,Nusa Tenggara Timur,,,,0,0,0,0,0,0
2026-04-10,T1,ASDP,3425,Nangakeo,Nusa Tenggara Timur,,,,0,0,0,0,0,0
2026-04-11,T1,ASDP,3425,Nangakeo,Nusa Tenggara Timur,,,,0,0,0,0,0,0
2026-04-12,T1,ASDP,3425,Nangakeo,Nusa Tenggara Timur,,,,0,0,0,0,0,0
2026-04-13,T1,ASDP,3425,Nangakeo,Nusa Tenggara Timur,,,,0,0,0,0,0,0
2026-04-15,T1,ASDP,3425,Nangakeo,Nusa Tenggara Timur,,,,0,0,0,0,0,0
2026-04-16,T1,ASDP,3425,Nangakeo,Nusa Tenggara Timur,,,,0,0,0,0,0,0
2026-04-17,T1,ASDP,3425,Nangakeo,Nusa Tenggara Timur,,,,0,0,0,0,0,0
2026-04-18,T1,ASDP,3425,Nangakeo,Nusa Tenggara Timur,,,,0,0,0,0,0,0
2026-04-20,T1,ASDP,3425,Nangakeo,Nusa Tenggara Timur,,,,0,0,0,0,0,0
2026-04-21,T1,ASDP,3425,Nangakeo,Nusa Tenggara Timur,,,,0,0,0,0,0,0
2026-04-22,T1,ASDP,3425,Nangakeo,Nusa Tenggara Timur,,,,0,0,0,0,0,0
2026-04-23,T1,ASDP,3425,Nangakeo,Nusa Tenggara Timur,,,,0,0,0,0,0,0
2026-04-24,T1,ASDP,3425,Nangakeo,Nusa Tenggara Timur,,,,0,0,0,0,0,0
2026-04-25,T1,ASDP,3425,Nangakeo,Nusa Tenggara Timur,,,,0,0,0,0,0,0
2026-04-27,T1,ASDP,3425,Nangakeo,Nusa Tenggara Timur,,,,0,0,0,0,0,0
2026-04-28,T1,ASDP,3425,Nangakeo,Nusa Tenggara Timur,,,,0,0,0,0,0,0
2026-04-29,T1,ASDP,3425,Nangakeo,Nusa Tenggara Timur,,,,0,0,0,0,0,0
2026-05-03,T2,ASDP,3425,Nangakeo,Nusa Tenggara Timur,,,,0,0,0,0,0,0
2026-05-04,T2,ASDP,3425,Nangakeo,Nusa Tenggara Timur,,,,0,0,0,0,0,0
2026-05-05,T2,ASDP,3425,Nangakeo,Nusa Tenggara Timur,,,,0,0,0,0,0,0
2026-05-06,T2,ASDP,3425,Nangakeo,Nusa Tenggara Timur,,,,0,0,0,0,0,0
2026-05-07,T2,ASDP,3425,Nangakeo,Nusa Tenggara Timur,,,,0,0,0,0,0,0
2026-05-08,T2,ASDP,3425,Nangakeo,Nusa Tenggara Timur,,,,0,0,0,0,0,0
2026-05-09,T2,ASDP,3425,Nangakeo,Nusa Tenggara Timur,,,,0,0,0,0,0,0
2026-05-11,T2,ASDP,3425,Nangakeo,Nusa Tenggara Timur,,,,0,0,0,0,0,0
2026-05-12,T2,ASDP,3425,Nangakeo,Nusa Tenggara Timur,,,,0,0,0,0,0,0
2026-05-13,T2,ASDP,3425,Nangakeo,Nusa Tenggara Timur,,,,0,0,0,0,0,0
2026-05-17,T2,ASDP,3425,Nangakeo,Nusa Tenggara Timur,,,,0,0,0,0,0,0
2026-05-18,T2,ASDP,3425,Nangakeo,Nusa Tenggara Timur,,,,0,0,0,0,0,0
2026-05-19,T2,ASDP,3425,Nangakeo,Nusa Tenggara Timur,,,,0,0,0,0,0,0
2026-05-25,T2,ASDP,3425,Nangakeo,Nusa Tenggara Timur,,,,0,0,0,0,0,0
2026-05-26,T2,ASDP,3425,Nangakeo,Nusa Tenggara Timur,,,,0,0,0,0,0,0
2026-05-27,T2,ASDP,3425,Nangakeo,Nusa Tenggara Timur,,,,0,0,0,0,0,0
2026-05-28,T2,ASDP,3425,Nangakeo,Nusa Tenggara Timur,,,,0,0,0,0,0,0
2026-05-29,T2,ASDP,3425,Nangakeo,Nusa Tenggara Timur,,,,0,0,0,0,0,0
2026-05-30,T2,ASDP,3425,Nangakeo,Nusa Tenggara Timur,,,,0,0,0,0,0,0
2026-06-01,T2,ASDP,3425,Nangakeo,Nusa Tenggara Timur,,,,0,0,0,0,0,0
2026-06-02,T2,ASDP,3425,Nangakeo,Nusa Tenggara Timur,,,,0,0,0,0,0,0
2026-06-03,T2,ASDP,3425,Nangakeo,Nusa Tenggara Timur,,,,0,0,0,0,0,0
2026-06-04,T2,ASDP,3425,Nangakeo,Nusa Tenggara Timur,,,,0,0,0,0,0,0
2026-06-05,T2,ASDP,3425,Nangakeo,Nusa Tenggara Timur,,,,0,0,0,0,0,0
2026-06-11,T2,ASDP,3425,Nangakeo,Nusa Tenggara Timur,,,,0,0,0,0,0,0
2026-06-12,T2,ASDP,3425,Nangakeo,Nusa Tenggara Timur,,,,0,0,0,0,0,0
2026-06-13,T2,ASDP,3425,Nangakeo,Nusa Tenggara Timur,,,,0,0,0,0,0,0
2026-06-14,T2,ASDP,3425,Nangakeo,Nusa Tenggara Timur,,,,0,0,0,0,0,0
2026-06-15,T2,ASDP,3425,Nangakeo,Nusa Tenggara Timur,,,,0,0,0,0,0,0
2026-06-16,T2,ASDP,3425,Nangakeo,Nusa Tenggara Timur,,,,0,0,0,0,0,0
2026-06-17,T2,ASDP,3425,Nangakeo,Nusa Tenggara Timur,,,,0,0,0,0,0,0
2026-06-18,T2,ASDP,3425,Nangakeo,Nusa Tenggara Timur,,,,0,0,0,0,0,0
2026-06-19,T2,ASDP,3425,Nangakeo,Nusa Tenggara Timur,,,,0,0,0,0,0,0
2026-06-20,T2,ASDP,3425,Nangakeo,Nusa Tenggara Timur,,,,0,0,0,0,0,0
2026-06-22,T2,ASDP,3425,Nangakeo,Nusa Tenggara Timur,,,,0,0,0,0,0,0
2026-06-23,T2,ASDP,3425,Nangakeo,Nusa Tenggara Timur,,,,0,0,0,0,0,0
2026-06-24,T2,ASDP,3425,Nangakeo,Nusa Tenggara Timur,,,,0,0,0,0,0,0
2026-06-25,T2,ASDP,3425,Nangakeo,Nusa Tenggara Timur,,,,0,0,0,0,0,0
2026-06-27,T2,ASDP,3425,Nangakeo,Nusa Tenggara Timur,,,,0,0,0,0,0,0
2026-06-29,T2,ASDP,3425,Nangakeo,Nusa Tenggara Timur,,,,0,0,0,0,0,0
2026-06-30,T2,ASDP,3425,Nangakeo,Nusa Tenggara Timur,,,,0,0,0,0,0,0
2026-07-01,T2,ASDP,3425,Nangakeo,Nusa Tenggara Timur,,,,0,0,0,0,0,0
2026-07-02,T2,ASDP,3425,Nangakeo,Nusa Tenggara Timur,,,,0,0,0,0,0,0
2026-07-03,T2,ASDP,3425,Nangakeo,Nusa Tenggara Timur,,,,0,0,0,0,0,0
2026-07-04,T2,ASDP,3425,Nangakeo,Nusa Tenggara Timur,,,,0,0,0,0,0,0
2026-07-05,T2,ASDP,3425,Nangakeo,Nusa Tenggara Timur,,,,0,0,0,0,0,0
2026-07-06,T2,ASDP,3425,Nangakeo,Nusa Tenggara Timur,,,,0,0,0,0,0,0
2026-07-07,T2,ASDP,3425,Nangakeo,Nusa Tenggara Timur,,,,0,0,0,0,0,0
2026-07-08,T2,ASDP,3425,Nangakeo,Nusa Tenggara Timur,,,,0,0,0,0,0,0
2026-07-09,T2,ASDP,3425,Nangakeo,Nusa Tenggara Timur,,,,0,0,0,0,0,0
2026-07-10,T2,ASDP,3425,Nangakeo,Nusa Tenggara Timur,,,,0,0,0,0,0,0
2026-07-11,T2,ASDP,3425,Nangakeo,Nusa Tenggara Timur,,,,0,0,0,0,0,0
2026-07-13,T2,ASDP,3425,Nangakeo,Nusa Tenggara Timur,,,,0,0,0,0,0,0
2026-07-14,T2,ASDP,3425,Nangakeo,Nusa Tenggara Timur,,,,0,0,0,0,0,0
2026-07-15,T2,ASDP,3425,Nangakeo,Nusa Tenggara Timur,,,,0,0,0,0,0,0
2026-07-16,T2,ASDP,3425,Nangakeo,Nusa Tenggara Timur,,,,0,0,0,0,0,0
2026-07-17,T2,ASDP,3425,Nangakeo,Nusa Tenggara Timur,,,,0,0,0,0,0,0
2026-07-20,T2,ASDP,3425,Nangakeo,Nusa Tenggara Timur,,,,0,0,0,0,0,0
2026-07-22,T2,ASDP,3425,Nangakeo,Nusa Tenggara Timur,,,,0,0,0,0,0,0
2026-07-23,T2,ASDP,3425,Nangakeo,Nusa Tenggara Timur,,,,0,0,0,0,0,0
2026-07-24,T2,ASDP,3425,Nangakeo,Nusa Tenggara Timur,,,,0,0,0,0,0,0
2026-07-26,T2,ASDP,3425,Nangakeo,Nusa Tenggara Timur,,,,0,0,0,0,0,0
2026-07-27,T2,ASDP,3425,Nangakeo,Nusa Tenggara Timur,,,,0,0,0,0,0,0
2026-07-28,T2,ASDP,3425,Nangakeo,Nusa Tenggara Timur,,,,0,0,0,0,0,0
2026-08-02,T2,ASDP,3425,Nangakeo,Nusa Tenggara Timur,,,,0,0,0,0,0,0
2026-08-04,T2,ASDP,3425,Nangakeo,Nusa Tenggara Timur,,,,0,0,0,0,0,0
2026-01-01,T1,ASDP,3434,Ndao,Nusa Tenggara Timur,,,,0,0,0,0,0,0
2026-01-02,T1,ASDP,3434,Ndao,Nusa Tenggara Timur,,,,0,0,0,0,0,0
2026-01-03,T1,ASDP,3434,Ndao,Nusa Tenggara Timur,,,,0,0,0,0,0,0
2026-01-04,T1,ASDP,3434,Ndao,Nusa Tenggara Timur,,,,0,0,0,0,0,0
2026-01-05,T1,ASDP,3434,Ndao,Nusa Tenggara Timur,,,,0,0,0,0,0,0
2026-03-13,T1,ASDP,3434,Ndao,Nusa Tenggara Timur,,,,0,0,0,0,0,0
2026-03-14,T1,ASDP,3434,Ndao,Nusa Tenggara Timur,,,,0,0,0,0,0,0
2026-03-15,T1,ASDP,3434,Ndao,Nusa Tenggara Timur,,,,0,0,0,0,0,0
2026-03-16,T1,ASDP,3434,Ndao,Nusa Tenggara Timur,,,,0,0,0,0,0,0
2026-03-17,T1,ASDP,3434,Ndao,Nusa Tenggara Timur,,,,0,0,0,0,0,0
2026-03-18,T1,ASDP,3434,Ndao,Nusa Tenggara Timur,,,,0,0,0,0,0,0
2026-03-19,T1,ASDP,3434,Ndao,Nusa Tenggara Timur,,,,0,0,0,0,0,0
2026-03-20,T1,ASDP,3434,Ndao,Nusa Tenggara Timur,,,,0,0,0,0,0,0
2026-03-21,T1,ASDP,3434,Ndao,Nusa Tenggara Timur,,,,0,0,0,0,0,0
2026-03-22,T1,ASDP,3434,Ndao,Nusa Tenggara Timur,,,,0,0,0,0,0,0
2026-03-23,T1,ASDP,3434,Ndao,Nusa Tenggara Timur,,,,0,0,0,0,0,0
2026-03-24,T1,ASDP,3434,Ndao,Nusa Tenggara Timur,,,,0,0,0,0,0,0
2026-03-25,T1,ASDP,3434,Ndao,Nusa Tenggara Timur,,,,0,0,0,0,0,0
2026-03-26,T1,ASDP,3434,Ndao,Nusa Tenggara Timur,,,,0,0,0,0,0,0
2026-03-27,T1,ASDP,3434,Ndao,Nusa Tenggara Timur,,,,0,0,0,0,0,0
2026-03-28,T1,ASDP,3434,Ndao,Nusa Tenggara Timur,,,,0,0,0,0,0,0
2026-01-05,T1,ASDP,2525,Nunukan,Kalimantan Utara,,,,0,0,1,48,48,1
2026-01-07,T1,ASDP,2525,Nunukan,Kalimantan Utara,,,,0,0,1,57,57,1
2026-01-18,T1,ASDP,2525,Nunukan,Kalimantan Utara,,,,0,0,1,69,69,1
2026-03-08,T1,ASDP,2525,Nunukan,Kalimantan Utara,,,,0,0,1,33,33,1
2026-03-11,T1,ASDP,2525,Nunukan,Kalimantan Utara,,,,0,0,3,148,148,3
2026-03-12,T1,ASDP,2525,Nunukan,Kalimantan Utara,,,,0,0,2,100,100,2
2026-03-13,T1,ASDP,2525,Nunukan,Kalimantan Utara,,,,0,0,3,140,140,3
2026-03-14,T1,ASDP,2525,Nunukan,Kalimantan Utara,,,,0,0,6,241,241,6
2026-03-15,T1,ASDP,2525,Nunukan,Kalimantan Utara,,,,0,0,7,213,213,7
2026-03-16,T1,ASDP,2525,Nunukan,Kalimantan Utara,,,,0,0,3,103,103,3
2026-03-17,T1,ASDP,2525,Nunukan,Kalimantan Utara,,,,0,0,2,113,113,2
2026-03-18,T1,ASDP,2525,Nunukan,Kalimantan Utara,,,,0,0,4,172,172,4
2026-03-19,T1,ASDP,2525,Nunukan,Kalimantan Utara,,,,0,0,3,133,133,3
2026-03-20,T1,ASDP,2525,Nunukan,Kalimantan Utara,,,,0,0,2,31,31,2
2026-03-22,T1,ASDP,2525,Nunukan,Kalimantan Utara,,,,0,0,5,248,248,5
2026-03-23,T1,ASDP,2525,Nunukan,Kalimantan Utara,,,,0,0,2,99,99,2
2026-03-24,T1,ASDP,2525,Nunukan,Kalimantan Utara,,,,0,0,3,179,179,3
2026-03-25,T1,ASDP,2525,Nunukan,Kalimantan Utara,,,,0,0,3,186,186,3
2026-03-26,T1,ASDP,2525,Nunukan,Kalimantan Utara,,,,0,0,4,260,260,4
2026-03-27,T1,ASDP,2525,Nunukan,Kalimantan Utara,,,,0,0,2,143,143,2
2026-01-03,T1,ASDP,3875,Nusa Laut,Maluku,,,,0,0,0,0,0,0
2026-01-04,T1,ASDP,3875,Nusa Laut,Maluku,,,,0,0,0,0,0,0
2026-01-09,T1,ASDP,3875,Nusa Laut,Maluku,,,,0,0,0,0,0,0
2026-03-25,T1,ASDP,3875,Nusa Laut,Maluku,,,,0,0,0,0,0,0
2026-03-27,T1,ASDP,3875,Nusa Laut,Maluku,,,,0,0,0,0,0,0
2026-03-28,T1,ASDP,3875,Nusa Laut,Maluku,,,,0,0,0,0,0,0
2026-01-04,T1,ASDP,3878,Nusa Penida,Bali,,,,0,0,1,4509,4509,1
2026-03-01,T1,ASDP,3878,Nusa Penida,Bali,,,,0,0,1,34,34,1
2026-03-29,T1,ASDP,3878,Nusa Penida,Bali,,,,0,0,0,0,0,0
2026-01-01,T1,ASDP,4073,Onan Runggu,Sumatera Utara,,,,0,0,3,334,334,3
2026-01-05,T1,ASDP,4073,Onan Runggu,Sumatera Utara,,,,0,0,2,206,206,2
2026-01-06,T1,ASDP,4073,Onan Runggu,Sumatera Utara,,,,0,0,2,166,166,2
2026-01-07,T1,ASDP,4073,Onan Runggu,Sumatera Utara,,,,0,0,2,159,159,2
2026-01-08,T1,ASDP,4073,Onan Runggu,Sumatera Utara,,,,0,0,2,96,96,2
2026-01-10,T1,ASDP,4073,Onan Runggu,Sumatera Utara,,,,0,0,3,148,148,3
2026-01-11,T1,ASDP,4073,Onan Runggu,Sumatera Utara,,,,0,0,3,233,233,3
2026-01-12,T1,ASDP,4073,Onan Runggu,Sumatera Utara,,,,0,0,2,67,67,2
2026-01-13,T1,ASDP,4073,Onan Runggu,Sumatera Utara,,,,0,0,2,48,48,2
2026-01-14,T1,ASDP,4073,Onan Runggu,Sumatera Utara,,,,0,0,2,74,74,2
2026-01-15,T1,ASDP,4073,Onan Runggu,Sumatera Utara,,,,0,0,2,80,80,2
2026-01-17,T1,ASDP,4073,Onan Runggu,Sumatera Utara,,,,0,0,3,187,187,3
2026-01-18,T1,ASDP,4073,Onan Runggu,Sumatera Utara,,,,0,0,3,337,337,3
2026-01-19,T1,ASDP,4073,Onan Runggu,Sumatera Utara,,,,0,0,2,91,91,2
2026-01-20,T1,ASDP,4073,Onan Runggu,Sumatera Utara,,,,0,0,2,44,44,2
2026-01-21,T1,ASDP,4073,Onan Runggu,Sumatera Utara,,,,0,0,2,77,77,2
2026-01-22,T1,ASDP,4073,Onan Runggu,Sumatera Utara,,,,0,0,2,82,82,2
2026-01-24,T1,ASDP,4073,Onan Runggu,Sumatera Utara,,,,0,0,3,81,81,3
2026-01-25,T1,ASDP,4073,Onan Runggu,Sumatera Utara,,,,0,0,3,161,161,3
2026-01-26,T1,ASDP,4073,Onan Runggu,Sumatera Utara,,,,0,0,2,73,73,2
2026-01-27,T1,ASDP,4073,Onan Runggu,Sumatera Utara,,,,0,0,2,35,35,2
2026-01-28,T1,ASDP,4073,Onan Runggu,Sumatera Utara,,,,0,0,3,28,28,3
2026-01-29,T1,ASDP,4073,Onan Runggu,Sumatera Utara,,,,0,0,1,55,55,1
2026-03-11,T1,ASDP,4073,Onan Runggu,Sumatera Utara,,,,0,0,3,66,66,3
2026-03-12,T1,ASDP,4073,Onan Runggu,Sumatera Utara,,,,0,0,2,56,56,2
2026-03-13,T1,ASDP,4073,Onan Runggu,Sumatera Utara,,,,0,0,1,0,0,1
2026-03-14,T1,ASDP,4073,Onan Runggu,Sumatera Utara,,,,0,0,6,235,235,6
2026-03-15,T1,ASDP,4073,Onan Runggu,Sumatera Utara,,,,0,0,5,240,240,5
2026-03-16,T1,ASDP,4073,Onan Runggu,Sumatera Utara,,,,0,0,3,202,202,3
2026-03-17,T1,ASDP,4073,Onan Runggu,Sumatera Utara,,,,0,0,3,108,108,3
2026-03-18,T1,ASDP,4073,Onan Runggu,Sumatera Utara,,,,0,0,2,277,277,2
2026-03-19,T1,ASDP,4073,Onan Runggu,Sumatera Utara,,,,0,0,2,202,202,2
2026-03-21,T1,ASDP,4073,Onan Runggu,Sumatera Utara,,,,0,0,5,537,537,5
2026-03-22,T1,ASDP,4073,Onan Runggu,Sumatera Utara,,,,0,0,5,636,636,5
2026-03-23,T1,ASDP,4073,Onan Runggu,Sumatera Utara,,,,0,0,5,473,473,5
2026-03-24,T1,ASDP,4073,Onan Runggu,Sumatera Utara,,,,0,0,5,556,556,5
2026-03-25,T1,ASDP,4073,Onan Runggu,Sumatera Utara,,,,0,0,7,421,421,7
2026-03-26,T1,ASDP,4073,Onan Runggu,Sumatera Utara,,,,0,0,5,337,337,5
2026-03-28,T1,ASDP,4073,Onan Runggu,Sumatera Utara,,,,0,0,5,379,379,5
2026-03-29,T1,ASDP,4073,Onan Runggu,Sumatera Utara,,,,0,0,5,428,428,5
2026-03-30,T1,ASDP,4073,Onan Runggu,Sumatera Utara,,,,0,0,2,92,92,2
2026-03-31,T1,ASDP,4073,Onan Runggu,Sumatera Utara,,,,0,0,2,74,74,2
2026-04-01,T1,ASDP,4073,Onan Runggu,Sumatera Utara,,,,0,0,2,76,76,2
2026-01-04,T1,ASDP,3404,Paciran,Jawa Timur,,,,0,0,2,469,469,2
2026-01-06,T1,ASDP,3404,Paciran,Jawa Timur,,,,0,0,1,222,222,1
2026-01-17,T1,ASDP,3404,Paciran,Jawa Timur,,,,0,0,1,49,49,1
2026-01-18,T1,ASDP,3404,Paciran,Jawa Timur,,,,0,0,1,218,218,1
2026-01-20,T1,ASDP,3404,Paciran,Jawa Timur,,,,0,0,1,172,172,1
2026-01-29,T1,ASDP,3404,Paciran,Jawa Timur,,,,0,0,1,272,272,1
2026-02-01,T1,ASDP,3404,Paciran,Jawa Timur,,,,0,0,1,241,241,1
2026-02-03,T1,ASDP,3404,Paciran,Jawa Timur,,,,0,0,1,166,166,1
2026-02-11,T1,ASDP,3404,Paciran,Jawa Timur,,,,0,0,2,404,404,2
2026-02-14,T1,ASDP,3404,Paciran,Jawa Timur,,,,0,0,1,330,330,1
2026-02-15,T1,ASDP,3404,Paciran,Jawa Timur,,,,0,0,1,68,68,1
2026-02-16,T1,ASDP,3404,Paciran,Jawa Timur,,,,0,0,1,267,267,1
2026-02-19,T1,ASDP,3404,Paciran,Jawa Timur,,,,0,0,2,304,304,2
2026-02-22,T1,ASDP,3404,Paciran,Jawa Timur,,,,0,0,1,207,207,1
2026-02-25,T1,ASDP,3404,Paciran,Jawa Timur,,,,0,0,2,255,255,2
2026-03-01,T1,ASDP,3404,Paciran,Jawa Timur,,,,0,0,1,193,193,1
2026-03-03,T1,ASDP,3404,Paciran,Jawa Timur,,,,0,0,1,139,139,1
2026-03-09,T1,ASDP,3404,Paciran,Jawa Timur,,,,0,0,1,79,79,1
2026-03-11,T1,ASDP,3404,Paciran,Jawa Timur,,,,0,0,1,362,362,1
2026-03-13,T1,ASDP,3404,Paciran,Jawa Timur,,,,0,0,1,435,435,1
2026-03-14,T1,ASDP,3404,Paciran,Jawa Timur,,,,0,0,1,59,59,1
2026-03-15,T1,ASDP,3404,Paciran,Jawa Timur,,,,0,0,1,389,389,1
2026-03-17,T1,ASDP,3404,Paciran,Jawa Timur,,,,0,0,1,328,328,1
2026-03-18,T1,ASDP,3404,Paciran,Jawa Timur,,,,0,0,1,265,265,1
2026-03-22,T1,ASDP,3404,Paciran,Jawa Timur,,,,0,0,1,151,151,1
2026-03-23,T1,ASDP,3404,Paciran,Jawa Timur,,,,0,0,1,109,109,1
2026-03-24,T1,ASDP,3404,Paciran,Jawa Timur,,,,0,0,1,114,114,1
2026-03-27,T1,ASDP,3404,Paciran,Jawa Timur,,,,0,0,1,240,240,1
2026-03-29,T1,ASDP,3404,Paciran,Jawa Timur,,,,0,0,2,731,731,2
2026-04-03,T1,ASDP,3404,Paciran,Jawa Timur,,,,0,0,1,239,239,1
2026-04-05,T1,ASDP,3404,Paciran,Jawa Timur,,,,0,0,1,541,541,1
2026-04-07,T1,ASDP,3404,Paciran,Jawa Timur,,,,0,0,1,223,223,1
2026-04-09,T1,ASDP,3404,Paciran,Jawa Timur,,,,0,0,1,627,627,1
2026-04-10,T1,ASDP,3404,Paciran,Jawa Timur,,,,0,0,1,278,278,1
2026-04-12,T1,ASDP,3404,Paciran,Jawa Timur,,,,0,0,1,131,131,1
2026-04-14,T1,ASDP,3404,Paciran,Jawa Timur,,,,0,0,1,149,149,1
2026-04-17,T1,ASDP,3404,Paciran,Jawa Timur,,,,0,0,1,232,232,1
2026-04-19,T1,ASDP,3404,Paciran,Jawa Timur,,,,0,0,2,771,771,2
2026-04-21,T1,ASDP,3404,Paciran,Jawa Timur,,,,0,0,1,95,95,1
2026-04-23,T1,ASDP,3404,Paciran,Jawa Timur,,,,0,0,1,221,221,1
2026-04-24,T1,ASDP,3404,Paciran,Jawa Timur,,,,0,0,1,158,158,1
2026-04-26,T1,ASDP,3404,Paciran,Jawa Timur,,,,0,0,1,157,157,1
2026-04-28,T1,ASDP,3404,Paciran,Jawa Timur,,,,0,0,2,263,263,2
2026-05-01,T2,ASDP,3404,Paciran,Jawa Timur,,,,0,0,1,160,160,1
2026-05-03,T2,ASDP,3404,Paciran,Jawa Timur,,,,0,0,1,151,151,1
2026-05-04,T2,ASDP,3404,Paciran,Jawa Timur,,,,0,0,1,122,122,1
2026-05-05,T2,ASDP,3404,Paciran,Jawa Timur,,,,0,0,1,68,68,1
2026-05-08,T2,ASDP,3404,Paciran,Jawa Timur,,,,0,0,1,230,230,1
2026-05-09,T2,ASDP,3404,Paciran,Jawa Timur,,,,0,0,1,74,74,1
2026-05-10,T2,ASDP,3404,Paciran,Jawa Timur,,,,0,0,1,142,142,1
2026-05-12,T2,ASDP,3404,Paciran,Jawa Timur,,,,0,0,1,137,137,1
2026-05-15,T2,ASDP,3404,Paciran,Jawa Timur,,,,0,0,1,264,264,1
2026-05-17,T2,ASDP,3404,Paciran,Jawa Timur,,,,0,0,1,185,185,1
2026-05-19,T2,ASDP,3404,Paciran,Jawa Timur,,,,0,0,1,127,127,1
2026-05-22,T2,ASDP,3404,Paciran,Jawa Timur,,,,0,0,2,324,324,2
2026-05-26,T2,ASDP,3404,Paciran,Jawa Timur,,,,0,0,1,272,272,1
2026-05-29,T2,ASDP,3404,Paciran,Jawa Timur,,,,0,0,1,201,201,1
2026-05-31,T2,ASDP,3404,Paciran,Jawa Timur,,,,0,0,1,210,210,1
2026-06-01,T2,ASDP,3404,Paciran,Jawa Timur,,,,0,0,1,53,53,1
2026-06-02,T2,ASDP,3404,Paciran,Jawa Timur,,,,0,0,1,115,115,1
2026-06-09,T2,ASDP,3404,Paciran,Jawa Timur,,,,0,0,1,329,329,1
2026-06-10,T2,ASDP,3404,Paciran,Jawa Timur,,,,0,0,1,306,306,1
2026-06-14,T2,ASDP,3404,Paciran,Jawa Timur,,,,0,0,1,281,281,1
2026-06-16,T2,ASDP,3404,Paciran,Jawa Timur,,,,0,0,1,166,166,1
2026-06-19,T2,ASDP,3404,Paciran,Jawa Timur,,,,0,0,2,286,286,2
2026-06-21,T2,ASDP,3404,Paciran,Jawa Timur,,,,0,0,4,309,309,4
2026-06-27,T2,ASDP,3404,Paciran,Jawa Timur,,,,0,0,1,405,405,1
2026-07-01,T2,ASDP,3404,Paciran,Jawa Timur,,,,0,0,1,357,357,1
2026-07-03,T2,ASDP,3404,Paciran,Jawa Timur,,,,0,0,1,395,395,1
2026-07-05,T2,ASDP,3404,Paciran,Jawa Timur,,,,0,0,1,224,224,1
2026-07-12,T2,ASDP,3404,Paciran,Jawa Timur,,,,0,0,1,583,583,1
2026-07-19,T2,ASDP,3404,Paciran,Jawa Timur,,,,0,0,1,28,28,1
2026-07-23,T2,ASDP,3404,Paciran,Jawa Timur,,,,0,0,1,367,367,1
2026-07-28,T2,ASDP,3404,Paciran,Jawa Timur,,,,0,0,1,141,141,1
2026-08-02,T2,ASDP,3404,Paciran,Jawa Timur,,,,0,0,1,632,632,1
2026-08-06,T2,ASDP,3404,Paciran,Jawa Timur,,,,0,0,1,124,124,1
2026-08-08,T2,ASDP,3404,Paciran,Jawa Timur,,,,0,0,1,367,367,1
2026-08-10,T2,ASDP,3404,Paciran,Jawa Timur,,,,0,0,1,107,107,1
2026-08-11,T2,ASDP,3404,Paciran,Jawa Timur,,,,0,0,2,190,190,2
2026-08-14,T2,ASDP,3404,Paciran,Jawa Timur,,,,0,0,1,138,138,1
2026-08-15,T2,ASDP,3404,Paciran,Jawa Timur,,,,0,0,2,254,254,2
2026-08-17,T2,ASDP,3404,Paciran,Jawa Timur,,,,0,0,1,219,219,1
2026-08-23,T2,ASDP,3404,Paciran,Jawa Timur,,,,0,0,1,64,64,1
2026-08-28,T2,ASDP,3404,Paciran,Jawa Timur,,,,0,0,2,429,429,2
2026-08-29,T2,ASDP,3404,Paciran,Jawa Timur,,,,0,0,1,247,247,1
2026-09-01,T3,ASDP,3404,Paciran,Jawa Timur,,,,0,0,1,408,408,1
2026-09-02,T3,ASDP,3404,Paciran,Jawa Timur,,,,0,0,1,112,112,1
2026-09-05,T3,ASDP,3404,Paciran,Jawa Timur,,,,0,0,1,127,127,1
2026-09-06,T3,ASDP,3404,Paciran,Jawa Timur,,,,0,0,1,227,227,1
2026-09-08,T3,ASDP,3404,Paciran,Jawa Timur,,,,0,0,1,128,128,1
2026-09-09,T3,ASDP,3404,Paciran,Jawa Timur,,,,0,0,1,81,81,1
2026-09-11,T3,ASDP,3404,Paciran,Jawa Timur,,,,0,0,2,310,310,2
2026-09-18,T3,ASDP,3404,Paciran,Jawa Timur,,,,0,0,3,643,643,3
2026-09-23,T3,ASDP,3404,Paciran,Jawa Timur,,,,0,0,1,330,330,1
2026-01-01,T1,ASDP,4187,Padang,Sumatera Barat,,,,0,0,1,190,190,1
2026-01-05,T1,ASDP,4187,Padang,Sumatera Barat,,,,0,0,1,174,174,1
2026-01-08,T1,ASDP,4187,Padang,Sumatera Barat,,,,0,0,1,184,184,1
2026-01-12,T1,ASDP,4187,Padang,Sumatera Barat,,,,0,0,1,176,176,1
2026-01-15,T1,ASDP,4187,Padang,Sumatera Barat,,,,0,0,1,107,107,1
2026-01-19,T1,ASDP,4187,Padang,Sumatera Barat,,,,0,0,1,135,135,1
2026-01-22,T1,ASDP,4187,Padang,Sumatera Barat,,,,0,0,1,113,113,1
2026-01-26,T1,ASDP,4187,Padang,Sumatera Barat,,,,0,0,1,153,153,1
2026-01-29,T1,ASDP,4187,Padang,Sumatera Barat,,,,0,0,3,93,93,3
2026-01-31,T1,ASDP,4187,Padang,Sumatera Barat,,,,0,0,1,35,35,1
2026-02-02,T1,ASDP,4187,Padang,Sumatera Barat,,,,0,0,1,122,122,1
2026-02-05,T1,ASDP,4187,Padang,Sumatera Barat,,,,0,0,1,151,151,1
2026-02-09,T1,ASDP,4187,Padang,Sumatera Barat,,,,0,0,1,139,139,1
2026-02-12,T1,ASDP,4187,Padang,Sumatera Barat,,,,0,0,2,94,94,2
2026-02-14,T1,ASDP,4187,Padang,Sumatera Barat,,,,0,0,1,72,72,1
2026-02-19,T1,ASDP,4187,Padang,Sumatera Barat,,,,0,0,1,76,76,1
2026-02-20,T1,ASDP,4187,Padang,Sumatera Barat,,,,0,0,1,44,44,1
2026-02-23,T1,ASDP,4187,Padang,Sumatera Barat,,,,0,0,1,39,39,1
2026-02-26,T1,ASDP,4187,Padang,Sumatera Barat,,,,0,0,1,116,116,1
2026-03-02,T1,ASDP,4187,Padang,Sumatera Barat,,,,0,0,1,91,91,1
2026-03-05,T1,ASDP,4187,Padang,Sumatera Barat,,,,0,0,2,80,80,2
2026-03-09,T1,ASDP,4187,Padang,Sumatera Barat,,,,0,0,1,140,140,1
2026-03-12,T1,ASDP,4187,Padang,Sumatera Barat,,,,0,0,1,105,105,1
2026-03-14,T1,ASDP,4187,Padang,Sumatera Barat,,,,0,0,1,113,113,1
2026-03-16,T1,ASDP,4187,Padang,Sumatera Barat,,,,0,0,1,172,172,1
2026-03-23,T1,ASDP,4187,Padang,Sumatera Barat,,,,0,0,1,177,177,1
2026-03-26,T1,ASDP,4187,Padang,Sumatera Barat,,,,0,0,1,323,323,1
2026-03-30,T1,ASDP,4187,Padang,Sumatera Barat,,,,0,0,1,198,198,1
2026-04-02,T1,ASDP,4187,Padang,Sumatera Barat,,,,0,0,1,191,191,1
2026-04-06,T1,ASDP,4187,Padang,Sumatera Barat,,,,0,0,1,205,205,1
2026-04-09,T1,ASDP,4187,Padang,Sumatera Barat,,,,0,0,1,114,114,1
2026-04-13,T1,ASDP,4187,Padang,Sumatera Barat,,,,0,0,1,148,148,1
2026-04-16,T1,ASDP,4187,Padang,Sumatera Barat,,,,0,0,1,139,139,1
2026-04-20,T1,ASDP,4187,Padang,Sumatera Barat,,,,0,0,1,171,171,1
2026-04-23,T1,ASDP,4187,Padang,Sumatera Barat,,,,0,0,1,103,103,1
2026-04-25,T1,ASDP,4187,Padang,Sumatera Barat,,,,0,0,1,48,48,1
2026-04-27,T1,ASDP,4187,Padang,Sumatera Barat,,,,0,0,1,163,163,1
2026-04-30,T1,ASDP,4187,Padang,Sumatera Barat,,,,0,0,1,105,105,1
2026-05-02,T2,ASDP,4187,Padang,Sumatera Barat,,,,0,0,1,21,21,1
2026-05-06,T2,ASDP,4187,Padang,Sumatera Barat,,,,0,0,1,147,147,1
2026-05-07,T2,ASDP,4187,Padang,Sumatera Barat,,,,0,0,1,137,137,1
2026-05-11,T2,ASDP,4187,Padang,Sumatera Barat,,,,0,0,1,139,139,1
2026-05-14,T2,ASDP,4187,Padang,Sumatera Barat,,,,0,0,1,165,165,1
2026-05-16,T2,ASDP,4187,Padang,Sumatera Barat,,,,0,0,1,38,38,1
2026-05-18,T2,ASDP,4187,Padang,Sumatera Barat,,,,0,0,1,91,91,1
2026-05-21,T2,ASDP,4187,Padang,Sumatera Barat,,,,0,0,1,110,110,1
2026-05-25,T2,ASDP,4187,Padang,Sumatera Barat,,,,0,0,2,250,250,2
2026-05-28,T2,ASDP,4187,Padang,Sumatera Barat,,,,0,0,1,119,119,1
2026-06-01,T2,ASDP,4187,Padang,Sumatera Barat,,,,0,0,2,167,167,2
2026-06-02,T2,ASDP,4187,Padang,Sumatera Barat,,,,0,0,1,73,73,1
2026-06-03,T2,ASDP,4187,Padang,Sumatera Barat,,,,0,0,1,73,73,1
2026-06-04,T2,ASDP,4187,Padang,Sumatera Barat,,,,0,0,1,97,97,1
2026-06-05,T2,ASDP,4187,Padang,Sumatera Barat,,,,0,0,2,384,384,2
2026-06-06,T2,ASDP,4187,Padang,Sumatera Barat,,,,0,0,3,57,57,3
2026-06-08,T2,ASDP,4187,Padang,Sumatera Barat,,,,0,0,1,75,75,1
2026-06-09,T2,ASDP,4187,Padang,Sumatera Barat,,,,0,0,2,230,230,2
2026-06-10,T2,ASDP,4187,Padang,Sumatera Barat,,,,0,0,2,246,246,2
2026-06-11,T2,ASDP,4187,Padang,Sumatera Barat,,,,0,0,2,105,105,2
2026-06-12,T2,ASDP,4187,Padang,Sumatera Barat,,,,0,0,1,76,76,1
2026-06-14,T2,ASDP,4187,Padang,Sumatera Barat,,,,0,0,2,78,78,2
2026-06-15,T2,ASDP,4187,Padang,Sumatera Barat,,,,0,0,1,128,128,1
2026-06-17,T2,ASDP,4187,Padang,Sumatera Barat,,,,0,0,1,57,57,1
2026-06-18,T2,ASDP,4187,Padang,Sumatera Barat,,,,0,0,3,310,310,3
2026-06-21,T2,ASDP,4187,Padang,Sumatera Barat,,,,0,0,1,215,215,1
2026-06-22,T2,ASDP,4187,Padang,Sumatera Barat,,,,0,0,3,324,324,3
2026-06-23,T2,ASDP,4187,Padang,Sumatera Barat,,,,0,0,1,164,164,1
2026-06-24,T2,ASDP,4187,Padang,Sumatera Barat,,,,0,0,1,227,227,1
2026-06-25,T2,ASDP,4187,Padang,Sumatera Barat,,,,0,0,2,246,246,2
2026-06-26,T2,ASDP,4187,Padang,Sumatera Barat,,,,0,0,1,220,220,1
2026-06-28,T2,ASDP,4187,Padang,Sumatera Barat,,,,0,0,2,291,291,2
2026-06-29,T2,ASDP,4187,Padang,Sumatera Barat,,,,0,0,3,258,258,3
2026-07-01,T2,ASDP,4187,Padang,Sumatera Barat,,,,0,0,2,374,374,2
2026-07-02,T2,ASDP,4187,Padang,Sumatera Barat,,,,0,0,3,237,237,3
2026-07-03,T2,ASDP,4187,Padang,Sumatera Barat,,,,0,0,2,514,514,2
2026-07-04,T2,ASDP,4187,Padang,Sumatera Barat,,,,0,0,1,99,99,1
2026-07-06,T2,ASDP,4187,Padang,Sumatera Barat,,,,0,0,2,320,320,2
2026-07-07,T2,ASDP,4187,Padang,Sumatera Barat,,,,0,0,1,202,202,1
2026-07-08,T2,ASDP,4187,Padang,Sumatera Barat,,,,0,0,1,324,324,1
2026-07-09,T2,ASDP,4187,Padang,Sumatera Barat,,,,0,0,2,314,314,2
2026-07-12,T2,ASDP,4187,Padang,Sumatera Barat,,,,0,0,2,396,396,2
2026-07-13,T2,ASDP,4187,Padang,Sumatera Barat,,,,0,0,4,255,255,4
2026-07-14,T2,ASDP,4187,Padang,Sumatera Barat,,,,0,0,1,220,220,1
2026-07-15,T2,ASDP,4187,Padang,Sumatera Barat,,,,0,0,1,346,346,1
2026-07-16,T2,ASDP,4187,Padang,Sumatera Barat,,,,0,0,2,220,220,2
2026-07-18,T2,ASDP,4187,Padang,Sumatera Barat,,,,0,0,2,30,30,2
2026-07-20,T2,ASDP,4187,Padang,Sumatera Barat,,,,0,0,1,157,157,1
2026-07-21,T2,ASDP,4187,Padang,Sumatera Barat,,,,0,0,1,133,133,1
2026-07-22,T2,ASDP,4187,Padang,Sumatera Barat,,,,0,0,1,153,153,1
2026-07-23,T2,ASDP,4187,Padang,Sumatera Barat,,,,0,0,2,169,169,2
2026-07-24,T2,ASDP,4187,Padang,Sumatera Barat,,,,0,0,1,175,175,1
2026-07-27,T2,ASDP,4187,Padang,Sumatera Barat,,,,0,0,2,164,164,2
2026-07-28,T2,ASDP,4187,Padang,Sumatera Barat,,,,0,0,3,393,393,3
2026-07-29,T2,ASDP,4187,Padang,Sumatera Barat,,,,0,0,1,79,79,1
2026-07-30,T2,ASDP,4187,Padang,Sumatera Barat,,,,0,0,2,101,101,2
2026-07-31,T2,ASDP,4187,Padang,Sumatera Barat,,,,0,0,1,130,130,1
2026-08-01,T2,ASDP,4187,Padang,Sumatera Barat,,,,0,0,1,197,197,1
2026-08-02,T2,ASDP,4187,Padang,Sumatera Barat,,,,0,0,1,7,7,1
2026-08-03,T2,ASDP,4187,Padang,Sumatera Barat,,,,0,0,2,114,114,2
2026-08-06,T2,ASDP,4187,Padang,Sumatera Barat,,,,0,0,2,209,209,2
2026-08-07,T2,ASDP,4187,Padang,Sumatera Barat,,,,0,0,1,223,223,1
2026-08-08,T2,ASDP,4187,Padang,Sumatera Barat,,,,0,0,1,129,129,1
2026-08-09,T2,ASDP,4187,Padang,Sumatera Barat,,,,0,0,2,39,39,2
2026-08-10,T2,ASDP,4187,Padang,Sumatera Barat,,,,0,0,3,342,342,3
2026-08-12,T2,ASDP,4187,Padang,Sumatera Barat,,,,0,0,2,175,175,2
2026-08-13,T2,ASDP,4187,Padang,Sumatera Barat,,,,0,0,2,93,93,2
2026-08-15,T2,ASDP,4187,Padang,Sumatera Barat,,,,0,0,1,92,92,1
2026-08-17,T2,ASDP,4187,Padang,Sumatera Barat,,,,0,0,2,341,341,2
2026-08-20,T2,ASDP,4187,Padang,Sumatera Barat,,,,0,0,1,189,189,1
2026-08-24,T2,ASDP,4187,Padang,Sumatera Barat,,,,0,0,1,208,208,1
2026-08-27,T2,ASDP,4187,Padang,Sumatera Barat,,,,0,0,1,107,107,1
2026-08-31,T2,ASDP,4187,Padang,Sumatera Barat,,,,0,0,1,227,227,1
2026-09-03,T3,ASDP,4187,Padang,Sumatera Barat,,,,0,0,1,73,73,1
2026-09-05,T3,ASDP,4187,Padang,Sumatera Barat,,,,0,0,1,27,27,1
2026-09-07,T3,ASDP,4187,Padang,Sumatera Barat,,,,0,0,2,253,253,2
2026-09-11,T3,ASDP,4187,Padang,Sumatera Barat,,,,0,0,1,235,235,1
2026-09-14,T3,ASDP,4187,Padang,Sumatera Barat,,,,0,0,1,138,138,1
2026-09-21,T3,ASDP,4187,Padang,Sumatera Barat,,,,0,0,1,245,245,1
2026-09-25,T3,ASDP,4187,Padang,Sumatera Barat,,,,0,0,1,0,0,1
2026-01-01,T1,ASDP,3887,Pamana,Nusa Tenggara Timur,,,,0,0,0,0,0,0
2026-01-02,T1,ASDP,3887,Pamana,Nusa Tenggara Timur,,,,0,0,0,0,0,0
2026-01-03,T1,ASDP,3887,Pamana,Nusa Tenggara Timur,,,,0,0,0,0,0,0
2026-01-24,T1,ASDP,3887,Pamana,Nusa Tenggara Timur,,,,0,0,0,0,0,0
2026-01-27,T1,ASDP,3887,Pamana,Nusa Tenggara Timur,,,,0,0,0,0,0,0
2026-03-29,T1,ASDP,3887,Pamana,Nusa Tenggara Timur,,,,0,0,0,0,0,0
2026-03-13,T1,ASDP,3602,Pananaru,Sulawesi Utara,,,,0,0,0,0,0,0
2026-03-14,T1,ASDP,3602,Pananaru,Sulawesi Utara,,,,0,0,0,0,0,0
2026-03-15,T1,ASDP,3602,Pananaru,Sulawesi Utara,,,,0,0,0,0,0,0
2026-03-16,T1,ASDP,3602,Pananaru,Sulawesi Utara,,,,0,0,0,0,0,0
2026-03-17,T1,ASDP,3602,Pananaru,Sulawesi Utara,,,,0,0,3,26,26,3
2026-03-18,T1,ASDP,3602,Pananaru,Sulawesi Utara,,,,0,0,1,11,11,1
2026-03-19,T1,ASDP,3602,Pananaru,Sulawesi Utara,,,,0,0,2,15,15,2
2026-03-20,T1,ASDP,3602,Pananaru,Sulawesi Utara,,,,0,0,0,0,0,0
2026-03-21,T1,ASDP,3602,Pananaru,Sulawesi Utara,,,,0,0,0,0,0,0
2026-03-22,T1,ASDP,3602,Pananaru,Sulawesi Utara,,,,0,0,1,8,8,1
2026-03-23,T1,ASDP,3602,Pananaru,Sulawesi Utara,,,,0,0,0,0,0,0
2026-03-24,T1,ASDP,3602,Pananaru,Sulawesi Utara,,,,0,0,2,7,7,2
2026-03-25,T1,ASDP,3602,Pananaru,Sulawesi Utara,,,,0,0,0,0,0,0
2026-03-26,T1,ASDP,3602,Pananaru,Sulawesi Utara,,,,0,0,2,12,12,2
2026-03-27,T1,ASDP,3602,Pananaru,Sulawesi Utara,,,,0,0,1,2,2,1
2026-03-28,T1,ASDP,3602,Pananaru,Sulawesi Utara,,,,0,0,1,0,0,1
2026-03-29,T1,ASDP,3602,Pananaru,Sulawesi Utara,,,,0,0,1,3,3,1
2026-03-30,T1,ASDP,3602,Pananaru,Sulawesi Utara,,,,0,0,1,0,0,1
2026-04-01,T1,ASDP,3602,Pananaru,Sulawesi Utara,,,,0,0,1,2,2,1
2026-04-02,T1,ASDP,3602,Pananaru,Sulawesi Utara,,,,0,0,0,0,0,0
2026-04-03,T1,ASDP,3602,Pananaru,Sulawesi Utara,,,,0,0,1,0,0,1
2026-04-04,T1,ASDP,3602,Pananaru,Sulawesi Utara,,,,0,0,1,8,8,1
2026-04-05,T1,ASDP,3602,Pananaru,Sulawesi Utara,,,,0,0,0,0,0,0
2026-04-06,T1,ASDP,3602,Pananaru,Sulawesi Utara,,,,0,0,0,0,0,0
2026-01-01,T1,ASDP,3896,Pattumbukan,Sulawesi Selatan,,,,0,0,0,0,0,0
2026-01-02,T1,ASDP,3896,Pattumbukan,Sulawesi Selatan,,,,0,0,0,0,0,0
2026-01-03,T1,ASDP,3896,Pattumbukan,Sulawesi Selatan,,,,0,0,0,0,0,0
2026-01-04,T1,ASDP,3896,Pattumbukan,Sulawesi Selatan,,,,0,0,0,0,0,0
2026-01-05,T1,ASDP,3896,Pattumbukan,Sulawesi Selatan,,,,0,0,1,371,371,1
2026-03-13,T1,ASDP,3896,Pattumbukan,Sulawesi Selatan,,,,0,0,0,0,0,0
2026-03-14,T1,ASDP,3896,Pattumbukan,Sulawesi Selatan,,,,0,0,0,0,0,0
2026-03-15,T1,ASDP,3896,Pattumbukan,Sulawesi Selatan,,,,0,0,0,0,0,0
2026-03-16,T1,ASDP,3896,Pattumbukan,Sulawesi Selatan,,,,0,0,1,556,556,1
2026-03-17,T1,ASDP,3896,Pattumbukan,Sulawesi Selatan,,,,0,0,0,0,0,0
2026-03-18,T1,ASDP,3896,Pattumbukan,Sulawesi Selatan,,,,0,0,1,6,6,1
2026-03-19,T1,ASDP,3896,Pattumbukan,Sulawesi Selatan,,,,0,0,0,0,0,0
2026-03-20,T1,ASDP,3896,Pattumbukan,Sulawesi Selatan,,,,0,0,0,0,0,0
2026-03-21,T1,ASDP,3896,Pattumbukan,Sulawesi Selatan,,,,0,0,0,0,0,0
2026-03-22,T1,ASDP,3896,Pattumbukan,Sulawesi Selatan,,,,0,0,0,0,0,0
2026-03-23,T1,ASDP,3896,Pattumbukan,Sulawesi Selatan,,,,0,0,1,166,166,1
2026-03-24,T1,ASDP,3896,Pattumbukan,Sulawesi Selatan,,,,0,0,0,0,0,0
2026-03-25,T1,ASDP,3896,Pattumbukan,Sulawesi Selatan,,,,0,0,1,17,17,1
2026-03-26,T1,ASDP,3896,Pattumbukan,Sulawesi Selatan,,,,0,0,0,0,0,0
2026-03-27,T1,ASDP,3896,Pattumbukan,Sulawesi Selatan,,,,0,0,1,293,293,1
2026-01-01,T1,ASDP,4139,Pulau Baai,Bengkulu,,,,0,0,0,0,0,0
2026-01-02,T1,ASDP,4139,Pulau Baai,Bengkulu,,,,0,0,0,0,0,0
2026-01-03,T1,ASDP,4139,Pulau Baai,Bengkulu,,,,0,0,0,0,0,0
2026-01-04,T1,ASDP,4139,Pulau Baai,Bengkulu,,,,0,0,0,0,0,0
2026-01-05,T1,ASDP,4139,Pulau Baai,Bengkulu,,,,0,0,0,0,0,0
2026-01-06,T1,ASDP,4139,Pulau Baai,Bengkulu,,,,0,0,0,0,0,0
2026-01-09,T1,ASDP,4139,Pulau Baai,Bengkulu,,,,0,0,1,146,146,1
2026-01-14,T1,ASDP,4139,Pulau Baai,Bengkulu,,,,0,0,1,42,42,1
2026-01-16,T1,ASDP,4139,Pulau Baai,Bengkulu,,,,0,0,1,177,177,1
2026-01-18,T1,ASDP,4139,Pulau Baai,Bengkulu,,,,0,0,1,76,76,1
2026-01-19,T1,ASDP,4139,Pulau Baai,Bengkulu,,,,0,0,1,45,45,1
2026-01-22,T1,ASDP,4139,Pulau Baai,Bengkulu,,,,0,0,1,88,88,1
2026-01-23,T1,ASDP,4139,Pulau Baai,Bengkulu,,,,0,0,1,85,85,1
2026-01-25,T1,ASDP,4139,Pulau Baai,Bengkulu,,,,0,0,1,32,32,1
2026-01-26,T1,ASDP,4139,Pulau Baai,Bengkulu,,,,0,0,1,36,36,1
2026-01-28,T1,ASDP,4139,Pulau Baai,Bengkulu,,,,0,0,1,54,54,1
2026-01-30,T1,ASDP,4139,Pulau Baai,Bengkulu,,,,0,0,1,90,90,1
2026-02-01,T1,ASDP,4139,Pulau Baai,Bengkulu,,,,0,0,1,60,60,1
2026-02-02,T1,ASDP,4139,Pulau Baai,Bengkulu,,,,0,0,1,57,57,1
2026-02-04,T1,ASDP,4139,Pulau Baai,Bengkulu,,,,0,0,2,59,59,2
2026-02-05,T1,ASDP,4139,Pulau Baai,Bengkulu,,,,0,0,1,12,12,1
2026-02-06,T1,ASDP,4139,Pulau Baai,Bengkulu,,,,0,0,1,75,75,1
2026-02-08,T1,ASDP,4139,Pulau Baai,Bengkulu,,,,0,0,1,97,97,1
2026-03-01,T1,ASDP,4139,Pulau Baai,Bengkulu,,,,0,0,0,0,0,0
2026-03-02,T1,ASDP,4139,Pulau Baai,Bengkulu,,,,0,0,0,0,0,0
2026-03-03,T1,ASDP,4139,Pulau Baai,Bengkulu,,,,0,0,0,0,0,0
2026-03-04,T1,ASDP,4139,Pulau Baai,Bengkulu,,,,0,0,0,0,0,0
2026-03-05,T1,ASDP,4139,Pulau Baai,Bengkulu,,,,0,0,1,32,32,1
2026-03-06,T1,ASDP,4139,Pulau Baai,Bengkulu,,,,0,0,0,0,0,0
2026-03-07,T1,ASDP,4139,Pulau Baai,Bengkulu,,,,0,0,1,44,44,1
2026-03-08,T1,ASDP,4139,Pulau Baai,Bengkulu,,,,0,0,0,0,0,0
2026-03-09,T1,ASDP,4139,Pulau Baai,Bengkulu,,,,0,0,0,0,0,0
2026-03-10,T1,ASDP,4139,Pulau Baai,Bengkulu,,,,0,0,1,48,48,1
2026-03-11,T1,ASDP,4139,Pulau Baai,Bengkulu,,,,0,0,0,0,0,0
2026-03-12,T1,ASDP,4139,Pulau Baai,Bengkulu,,,,0,0,0,0,0,0
2026-03-13,T1,ASDP,4139,Pulau Baai,Bengkulu,,,,0,0,3,162,162,3
2026-03-14,T1,ASDP,4139,Pulau Baai,Bengkulu,,,,0,0,0,0,0,0
2026-03-15,T1,ASDP,4139,Pulau Baai,Bengkulu,,,,0,0,1,10,10,1
2026-03-16,T1,ASDP,4139,Pulau Baai,Bengkulu,,,,0,0,0,0,0,0
2026-03-17,T1,ASDP,4139,Pulau Baai,Bengkulu,,,,0,0,1,193,193,1
2026-03-18,T1,ASDP,4139,Pulau Baai,Bengkulu,,,,0,0,0,0,0,0
2026-03-19,T1,ASDP,4139,Pulau Baai,Bengkulu,,,,0,0,0,0,0,0
2026-03-20,T1,ASDP,4139,Pulau Baai,Bengkulu,,,,0,0,0,0,0,0
2026-03-21,T1,ASDP,4139,Pulau Baai,Bengkulu,,,,0,0,0,0,0,0
2026-03-22,T1,ASDP,4139,Pulau Baai,Bengkulu,,,,0,0,0,0,0,0
2026-03-23,T1,ASDP,4139,Pulau Baai,Bengkulu,,,,0,0,0,0,0,0
2026-03-24,T1,ASDP,4139,Pulau Baai,Bengkulu,,,,0,0,0,0,0,0
2026-03-25,T1,ASDP,4139,Pulau Baai,Bengkulu,,,,0,0,1,177,177,1
2026-03-26,T1,ASDP,4139,Pulau Baai,Bengkulu,,,,0,0,0,0,0,0
2026-03-27,T1,ASDP,4139,Pulau Baai,Bengkulu,,,,0,0,1,144,144,1
2026-03-28,T1,ASDP,4139,Pulau Baai,Bengkulu,,,,0,0,0,0,0,0
2026-03-29,T1,ASDP,4139,Pulau Baai,Bengkulu,,,,0,0,0,0,0,0
2026-03-30,T1,ASDP,4139,Pulau Baai,Bengkulu,,,,0,0,0,0,0,0
2026-01-01,T1,ASDP,3902,Pulau Banyak,D.I Aceh,,,,0,0,0,0,0,0
2026-01-02,T1,ASDP,3902,Pulau Banyak,D.I Aceh,,,,0,0,0,0,0,0
2026-01-03,T1,ASDP,3902,Pulau Banyak,D.I Aceh,,,,0,0,0,0,0,0
2026-01-04,T1,ASDP,3902,Pulau Banyak,D.I Aceh,,,,0,0,0,0,0,0
2026-02-08,T1,ASDP,3902,Pulau Banyak,D.I Aceh,,,,0,0,1,150,150,1
2026-02-14,T1,ASDP,3902,Pulau Banyak,D.I Aceh,,,,0,0,1,47,47,1
2026-02-15,T1,ASDP,3902,Pulau Banyak,D.I Aceh,,,,0,0,1,77,77,1
2026-02-17,T1,ASDP,3902,Pulau Banyak,D.I Aceh,,,,0,0,1,110,110,1
2026-02-19,T1,ASDP,3902,Pulau Banyak,D.I Aceh,,,,0,0,1,28,28,1
2026-02-20,T1,ASDP,3902,Pulau Banyak,D.I Aceh,,,,0,0,1,58,58,1
2026-02-22,T1,ASDP,3902,Pulau Banyak,D.I Aceh,,,,0,0,1,87,87,1
2026-02-24,T1,ASDP,3902,Pulau Banyak,D.I Aceh,,,,0,0,1,46,46,1
2026-02-26,T1,ASDP,3902,Pulau Banyak,D.I Aceh,,,,0,0,1,22,22,1
2026-02-27,T1,ASDP,3902,Pulau Banyak,D.I Aceh,,,,0,0,1,38,38,1
2026-03-01,T1,ASDP,3902,Pulau Banyak,D.I Aceh,,,,0,0,1,68,68,1
2026-03-12,T1,ASDP,3902,Pulau Banyak,D.I Aceh,,,,0,0,1,52,52,1
2026-03-13,T1,ASDP,3902,Pulau Banyak,D.I Aceh,,,,0,0,1,24,24,1
2026-03-14,T1,ASDP,3902,Pulau Banyak,D.I Aceh,,,,0,0,1,31,31,1
2026-03-15,T1,ASDP,3902,Pulau Banyak,D.I Aceh,,,,0,0,1,88,88,1
2026-03-19,T1,ASDP,3902,Pulau Banyak,D.I Aceh,,,,0,0,1,53,53,1
2026-03-23,T1,ASDP,3902,Pulau Banyak,D.I Aceh,,,,0,0,2,194,194,2
2026-03-25,T1,ASDP,3902,Pulau Banyak,D.I Aceh,,,,0,0,1,384,384,1
2026-03-26,T1,ASDP,3902,Pulau Banyak,D.I Aceh,,,,0,0,1,293,293,1
2026-03-28,T1,ASDP,3902,Pulau Banyak,D.I Aceh,,,,0,0,1,12,12,1
2026-03-29,T1,ASDP,3902,Pulau Banyak,D.I Aceh,,,,0,0,1,541,541,1
2026-04-01,T1,ASDP,3902,Pulau Banyak,D.I Aceh,,,,0,0,1,101,101,1
2026-04-03,T1,ASDP,3902,Pulau Banyak,D.I Aceh,,,,0,0,1,93,93,1
2026-04-05,T1,ASDP,3902,Pulau Banyak,D.I Aceh,,,,0,0,1,336,336,1
2026-04-07,T1,ASDP,3902,Pulau Banyak,D.I Aceh,,,,0,0,2,54,54,2
2026-04-10,T1,ASDP,3902,Pulau Banyak,D.I Aceh,,,,0,0,1,31,31,1
2026-04-12,T1,ASDP,3902,Pulau Banyak,D.I Aceh,,,,0,0,1,88,88,1
2026-04-14,T1,ASDP,3902,Pulau Banyak,D.I Aceh,,,,0,0,1,45,45,1
2026-04-16,T1,ASDP,3902,Pulau Banyak,D.I Aceh,,,,0,0,1,39,39,1
2026-04-19,T1,ASDP,3902,Pulau Banyak,D.I Aceh,,,,0,0,1,153,153,1
2026-04-21,T1,ASDP,3902,Pulau Banyak,D.I Aceh,,,,0,0,2,36,36,2
2026-04-23,T1,ASDP,3902,Pulau Banyak,D.I Aceh,,,,0,0,1,88,88,1
2026-04-26,T1,ASDP,3902,Pulau Banyak,D.I Aceh,,,,0,0,1,149,149,1
2026-04-28,T1,ASDP,3902,Pulau Banyak,D.I Aceh,,,,0,0,1,70,70,1
2026-05-01,T2,ASDP,3902,Pulau Banyak,D.I Aceh,,,,0,0,1,63,63,1
2026-05-03,T2,ASDP,3902,Pulau Banyak,D.I Aceh,,,,0,0,1,303,303,1
2026-05-04,T2,ASDP,3902,Pulau Banyak,D.I Aceh,,,,0,0,1,2,2,1
2026-05-06,T2,ASDP,3902,Pulau Banyak,D.I Aceh,,,,0,0,1,90,90,1
2026-05-08,T2,ASDP,3902,Pulau Banyak,D.I Aceh,,,,0,0,1,26,26,1
2026-05-09,T2,ASDP,3902,Pulau Banyak,D.I Aceh,,,,0,0,1,4,4,1
2026-05-10,T2,ASDP,3902,Pulau Banyak,D.I Aceh,,,,0,0,1,80,80,1
2026-05-11,T2,ASDP,3902,Pulau Banyak,D.I Aceh,,,,0,0,1,10,10,1
2026-05-13,T2,ASDP,3902,Pulau Banyak,D.I Aceh,,,,0,0,1,53,53,1
2026-05-16,T2,ASDP,3902,Pulau Banyak,D.I Aceh,,,,0,0,1,4,4,1
2026-05-17,T2,ASDP,3902,Pulau Banyak,D.I Aceh,,,,0,0,1,185,185,1
2026-05-20,T2,ASDP,3902,Pulau Banyak,D.I Aceh,,,,0,0,1,69,69,1
2026-05-21,T2,ASDP,3902,Pulau Banyak,D.I Aceh,,,,0,0,1,3,3,1
2026-05-22,T2,ASDP,3902,Pulau Banyak,D.I Aceh,,,,0,0,1,63,63,1
2026-05-23,T2,ASDP,3902,Pulau Banyak,D.I Aceh,,,,0,0,1,32,32,1
2026-05-24,T2,ASDP,3902,Pulau Banyak,D.I Aceh,,,,0,0,1,110,110,1
2026-05-26,T2,ASDP,3902,Pulau Banyak,D.I Aceh,,,,0,0,1,2,2,1
2026-05-28,T2,ASDP,3902,Pulau Banyak,D.I Aceh,,,,0,0,1,32,32,1
2026-05-31,T2,ASDP,3902,Pulau Banyak,D.I Aceh,,,,0,0,1,275,275,1
2026-06-01,T2,ASDP,3902,Pulau Banyak,D.I Aceh,,,,0,0,2,132,132,2
2026-06-03,T2,ASDP,3902,Pulau Banyak,D.I Aceh,,,,0,0,1,61,61,1
2026-06-05,T2,ASDP,3902,Pulau Banyak,D.I Aceh,,,,0,0,1,41,41,1
2026-06-07,T2,ASDP,3902,Pulau Banyak,D.I Aceh,,,,0,0,1,93,93,1
2026-06-09,T2,ASDP,3902,Pulau Banyak,D.I Aceh,,,,0,0,1,42,42,1
2026-06-11,T2,ASDP,3902,Pulau Banyak,D.I Aceh,,,,0,0,1,63,63,1
2026-06-14,T2,ASDP,3902,Pulau Banyak,D.I Aceh,,,,0,0,1,75,75,1
2026-06-16,T2,ASDP,3902,Pulau Banyak,D.I Aceh,,,,0,0,3,78,78,3
2026-06-18,T2,ASDP,3902,Pulau Banyak,D.I Aceh,,,,0,0,2,224,224,2
2026-06-21,T2,ASDP,3902,Pulau Banyak,D.I Aceh,,,,0,0,1,265,265,1
2026-06-23,T2,ASDP,3902,Pulau Banyak,D.I Aceh,,,,0,0,1,167,167,1
2026-06-25,T2,ASDP,3902,Pulau Banyak,D.I Aceh,,,,0,0,2,474,474,2
2026-06-28,T2,ASDP,3902,Pulau Banyak,D.I Aceh,,,,0,0,1,625,625,1
2026-06-30,T2,ASDP,3902,Pulau Banyak,D.I Aceh,,,,0,0,2,96,96,2
2026-07-02,T2,ASDP,3902,Pulau Banyak,D.I Aceh,,,,0,0,1,288,288,1
2026-07-03,T2,ASDP,3902,Pulau Banyak,D.I Aceh,,,,0,0,1,158,158,1
2026-07-05,T2,ASDP,3902,Pulau Banyak,D.I Aceh,,,,0,0,1,554,554,1
2026-07-07,T2,ASDP,3902,Pulau Banyak,D.I Aceh,,,,0,0,1,160,160,1
2026-07-09,T2,ASDP,3902,Pulau Banyak,D.I Aceh,,,,0,0,1,167,167,1
2026-07-12,T2,ASDP,3902,Pulau Banyak,D.I Aceh,,,,0,0,1,293,293,1
2026-07-14,T2,ASDP,3902,Pulau Banyak,D.I Aceh,,,,0,0,2,79,79,2
2026-07-16,T2,ASDP,3902,Pulau Banyak,D.I Aceh,,,,0,0,1,29,29,1
2026-07-19,T2,ASDP,3902,Pulau Banyak,D.I Aceh,,,,0,0,1,210,210,1
2026-07-21,T2,ASDP,3902,Pulau Banyak,D.I Aceh,,,,0,0,1,37,37,1
2026-07-23,T2,ASDP,3902,Pulau Banyak,D.I Aceh,,,,0,0,1,91,91,1
2026-07-26,T2,ASDP,3902,Pulau Banyak,D.I Aceh,,,,0,0,1,111,111,1
2026-07-28,T2,ASDP,3902,Pulau Banyak,D.I Aceh,,,,0,0,2,53,53,2
2026-07-30,T2,ASDP,3902,Pulau Banyak,D.I Aceh,,,,0,0,1,83,83,1
2026-08-02,T2,ASDP,3902,Pulau Banyak,D.I Aceh,,,,0,0,1,159,159,1
2026-08-03,T2,ASDP,3902,Pulau Banyak,D.I Aceh,,,,0,0,1,3,3,1
2026-08-04,T2,ASDP,3902,Pulau Banyak,D.I Aceh,,,,0,0,1,91,91,1
2026-08-06,T2,ASDP,3902,Pulau Banyak,D.I Aceh,,,,0,0,1,47,47,1
2026-08-09,T2,ASDP,3902,Pulau Banyak,D.I Aceh,,,,0,0,1,175,175,1
2026-08-10,T2,ASDP,3902,Pulau Banyak,D.I Aceh,,,,0,0,1,5,5,1
2026-08-11,T2,ASDP,3902,Pulau Banyak,D.I Aceh,,,,0,0,1,80,80,1
2026-08-13,T2,ASDP,3902,Pulau Banyak,D.I Aceh,,,,0,0,1,79,79,1
2026-08-16,T2,ASDP,3902,Pulau Banyak,D.I Aceh,,,,0,0,1,242,242,1
2026-08-17,T2,ASDP,3902,Pulau Banyak,D.I Aceh,,,,0,0,1,3,3,1
2026-08-18,T2,ASDP,3902,Pulau Banyak,D.I Aceh,,,,0,0,1,41,41,1
2026-08-19,T2,ASDP,3902,Pulau Banyak,D.I Aceh,,,,0,0,1,0,0,1
2026-08-20,T2,ASDP,3902,Pulau Banyak,D.I Aceh,,,,0,0,1,44,44,1
2026-08-23,T2,ASDP,3902,Pulau Banyak,D.I Aceh,,,,0,0,1,200,200,1
2026-08-24,T2,ASDP,3902,Pulau Banyak,D.I Aceh,,,,0,0,1,6,6,1
2026-08-25,T2,ASDP,3902,Pulau Banyak,D.I Aceh,,,,0,0,1,78,78,1
2026-08-26,T2,ASDP,3902,Pulau Banyak,D.I Aceh,,,,0,0,1,0,0,1
2026-08-27,T2,ASDP,3902,Pulau Banyak,D.I Aceh,,,,0,0,1,42,42,1
2026-08-30,T2,ASDP,3902,Pulau Banyak,D.I Aceh,,,,0,0,1,133,133,1
2026-08-31,T2,ASDP,3902,Pulau Banyak,D.I Aceh,,,,0,0,1,1,1,1
2026-09-02,T3,ASDP,3902,Pulau Banyak,D.I Aceh,,,,0,0,1,66,66,1
2026-09-03,T3,ASDP,3902,Pulau Banyak,D.I Aceh,,,,0,0,1,51,51,1
2026-09-06,T3,ASDP,3902,Pulau Banyak,D.I Aceh,,,,0,0,1,173,173,1
2026-09-07,T3,ASDP,3902,Pulau Banyak,D.I Aceh,,,,0,0,1,5,5,1
2026-09-08,T3,ASDP,3902,Pulau Banyak,D.I Aceh,,,,0,0,1,43,43,1
2026-09-09,T3,ASDP,3902,Pulau Banyak,D.I Aceh,,,,0,0,1,0,0,1
2026-09-10,T3,ASDP,3902,Pulau Banyak,D.I Aceh,,,,0,0,1,45,45,1
2026-09-13,T3,ASDP,3902,Pulau Banyak,D.I Aceh,,,,0,0,1,166,166,1
2026-09-15,T3,ASDP,3902,Pulau Banyak,D.I Aceh,,,,0,0,1,33,33,1
2026-09-17,T3,ASDP,3902,Pulau Banyak,D.I Aceh,,,,0,0,1,75,75,1
2026-09-20,T3,ASDP,3902,Pulau Banyak,D.I Aceh,,,,0,0,1,177,177,1
2026-09-22,T3,ASDP,3902,Pulau Banyak,D.I Aceh,,,,0,0,2,46,46,2
2026-09-24,T3,ASDP,3902,Pulau Banyak,D.I Aceh,,,,0,0,1,0,0,1
2026-03-11,T1,ASDP,2651,Pulau Bunyu,Kalimantan Utara,,,,0,0,6,115,115,6
2026-03-12,T1,ASDP,2651,Pulau Bunyu,Kalimantan Utara,,,,0,0,5,106,106,5
2026-03-13,T1,ASDP,2651,Pulau Bunyu,Kalimantan Utara,,,,0,0,6,166,166,6
2026-03-14,T1,ASDP,2651,Pulau Bunyu,Kalimantan Utara,,,,0,0,8,204,204,8
2026-03-15,T1,ASDP,2651,Pulau Bunyu,Kalimantan Utara,,,,0,0,6,181,181,6
2026-03-16,T1,ASDP,2651,Pulau Bunyu,Kalimantan Utara,,,,0,0,6,201,201,6
2026-03-17,T1,ASDP,2651,Pulau Bunyu,Kalimantan Utara,,,,0,0,5,148,148,5
2026-03-18,T1,ASDP,2651,Pulau Bunyu,Kalimantan Utara,,,,0,0,6,205,205,6
2026-03-19,T1,ASDP,2651,Pulau Bunyu,Kalimantan Utara,,,,0,0,7,212,212,7
2026-03-20,T1,ASDP,2651,Pulau Bunyu,Kalimantan Utara,,,,0,0,4,157,157,4
2026-03-21,T1,ASDP,2651,Pulau Bunyu,Kalimantan Utara,,,,0,0,1,39,39,1
2026-03-22,T1,ASDP,2651,Pulau Bunyu,Kalimantan Utara,,,,0,0,6,238,238,6
2026-03-23,T1,ASDP,2651,Pulau Bunyu,Kalimantan Utara,,,,0,0,6,246,246,6
2026-03-24,T1,ASDP,2651,Pulau Bunyu,Kalimantan Utara,,,,0,0,7,298,298,7
2026-03-25,T1,ASDP,2651,Pulau Bunyu,Kalimantan Utara,,,,0,0,5,214,214,5
2026-03-26,T1,ASDP,2651,Pulau Bunyu,Kalimantan Utara,,,,0,0,5,170,170,5
2026-03-27,T1,ASDP,2651,Pulau Bunyu,Kalimantan Utara,,,,0,0,1,21,21,1
2026-01-09,T1,ASDP,3326,Pulau Tello,Sumatera Utara,,,,0,0,1,21,21,1
2026-03-13,T1,ASDP,3326,Pulau Tello,Sumatera Utara,,,,0,0,2,0,0,2
2026-03-14,T1,ASDP,3326,Pulau Tello,Sumatera Utara,,,,0,0,2,0,0,2
2026-03-15,T1,ASDP,3326,Pulau Tello,Sumatera Utara,,,,0,0,1,0,0,1
2026-03-17,T1,ASDP,3326,Pulau Tello,Sumatera Utara,,,,0,0,1,0,0,1
2026-03-19,T1,ASDP,3326,Pulau Tello,Sumatera Utara,,,,0,0,1,18,18,1
2026-03-24,T1,ASDP,3326,Pulau Tello,Sumatera Utara,,,,0,0,1,52,52,1
2026-03-26,T1,ASDP,3326,Pulau Tello,Sumatera Utara,,,,0,0,1,79,79,1
2026-01-01,T1,ASDP,3179,Pure,Sulawesi Tenggara,,,,0,0,0,0,0,0
2026-01-02,T1,ASDP,3179,Pure,Sulawesi Tenggara,,,,0,0,0,0,0,0
2026-01-03,T1,ASDP,3179,Pure,Sulawesi Tenggara,,,,0,0,0,0,0,0
2026-01-04,T1,ASDP,3179,Pure,Sulawesi Tenggara,,,,0,0,0,0,0,0
2026-01-05,T1,ASDP,3179,Pure,Sulawesi Tenggara,,,,0,0,0,0,0,0
2026-03-15,T1,ASDP,3179,Pure,Sulawesi Tenggara,,,,0,0,2,87,87,2
2026-03-16,T1,ASDP,3179,Pure,Sulawesi Tenggara,,,,0,0,2,120,120,2
2026-03-17,T1,ASDP,3179,Pure,Sulawesi Tenggara,,,,0,0,3,204,204,3
2026-03-18,T1,ASDP,3179,Pure,Sulawesi Tenggara,,,,0,0,2,181,181,2
2026-03-19,T1,ASDP,3179,Pure,Sulawesi Tenggara,,,,0,0,3,142,142,3
2026-03-20,T1,ASDP,3179,Pure,Sulawesi Tenggara,,,,0,0,1,35,35,1
2026-01-01,T1,ASDP,3920,RAIJUA,Nusa Tenggara Timur,,,,0,0,0,0,0,0
2026-01-18,T1,ASDP,3920,RAIJUA,Nusa Tenggara Timur,,,,0,0,0,0,0,0
2026-03-15,T1,ASDP,3920,RAIJUA,Nusa Tenggara Timur,,,,0,0,0,0,0,0
2026-03-21,T1,ASDP,3920,RAIJUA,Nusa Tenggara Timur,,,,0,0,1,15,15,1
2026-01-01,T1,ASDP,3275,Rupat,Riau,,,,0,0,7,681,681,7
2026-01-05,T1,ASDP,3275,Rupat,Riau,,,,0,0,2,96,96,2
2026-03-13,T1,ASDP,3275,Rupat,Riau,,,,0,0,13,699,699,13
2026-03-14,T1,ASDP,3275,Rupat,Riau,,,,0,0,11,823,823,11
2026-03-15,T1,ASDP,3275,Rupat,Riau,,,,0,0,11,917,917,11
2026-03-16,T1,ASDP,3275,Rupat,Riau,,,,0,0,11,947,947,11
2026-03-17,T1,ASDP,3275,Rupat,Riau,,,,0,0,11,1064,1064,11
2026-03-18,T1,ASDP,3275,Rupat,Riau,,,,0,0,21,2837,2837,21
2026-03-19,T1,ASDP,3275,Rupat,Riau,,,,0,0,19,1735,1735,19
2026-03-20,T1,ASDP,3275,Rupat,Riau,,,,0,0,9,1201,1201,9
2026-03-21,T1,ASDP,3275,Rupat,Riau,,,,0,0,5,1018,1018,5
2026-03-22,T1,ASDP,3275,Rupat,Riau,,,,0,0,11,2347,2347,11
2026-03-23,T1,ASDP,3275,Rupat,Riau,,,,0,0,14,5827,5827,14
2026-03-24,T1,ASDP,3275,Rupat,Riau,,,,0,0,12,2216,2216,12
2026-03-25,T1,ASDP,3275,Rupat,Riau,,,,0,0,12,2307,2307,12
2026-03-26,T1,ASDP,3275,Rupat,Riau,,,,0,0,12,2056,2056,12
2026-03-27,T1,ASDP,3275,Rupat,Riau,,,,0,0,12,1760,1760,12
2026-03-28,T1,ASDP,3275,Rupat,Riau,,,,0,0,14,1941,1941,14
2026-03-29,T1,ASDP,3275,Rupat,Riau,,,,0,0,15,1505,1505,15
2026-03-30,T1,ASDP,3275,Rupat,Riau,,,,0,0,11,1001,1001,11
2026-03-31,T1,ASDP,3275,Rupat,Riau,,,,0,0,12,769,769,12
2026-04-01,T1,ASDP,3275,Rupat,Riau,,,,0,0,11,700,700,11
2026-01-03,T1,ASDP,3947,SEDANAU,Kepulauan Riau,,,,0,0,0,0,0,0
2026-03-11,T1,ASDP,3947,SEDANAU,Kepulauan Riau,,,,0,0,0,0,0,0
2026-03-12,T1,ASDP,3947,SEDANAU,Kepulauan Riau,,,,0,0,0,0,0,0
2026-03-13,T1,ASDP,3947,SEDANAU,Kepulauan Riau,,,,0,0,2,0,0,2
2026-03-14,T1,ASDP,3947,SEDANAU,Kepulauan Riau,,,,0,0,0,0,0,0
2026-03-15,T1,ASDP,3947,SEDANAU,Kepulauan Riau,,,,0,0,0,0,0,0
2026-03-16,T1,ASDP,3947,SEDANAU,Kepulauan Riau,,,,0,0,0,0,0,0
2026-03-17,T1,ASDP,3947,SEDANAU,Kepulauan Riau,,,,0,0,0,0,0,0
2026-03-18,T1,ASDP,3947,SEDANAU,Kepulauan Riau,,,,0,0,1,17,17,1
2026-03-19,T1,ASDP,3947,SEDANAU,Kepulauan Riau,,,,0,0,0,0,0,0
2026-03-20,T1,ASDP,3947,SEDANAU,Kepulauan Riau,,,,0,0,0,0,0,0
2026-03-21,T1,ASDP,3947,SEDANAU,Kepulauan Riau,,,,0,0,0,0,0,0
2026-03-22,T1,ASDP,3947,SEDANAU,Kepulauan Riau,,,,0,0,0,0,0,0
2026-03-23,T1,ASDP,3947,SEDANAU,Kepulauan Riau,,,,0,0,0,0,0,0
2026-03-24,T1,ASDP,3947,SEDANAU,Kepulauan Riau,,,,0,0,0,0,0,0
2026-03-25,T1,ASDP,3947,SEDANAU,Kepulauan Riau,,,,0,0,1,0,0,1
2026-03-26,T1,ASDP,3947,SEDANAU,Kepulauan Riau,,,,0,0,0,0,0,0
2026-03-27,T1,ASDP,3947,SEDANAU,Kepulauan Riau,,,,0,0,0,0,0,0
2026-03-28,T1,ASDP,3947,SEDANAU,Kepulauan Riau,,,,0,0,0,0,0,0
2026-03-29,T1,ASDP,3947,SEDANAU,Kepulauan Riau,,,,0,0,0,0,0,0
2026-03-30,T1,ASDP,3947,SEDANAU,Kepulauan Riau,,,,0,0,0,0,0,0
2026-05-04,T2,ASDP,3947,SEDANAU,Kepulauan Riau,,,,0,0,1,10,10,1
2026-05-08,T2,ASDP,3947,SEDANAU,Kepulauan Riau,,,,0,0,1,13,13,1
2026-05-14,T2,ASDP,3947,SEDANAU,Kepulauan Riau,,,,0,0,1,20,20,1
2026-05-18,T2,ASDP,3947,SEDANAU,Kepulauan Riau,,,,0,0,1,21,21,1
2026-05-24,T2,ASDP,3947,SEDANAU,Kepulauan Riau,,,,0,0,1,18,18,1
2026-06-04,T2,ASDP,3947,SEDANAU,Kepulauan Riau,,,,0,0,1,11,11,1
2026-06-08,T2,ASDP,3947,SEDANAU,Kepulauan Riau,,,,0,0,1,14,14,1
2026-06-14,T2,ASDP,3947,SEDANAU,Kepulauan Riau,,,,0,0,1,18,18,1
2026-06-18,T2,ASDP,3947,SEDANAU,Kepulauan Riau,,,,0,0,1,43,43,1
2026-06-24,T2,ASDP,3947,SEDANAU,Kepulauan Riau,,,,0,0,1,44,44,1
2026-06-28,T2,ASDP,3947,SEDANAU,Kepulauan Riau,,,,0,0,1,44,44,1
2026-07-04,T2,ASDP,3947,SEDANAU,Kepulauan Riau,,,,0,0,1,33,33,1
2026-07-06,T2,ASDP,3947,SEDANAU,Kepulauan Riau,,,,0,0,1,51,51,1
2026-07-12,T2,ASDP,3947,SEDANAU,Kepulauan Riau,,,,0,0,1,23,23,1
2026-07-14,T2,ASDP,3947,SEDANAU,Kepulauan Riau,,,,0,0,1,31,31,1
2026-07-19,T2,ASDP,3947,SEDANAU,Kepulauan Riau,,,,0,0,1,26,26,1
2026-07-21,T2,ASDP,3947,SEDANAU,Kepulauan Riau,,,,0,0,1,52,52,1
2026-07-26,T2,ASDP,3947,SEDANAU,Kepulauan Riau,,,,0,0,1,11,11,1
2026-07-28,T2,ASDP,3947,SEDANAU,Kepulauan Riau,,,,0,0,1,15,15,1
2026-08-03,T2,ASDP,3947,SEDANAU,Kepulauan Riau,,,,0,0,1,26,26,1
2026-08-12,T2,ASDP,3947,SEDANAU,Kepulauan Riau,,,,0,0,1,8,8,1
2026-08-19,T2,ASDP,3947,SEDANAU,Kepulauan Riau,,,,0,0,2,13,13,2
2026-08-26,T2,ASDP,3947,SEDANAU,Kepulauan Riau,,,,0,0,2,19,19,2
2026-01-10,T1,ASDP,4247,Sabutung,Sulawesi Selatan,,,,0,0,1,1,1,1
2026-01-11,T1,ASDP,4247,Sabutung,Sulawesi Selatan,,,,0,0,2,25,25,2
2026-01-12,T1,ASDP,4247,Sabutung,Sulawesi Selatan,,,,0,0,1,15,15,1
2026-01-13,T1,ASDP,4247,Sabutung,Sulawesi Selatan,,,,0,0,1,13,13,1
2026-01-16,T1,ASDP,4247,Sabutung,Sulawesi Selatan,,,,0,0,1,4,4,1
2026-01-17,T1,ASDP,4247,Sabutung,Sulawesi Selatan,,,,0,0,2,43,43,2
2026-01-18,T1,ASDP,4247,Sabutung,Sulawesi Selatan,,,,0,0,1,24,24,1
2026-01-19,T1,ASDP,4247,Sabutung,Sulawesi Selatan,,,,0,0,2,25,25,2
2026-01-20,T1,ASDP,4247,Sabutung,Sulawesi Selatan,,,,0,0,1,7,7,1
2026-01-22,T1,ASDP,4247,Sabutung,Sulawesi Selatan,,,,0,0,2,20,20,2
2026-01-23,T1,ASDP,4247,Sabutung,Sulawesi Selatan,,,,0,0,1,3,3,1
2026-01-24,T1,ASDP,4247,Sabutung,Sulawesi Selatan,,,,0,0,2,7,7,2
2026-01-25,T1,ASDP,4247,Sabutung,Sulawesi Selatan,,,,0,0,2,16,16,2
2026-01-26,T1,ASDP,4247,Sabutung,Sulawesi Selatan,,,,0,0,2,6,6,2
2026-01-27,T1,ASDP,4247,Sabutung,Sulawesi Selatan,,,,0,0,2,8,8,2
2026-01-28,T1,ASDP,4247,Sabutung,Sulawesi Selatan,,,,0,0,2,18,18,2
2026-01-29,T1,ASDP,4247,Sabutung,Sulawesi Selatan,,,,0,0,2,9,9,2
2026-02-28,T1,ASDP,4247,Sabutung,Sulawesi Selatan,,,,0,0,1,21,21,1
2026-03-01,T1,ASDP,4247,Sabutung,Sulawesi Selatan,,,,0,0,1,22,22,1
2026-03-04,T1,ASDP,4247,Sabutung,Sulawesi Selatan,,,,0,0,2,26,26,2
2026-03-05,T1,ASDP,4247,Sabutung,Sulawesi Selatan,,,,0,0,2,13,13,2
2026-03-06,T1,ASDP,4247,Sabutung,Sulawesi Selatan,,,,0,0,1,8,8,1
2026-03-07,T1,ASDP,4247,Sabutung,Sulawesi Selatan,,,,0,0,2,28,28,2
2026-03-09,T1,ASDP,4247,Sabutung,Sulawesi Selatan,,,,0,0,2,21,21,2
2026-03-11,T1,ASDP,4247,Sabutung,Sulawesi Selatan,,,,0,0,2,19,19,2
2026-03-12,T1,ASDP,4247,Sabutung,Sulawesi Selatan,,,,0,0,2,33,33,2
2026-03-21,T1,ASDP,4247,Sabutung,Sulawesi Selatan,,,,0,0,2,23,23,2
2026-03-23,T1,ASDP,4247,Sabutung,Sulawesi Selatan,,,,0,0,1,73,73,1
2026-03-29,T1,ASDP,4247,Sabutung,Sulawesi Selatan,,,,0,0,1,60,60,1
2026-03-30,T1,ASDP,4247,Sabutung,Sulawesi Selatan,,,,0,0,2,15,15,2
2026-03-31,T1,ASDP,4247,Sabutung,Sulawesi Selatan,,,,0,0,2,9,9,2
2026-04-01,T1,ASDP,4247,Sabutung,Sulawesi Selatan,,,,0,0,2,16,16,2
2026-04-02,T1,ASDP,4247,Sabutung,Sulawesi Selatan,,,,0,0,2,28,28,2
2026-04-03,T1,ASDP,4247,Sabutung,Sulawesi Selatan,,,,0,0,1,22,22,1
2026-04-05,T1,ASDP,4247,Sabutung,Sulawesi Selatan,,,,0,0,1,38,38,1
2026-04-07,T1,ASDP,4247,Sabutung,Sulawesi Selatan,,,,0,0,2,28,28,2
2026-04-08,T1,ASDP,4247,Sabutung,Sulawesi Selatan,,,,0,0,2,49,49,2
2026-04-09,T1,ASDP,4247,Sabutung,Sulawesi Selatan,,,,0,0,2,109,109,2
2026-04-10,T1,ASDP,4247,Sabutung,Sulawesi Selatan,,,,0,0,1,19,19,1
2026-04-11,T1,ASDP,4247,Sabutung,Sulawesi Selatan,,,,0,0,2,63,63,2
2026-04-13,T1,ASDP,4247,Sabutung,Sulawesi Selatan,,,,0,0,2,29,29,2
2026-04-14,T1,ASDP,4247,Sabutung,Sulawesi Selatan,,,,0,0,2,26,26,2
2026-04-15,T1,ASDP,4247,Sabutung,Sulawesi Selatan,,,,0,0,2,8,8,2
2026-04-16,T1,ASDP,4247,Sabutung,Sulawesi Selatan,,,,0,0,2,15,15,2
2026-04-17,T1,ASDP,4247,Sabutung,Sulawesi Selatan,,,,0,0,1,9,9,1
2026-04-17,T1,ASDP,4247,Sabutung,Sulawesi Selatan,,,,0,0,1,1,1,1
2026-04-18,T1,ASDP,4247,Sabutung,Sulawesi Selatan,,,,0,0,2,21,21,2
2026-04-19,T1,ASDP,4247,Sabutung,Sulawesi Selatan,,,,0,0,1,25,25,1
2026-04-22,T1,ASDP,4247,Sabutung,Sulawesi Selatan,,,,0,0,2,13,13,2
2026-04-23,T1,ASDP,4247,Sabutung,Sulawesi Selatan,,,,0,0,2,31,31,2
2026-04-24,T1,ASDP,4247,Sabutung,Sulawesi Selatan,,,,0,0,1,8,8,1
2026-04-25,T1,ASDP,4247,Sabutung,Sulawesi Selatan,,,,0,0,2,33,33,2
2026-04-26,T1,ASDP,4247,Sabutung,Sulawesi Selatan,,,,0,0,1,84,84,1
2026-04-27,T1,ASDP,4247,Sabutung,Sulawesi Selatan,,,,0,0,2,46,46,2
2026-04-28,T1,ASDP,4247,Sabutung,Sulawesi Selatan,,,,0,0,2,18,18,2
2026-04-29,T1,ASDP,4247,Sabutung,Sulawesi Selatan,,,,0,0,2,19,19,2
2026-04-30,T1,ASDP,4247,Sabutung,Sulawesi Selatan,,,,0,0,2,29,29,2
2026-05-01,T2,ASDP,4247,Sabutung,Sulawesi Selatan,,,,0,0,1,6,6,1
2026-05-01,T2,ASDP,4247,Sabutung,Sulawesi Selatan,,,,0,0,2,4,4,2
2026-05-02,T2,ASDP,4247,Sabutung,Sulawesi Selatan,,,,0,0,2,19,19,2
2026-05-03,T2,ASDP,4247,Sabutung,Sulawesi Selatan,,,,0,0,1,51,51,1
2026-05-03,T2,ASDP,4247,Sabutung,Sulawesi Selatan,,,,0,0,1,29,29,1
2026-05-04,T2,ASDP,4247,Sabutung,Sulawesi Selatan,,,,0,0,2,38,38,2
2026-05-05,T2,ASDP,4247,Sabutung,Sulawesi Selatan,,,,0,0,2,21,21,2
2026-05-06,T2,ASDP,4247,Sabutung,Sulawesi Selatan,,,,0,0,2,20,20,2
2026-05-07,T2,ASDP,4247,Sabutung,Sulawesi Selatan,,,,0,0,2,19,19,2
2026-05-08,T2,ASDP,4247,Sabutung,Sulawesi Selatan,,,,0,0,1,13,13,1
2026-05-09,T2,ASDP,4247,Sabutung,Sulawesi Selatan,,,,0,0,2,21,21,2
2026-05-10,T2,ASDP,4247,Sabutung,Sulawesi Selatan,,,,0,0,1,14,14,1
2026-05-11,T2,ASDP,4247,Sabutung,Sulawesi Selatan,,,,0,0,2,33,33,2
2026-05-12,T2,ASDP,4247,Sabutung,Sulawesi Selatan,,,,0,0,2,21,21,2
2026-05-14,T2,ASDP,4247,Sabutung,Sulawesi Selatan,,,,0,0,2,34,34,2
2026-05-21,T2,ASDP,4247,Sabutung,Sulawesi Selatan,,,,0,0,2,20,20,2
2026-05-22,T2,ASDP,4247,Sabutung,Sulawesi Selatan,,,,0,0,1,9,9,1
2026-05-27,T2,ASDP,4247,Sabutung,Sulawesi Selatan,,,,0,0,1,3,3,1
2026-05-28,T2,ASDP,4247,Sabutung,Sulawesi Selatan,,,,0,0,1,32,32,1
2026-05-29,T2,ASDP,4247,Sabutung,Sulawesi Selatan,,,,0,0,1,10,10,1
2026-06-01,T2,ASDP,4247,Sabutung,Sulawesi Selatan,,,,0,0,2,67,67,2
2026-06-02,T2,ASDP,4247,Sabutung,Sulawesi Selatan,,,,0,0,2,93,93,2
2026-06-03,T2,ASDP,4247,Sabutung,Sulawesi Selatan,,,,0,0,2,16,16,2
2026-06-05,T2,ASDP,4247,Sabutung,Sulawesi Selatan,,,,0,0,1,3,3,1
2026-06-18,T2,ASDP,4247,Sabutung,Sulawesi Selatan,,,,0,0,4,26,26,4
2026-06-19,T2,ASDP,4247,Sabutung,Sulawesi Selatan,,,,0,0,2,38,38,2
2026-06-20,T2,ASDP,4247,Sabutung,Sulawesi Selatan,,,,0,0,3,42,42,3
2026-06-21,T2,ASDP,4247,Sabutung,Sulawesi Selatan,,,,0,0,1,51,51,1
2026-06-22,T2,ASDP,4247,Sabutung,Sulawesi Selatan,,,,0,0,1,8,8,1
2026-06-23,T2,ASDP,4247,Sabutung,Sulawesi Selatan,,,,0,0,2,26,26,2
2026-06-24,T2,ASDP,4247,Sabutung,Sulawesi Selatan,,,,0,0,2,44,44,2
2026-06-25,T2,ASDP,4247,Sabutung,Sulawesi Selatan,,,,0,0,2,24,24,2
2026-06-26,T2,ASDP,4247,Sabutung,Sulawesi Selatan,,,,0,0,1,19,19,1
2026-06-27,T2,ASDP,4247,Sabutung,Sulawesi Selatan,,,,0,0,2,38,38,2
2026-06-28,T2,ASDP,4247,Sabutung,Sulawesi Selatan,,,,0,0,1,34,34,1
2026-06-29,T2,ASDP,4247,Sabutung,Sulawesi Selatan,,,,0,0,2,48,48,2
2026-06-30,T2,ASDP,4247,Sabutung,Sulawesi Selatan,,,,0,0,2,40,40,2
2026-07-01,T2,ASDP,4247,Sabutung,Sulawesi Selatan,,,,0,0,2,21,21,2
2026-08-08,T2,ASDP,4247,Sabutung,Sulawesi Selatan,,,,0,0,2,23,23,2
2026-08-09,T2,ASDP,4247,Sabutung,Sulawesi Selatan,,,,0,0,2,37,37,2
2026-08-10,T2,ASDP,4247,Sabutung,Sulawesi Selatan,,,,0,0,2,28,28,2
2026-08-11,T2,ASDP,4247,Sabutung,Sulawesi Selatan,,,,0,0,2,54,54,2
2026-08-12,T2,ASDP,4247,Sabutung,Sulawesi Selatan,,,,0,0,3,43,43,3
2026-08-13,T2,ASDP,4247,Sabutung,Sulawesi Selatan,,,,0,0,2,57,57,2
2026-08-14,T2,ASDP,4247,Sabutung,Sulawesi Selatan,,,,0,0,1,12,12,1
2026-08-15,T2,ASDP,4247,Sabutung,Sulawesi Selatan,,,,0,0,2,36,36,2
2026-08-16,T2,ASDP,4247,Sabutung,Sulawesi Selatan,,,,0,0,1,28,28,1
2026-08-20,T2,ASDP,4247,Sabutung,Sulawesi Selatan,,,,0,0,2,32,32,2
2026-08-21,T2,ASDP,4247,Sabutung,Sulawesi Selatan,,,,0,0,1,20,20,1
2026-08-22,T2,ASDP,4247,Sabutung,Sulawesi Selatan,,,,0,0,2,50,50,2
2026-08-23,T2,ASDP,4247,Sabutung,Sulawesi Selatan,,,,0,0,2,48,48,2
2026-08-24,T2,ASDP,4247,Sabutung,Sulawesi Selatan,,,,0,0,2,34,34,2
2026-08-25,T2,ASDP,4247,Sabutung,Sulawesi Selatan,,,,0,0,2,20,20,2
2026-08-27,T2,ASDP,4247,Sabutung,Sulawesi Selatan,,,,0,0,2,31,31,2
2026-08-28,T2,ASDP,4247,Sabutung,Sulawesi Selatan,,,,0,0,2,24,24,2
2026-08-29,T2,ASDP,4247,Sabutung,Sulawesi Selatan,,,,0,0,2,21,21,2
2026-08-30,T2,ASDP,4247,Sabutung,Sulawesi Selatan,,,,0,0,2,26,26,2
2026-08-31,T2,ASDP,4247,Sabutung,Sulawesi Selatan,,,,0,0,2,30,30,2
2026-09-01,T3,ASDP,4247,Sabutung,Sulawesi Selatan,,,,0,0,2,31,31,2
2026-09-02,T3,ASDP,4247,Sabutung,Sulawesi Selatan,,,,0,0,2,20,20,2
2026-09-03,T3,ASDP,4247,Sabutung,Sulawesi Selatan,,,,0,0,2,15,15,2
2026-09-04,T3,ASDP,4247,Sabutung,Sulawesi Selatan,,,,0,0,1,15,15,1
2026-09-05,T3,ASDP,4247,Sabutung,Sulawesi Selatan,,,,0,0,2,46,46,2
2026-09-06,T3,ASDP,4247,Sabutung,Sulawesi Selatan,,,,0,0,2,28,28,2
2026-09-07,T3,ASDP,4247,Sabutung,Sulawesi Selatan,,,,0,0,2,32,32,2
2026-09-08,T3,ASDP,4247,Sabutung,Sulawesi Selatan,,,,0,0,2,28,28,2
2026-09-09,T3,ASDP,4247,Sabutung,Sulawesi Selatan,,,,0,0,2,25,25,2
2026-09-10,T3,ASDP,4247,Sabutung,Sulawesi Selatan,,,,0,0,2,22,22,2
2026-09-11,T3,ASDP,4247,Sabutung,Sulawesi Selatan,,,,0,0,1,14,14,1
2026-09-12,T3,ASDP,4247,Sabutung,Sulawesi Selatan,,,,0,0,2,57,57,2
2026-09-13,T3,ASDP,4247,Sabutung,Sulawesi Selatan,,,,0,0,2,38,38,2
2026-09-14,T3,ASDP,4247,Sabutung,Sulawesi Selatan,,,,0,0,2,31,31,2
2026-09-15,T3,ASDP,4247,Sabutung,Sulawesi Selatan,,,,0,0,1,9,9,1
2026-09-16,T3,ASDP,4247,Sabutung,Sulawesi Selatan,,,,0,0,2,24,24,2
2026-09-17,T3,ASDP,4247,Sabutung,Sulawesi Selatan,,,,0,0,2,25,25,2
2026-09-18,T3,ASDP,4247,Sabutung,Sulawesi Selatan,,,,0,0,1,28,28,1
2026-09-19,T3,ASDP,4247,Sabutung,Sulawesi Selatan,,,,0,0,2,19,19,2
2026-09-20,T3,ASDP,4247,Sabutung,Sulawesi Selatan,,,,0,0,2,49,49,2
2026-09-21,T3,ASDP,4247,Sabutung,Sulawesi Selatan,,,,0,0,2,21,21,2
2026-09-22,T3,ASDP,4247,Sabutung,Sulawesi Selatan,,,,0,0,2,35,35,2
2026-01-01,T1,ASDP,3290,Sadai,Kepulauan Bangka Belitung,,,,0,0,1,97,97,1
2026-01-02,T1,ASDP,3290,Sadai,Kepulauan Bangka Belitung,,,,0,0,1,28,28,1
2026-01-03,T1,ASDP,3290,Sadai,Kepulauan Bangka Belitung,,,,0,0,1,56,56,1
2026-01-04,T1,ASDP,3290,Sadai,Kepulauan Bangka Belitung,,,,0,0,0,0,0,0
2026-03-13,T1,ASDP,3290,Sadai,Kepulauan Bangka Belitung,,,,0,0,1,28,28,1
2026-03-14,T1,ASDP,3290,Sadai,Kepulauan Bangka Belitung,,,,0,0,1,43,43,1
2026-03-15,T1,ASDP,3290,Sadai,Kepulauan Bangka Belitung,,,,0,0,0,0,0,0
2026-03-16,T1,ASDP,3290,Sadai,Kepulauan Bangka Belitung,,,,0,0,1,43,43,1
2026-03-17,T1,ASDP,3290,Sadai,Kepulauan Bangka Belitung,,,,0,0,1,29,29,1
2026-03-18,T1,ASDP,3290,Sadai,Kepulauan Bangka Belitung,,,,0,0,1,49,49,1
2026-03-19,T1,ASDP,3290,Sadai,Kepulauan Bangka Belitung,,,,0,0,1,23,23,1
2026-03-20,T1,ASDP,3290,Sadai,Kepulauan Bangka Belitung,,,,0,0,0,0,0,0
2026-03-21,T1,ASDP,3290,Sadai,Kepulauan Bangka Belitung,,,,0,0,0,0,0,0
2026-03-22,T1,ASDP,3290,Sadai,Kepulauan Bangka Belitung,,,,0,0,0,0,0,0
2026-03-23,T1,ASDP,3290,Sadai,Kepulauan Bangka Belitung,,,,0,0,1,18,18,1
2026-03-24,T1,ASDP,3290,Sadai,Kepulauan Bangka Belitung,,,,0,0,1,66,66,1
2026-03-25,T1,ASDP,3290,Sadai,Kepulauan Bangka Belitung,,,,0,0,1,82,82,1
2026-03-26,T1,ASDP,3290,Sadai,Kepulauan Bangka Belitung,,,,0,0,1,14,14,1
2026-03-27,T1,ASDP,3290,Sadai,Kepulauan Bangka Belitung,,,,0,0,1,49,49,1
2026-03-28,T1,ASDP,3290,Sadai,Kepulauan Bangka Belitung,,,,0,0,1,121,121,1
2026-03-29,T1,ASDP,3290,Sadai,Kepulauan Bangka Belitung,,,,0,0,0,0,0,0
2026-01-01,T1,ASDP,3158,Salakan (Saiyong),Sulawesi Tengah,,,,0,0,0,0,0,0
2026-01-02,T1,ASDP,3158,Salakan (Saiyong),Sulawesi Tengah,,,,0,0,0,0,0,0
2026-01-03,T1,ASDP,3158,Salakan (Saiyong),Sulawesi Tengah,,,,0,0,0,0,0,0
2026-01-04,T1,ASDP,3158,Salakan (Saiyong),Sulawesi Tengah,,,,0,0,0,0,0,0
2026-03-13,T1,ASDP,3158,Salakan (Saiyong),Sulawesi Tengah,,,,0,0,0,0,0,0
2026-03-14,T1,ASDP,3158,Salakan (Saiyong),Sulawesi Tengah,,,,0,0,2,341,341,2
2026-03-15,T1,ASDP,3158,Salakan (Saiyong),Sulawesi Tengah,,,,0,0,1,345,345,1
2026-03-16,T1,ASDP,3158,Salakan (Saiyong),Sulawesi Tengah,,,,0,0,0,0,0,0
2026-03-17,T1,ASDP,3158,Salakan (Saiyong),Sulawesi Tengah,,,,0,0,2,1096,1096,2
2026-03-18,T1,ASDP,3158,Salakan (Saiyong),Sulawesi Tengah,,,,0,0,2,257,257,2
2026-03-19,T1,ASDP,3158,Salakan (Saiyong),Sulawesi Tengah,,,,0,0,1,117,117,1
2026-03-20,T1,ASDP,3158,Salakan (Saiyong),Sulawesi Tengah,,,,0,0,0,0,0,0
2026-03-21,T1,ASDP,3158,Salakan (Saiyong),Sulawesi Tengah,,,,0,0,0,0,0,0
2026-03-22,T1,ASDP,3158,Salakan (Saiyong),Sulawesi Tengah,,,,0,0,1,336,336,1
2026-03-23,T1,ASDP,3158,Salakan (Saiyong),Sulawesi Tengah,,,,0,0,0,0,0,0
2026-03-24,T1,ASDP,3158,Salakan (Saiyong),Sulawesi Tengah,,,,0,0,1,567,567,1
2026-03-25,T1,ASDP,3158,Salakan (Saiyong),Sulawesi Tengah,,,,0,0,2,638,638,2
2026-03-26,T1,ASDP,3158,Salakan (Saiyong),Sulawesi Tengah,,,,0,0,1,415,415,1
2026-03-27,T1,ASDP,3158,Salakan (Saiyong),Sulawesi Tengah,,,,0,0,0,0,0,0
2026-03-28,T1,ASDP,3158,Salakan (Saiyong),Sulawesi Tengah,,,,0,0,1,737,737,1
2026-03-29,T1,ASDP,3158,Salakan (Saiyong),Sulawesi Tengah,,,,0,0,0,0,0,0
2026-01-01,T1,ASDP,3932,Salawati,Papua Barat,,,,0,0,0,0,0,0
2026-01-02,T1,ASDP,3932,Salawati,Papua Barat,,,,0,0,0,0,0,0
2026-01-03,T1,ASDP,3932,Salawati,Papua Barat,,,,0,0,0,0,0,0
2026-01-04,T1,ASDP,3932,Salawati,Papua Barat,,,,0,0,1,75,75,1
2026-01-11,T1,ASDP,3932,Salawati,Papua Barat,,,,0,0,1,35,35,1
2026-01-18,T1,ASDP,3932,Salawati,Papua Barat,,,,0,0,1,51,51,1
2026-01-25,T1,ASDP,3932,Salawati,Papua Barat,,,,0,0,1,89,89,1
2026-02-01,T1,ASDP,3932,Salawati,Papua Barat,,,,0,0,1,40,40,1
2026-02-08,T1,ASDP,3932,Salawati,Papua Barat,,,,0,0,1,68,68,1
2026-02-15,T1,ASDP,3932,Salawati,Papua Barat,,,,0,0,1,91,91,1
2026-02-22,T1,ASDP,3932,Salawati,Papua Barat,,,,0,0,1,44,44,1
2026-03-01,T1,ASDP,3932,Salawati,Papua Barat,,,,0,0,1,60,60,1
2026-03-08,T1,ASDP,3932,Salawati,Papua Barat,,,,0,0,1,75,75,1
2026-03-13,T1,ASDP,3932,Salawati,Papua Barat,,,,0,0,0,0,0,0
2026-03-14,T1,ASDP,3932,Salawati,Papua Barat,,,,0,0,0,0,0,0
2026-03-15,T1,ASDP,3932,Salawati,Papua Barat,,,,0,0,1,122,122,1
2026-03-16,T1,ASDP,3932,Salawati,Papua Barat,,,,0,0,0,0,0,0
2026-03-23,T1,ASDP,3932,Salawati,Papua Barat,,,,0,0,1,196,196,1
2026-03-29,T1,ASDP,3932,Salawati,Papua Barat,,,,0,0,1,69,69,1
2026-04-05,T1,ASDP,3932,Salawati,Papua Barat,,,,0,0,1,56,56,1
2026-04-12,T1,ASDP,3932,Salawati,Papua Barat,,,,0,0,1,45,45,1
2026-04-19,T1,ASDP,3932,Salawati,Papua Barat,,,,0,0,1,29,29,1
2026-05-17,T2,ASDP,3932,Salawati,Papua Barat,,,,0,0,1,89,89,1
2026-05-24,T2,ASDP,3932,Salawati,Papua Barat,,,,0,0,1,55,55,1
2026-05-31,T2,ASDP,3932,Salawati,Papua Barat,,,,0,0,1,35,35,1
2026-06-07,T2,ASDP,3932,Salawati,Papua Barat,,,,0,0,1,73,73,1
2026-06-14,T2,ASDP,3932,Salawati,Papua Barat,,,,0,0,1,87,87,1
2026-06-21,T2,ASDP,3932,Salawati,Papua Barat,,,,0,0,1,96,96,1
2026-06-28,T2,ASDP,3932,Salawati,Papua Barat,,,,0,0,1,45,45,1
2026-07-05,T2,ASDP,3932,Salawati,Papua Barat,,,,0,0,1,51,51,1
2026-07-12,T2,ASDP,3932,Salawati,Papua Barat,,,,0,0,1,60,60,1
2026-07-19,T2,ASDP,3932,Salawati,Papua Barat,,,,0,0,1,50,50,1
2026-07-26,T2,ASDP,3932,Salawati,Papua Barat,,,,0,0,1,46,46,1
2026-09-06,T3,ASDP,3932,Salawati,Papua Barat,,,,0,0,1,53,53,1
2026-09-13,T3,ASDP,3932,Salawati,Papua Barat,,,,0,0,1,99,99,1
2026-09-20,T3,ASDP,3932,Salawati,Papua Barat,,,,0,0,1,64,64,1
2026-01-03,T1,ASDP,3938,Saparua,Maluku,,,,0,0,0,0,0,0
2026-01-04,T1,ASDP,3938,Saparua,Maluku,,,,0,0,0,0,0,0
2026-01-09,T1,ASDP,3938,Saparua,Maluku,,,,0,0,0,0,0,0
2026-03-14,T1,ASDP,3938,Saparua,Maluku,,,,0,0,0,0,0,0
2026-03-17,T1,ASDP,3938,Saparua,Maluku,,,,0,0,1,122,122,1
2026-03-19,T1,ASDP,3938,Saparua,Maluku,,,,0,0,1,104,104,1
2026-03-27,T1,ASDP,3938,Saparua,Maluku,,,,0,0,0,0,0,0
2026-03-28,T1,ASDP,3938,Saparua,Maluku,,,,0,0,0,0,0,0
2026-01-01,T1,ASDP,3632,Sapeken,Jawa Timur,,,,0,0,0,0,0,0
2026-01-02,T1,ASDP,3632,Sapeken,Jawa Timur,,,,0,0,0,0,0,0
2026-01-03,T1,ASDP,3632,Sapeken,Jawa Timur,,,,0,0,0,0,0,0
2026-03-11,T1,ASDP,3632,Sapeken,Jawa Timur,,,,0,0,0,0,0,0
2026-03-12,T1,ASDP,3632,Sapeken,Jawa Timur,,,,0,0,0,0,0,0
2026-03-13,T1,ASDP,3632,Sapeken,Jawa Timur,,,,0,0,0,0,0,0
2026-03-14,T1,ASDP,3632,Sapeken,Jawa Timur,,,,0,0,0,0,0,0
2026-03-15,T1,ASDP,3632,Sapeken,Jawa Timur,,,,0,0,0,0,0,0
2026-03-16,T1,ASDP,3632,Sapeken,Jawa Timur,,,,0,0,0,0,0,0
2026-03-17,T1,ASDP,3632,Sapeken,Jawa Timur,,,,0,0,0,0,0,0
2026-03-18,T1,ASDP,3632,Sapeken,Jawa Timur,,,,0,0,0,0,0,0
2026-03-19,T1,ASDP,3632,Sapeken,Jawa Timur,,,,0,0,0,0,0,0
2026-03-20,T1,ASDP,3632,Sapeken,Jawa Timur,,,,0,0,0,0,0,0
2026-03-21,T1,ASDP,3632,Sapeken,Jawa Timur,,,,0,0,0,0,0,0
2026-03-22,T1,ASDP,3632,Sapeken,Jawa Timur,,,,0,0,0,0,0,0
2026-03-23,T1,ASDP,3632,Sapeken,Jawa Timur,,,,0,0,0,0,0,0
2026-03-24,T1,ASDP,3632,Sapeken,Jawa Timur,,,,0,0,0,0,0,0
2026-03-25,T1,ASDP,3632,Sapeken,Jawa Timur,,,,0,0,0,0,0,0
2026-03-26,T1,ASDP,3632,Sapeken,Jawa Timur,,,,0,0,0,0,0,0
2026-03-27,T1,ASDP,3632,Sapeken,Jawa Timur,,,,0,0,0,0,0,0
2026-03-28,T1,ASDP,3632,Sapeken,Jawa Timur,,,,0,0,0,0,0,0
2026-03-29,T1,ASDP,3632,Sapeken,Jawa Timur,,,,0,0,0,0,0,0
2026-03-30,T1,ASDP,3632,Sapeken,Jawa Timur,,,,0,0,0,0,0,0
2026-03-31,T1,ASDP,3632,Sapeken,Jawa Timur,,,,0,0,0,0,0,0
2026-04-27,T1,ASDP,3632,Sapeken,Jawa Timur,,,,0,0,0,0,0,0
2026-04-28,T1,ASDP,3632,Sapeken,Jawa Timur,,,,0,0,0,0,0,0
2026-04-29,T1,ASDP,3632,Sapeken,Jawa Timur,,,,0,0,0,0,0,0
2026-01-03,T1,ASDP,3641,Saumlaki,Maluku,,,,0,0,0,0,0,0
2026-01-04,T1,ASDP,3641,Saumlaki,Maluku,,,,0,0,0,0,0,0
2026-01-09,T1,ASDP,3641,Saumlaki,Maluku,,,,0,0,0,0,0,0
2026-03-14,T1,ASDP,3641,Saumlaki,Maluku,,,,0,0,0,0,0,0
2026-03-16,T1,ASDP,3641,Saumlaki,Maluku,,,,0,0,0,0,0,0
2026-03-27,T1,ASDP,3641,Saumlaki,Maluku,,,,0,0,0,0,0,0
2026-03-28,T1,ASDP,3641,Saumlaki,Maluku,,,,0,0,0,0,0,0
2026-01-01,T1,ASDP,3944,Sebuku,Kalimantan Selatan,,,,0,0,1,91,91,1
2026-01-02,T1,ASDP,3944,Sebuku,Kalimantan Selatan,,,,0,0,1,123,123,1
2026-01-03,T1,ASDP,3944,Sebuku,Kalimantan Selatan,,,,0,0,1,65,65,1
2026-01-04,T1,ASDP,3944,Sebuku,Kalimantan Selatan,,,,0,0,1,207,207,1
2026-01-05,T1,ASDP,3944,Sebuku,Kalimantan Selatan,,,,0,0,1,86,86,1
2026-01-06,T1,ASDP,3944,Sebuku,Kalimantan Selatan,,,,0,0,1,115,115,1
2026-01-07,T1,ASDP,3944,Sebuku,Kalimantan Selatan,,,,0,0,1,59,59,1
2026-01-08,T1,ASDP,3944,Sebuku,Kalimantan Selatan,,,,0,0,1,86,86,1
2026-01-09,T1,ASDP,3944,Sebuku,Kalimantan Selatan,,,,0,0,1,78,78,1
2026-01-10,T1,ASDP,3944,Sebuku,Kalimantan Selatan,,,,0,0,1,87,87,1
2026-01-11,T1,ASDP,3944,Sebuku,Kalimantan Selatan,,,,0,0,1,101,101,1
2026-01-12,T1,ASDP,3944,Sebuku,Kalimantan Selatan,,,,0,0,1,63,63,1
2026-01-13,T1,ASDP,3944,Sebuku,Kalimantan Selatan,,,,0,0,1,70,70,1
2026-01-14,T1,ASDP,3944,Sebuku,Kalimantan Selatan,,,,0,0,1,54,54,1
2026-01-15,T1,ASDP,3944,Sebuku,Kalimantan Selatan,,,,0,0,1,55,55,1
2026-01-16,T1,ASDP,3944,Sebuku,Kalimantan Selatan,,,,0,0,1,61,61,1
2026-01-17,T1,ASDP,3944,Sebuku,Kalimantan Selatan,,,,0,0,1,87,87,1
2026-01-18,T1,ASDP,3944,Sebuku,Kalimantan Selatan,,,,0,0,1,122,122,1
2026-01-19,T1,ASDP,3944,Sebuku,Kalimantan Selatan,,,,0,0,1,64,64,1
2026-01-20,T1,ASDP,3944,Sebuku,Kalimantan Selatan,,,,0,0,1,55,55,1
2026-01-21,T1,ASDP,3944,Sebuku,Kalimantan Selatan,,,,0,0,1,64,64,1
2026-01-22,T1,ASDP,3944,Sebuku,Kalimantan Selatan,,,,0,0,1,61,61,1
2026-01-23,T1,ASDP,3944,Sebuku,Kalimantan Selatan,,,,0,0,1,55,55,1
2026-01-24,T1,ASDP,3944,Sebuku,Kalimantan Selatan,,,,0,0,1,71,71,1
2026-01-25,T1,ASDP,3944,Sebuku,Kalimantan Selatan,,,,0,0,1,99,99,1
2026-01-26,T1,ASDP,3944,Sebuku,Kalimantan Selatan,,,,0,0,1,79,79,1
2026-01-27,T1,ASDP,3944,Sebuku,Kalimantan Selatan,,,,0,0,1,74,74,1
2026-01-28,T1,ASDP,3944,Sebuku,Kalimantan Selatan,,,,0,0,1,58,58,1
2026-01-29,T1,ASDP,3944,Sebuku,Kalimantan Selatan,,,,0,0,1,73,73,1
2026-01-30,T1,ASDP,3944,Sebuku,Kalimantan Selatan,,,,0,0,1,88,88,1
2026-01-31,T1,ASDP,3944,Sebuku,Kalimantan Selatan,,,,0,0,1,56,56,1
2026-02-01,T1,ASDP,3944,Sebuku,Kalimantan Selatan,,,,0,0,1,132,132,1
2026-02-02,T1,ASDP,3944,Sebuku,Kalimantan Selatan,,,,0,0,1,106,106,1
2026-02-03,T1,ASDP,3944,Sebuku,Kalimantan Selatan,,,,0,0,1,84,84,1
2026-02-04,T1,ASDP,3944,Sebuku,Kalimantan Selatan,,,,0,0,1,83,83,1
2026-02-05,T1,ASDP,3944,Sebuku,Kalimantan Selatan,,,,0,0,1,117,117,1
2026-02-06,T1,ASDP,3944,Sebuku,Kalimantan Selatan,,,,0,0,1,95,95,1
2026-02-07,T1,ASDP,3944,Sebuku,Kalimantan Selatan,,,,0,0,1,89,89,1
2026-02-08,T1,ASDP,3944,Sebuku,Kalimantan Selatan,,,,0,0,1,102,102,1
2026-02-09,T1,ASDP,3944,Sebuku,Kalimantan Selatan,,,,0,0,1,83,83,1
2026-02-10,T1,ASDP,3944,Sebuku,Kalimantan Selatan,,,,0,0,1,77,77,1
2026-02-11,T1,ASDP,3944,Sebuku,Kalimantan Selatan,,,,0,0,1,80,80,1
2026-02-12,T1,ASDP,3944,Sebuku,Kalimantan Selatan,,,,0,0,1,80,80,1
2026-02-13,T1,ASDP,3944,Sebuku,Kalimantan Selatan,,,,0,0,1,59,59,1
2026-02-14,T1,ASDP,3944,Sebuku,Kalimantan Selatan,,,,0,0,1,70,70,1
2026-02-15,T1,ASDP,3944,Sebuku,Kalimantan Selatan,,,,0,0,1,75,75,1
2026-02-16,T1,ASDP,3944,Sebuku,Kalimantan Selatan,,,,0,0,1,79,79,1
2026-02-17,T1,ASDP,3944,Sebuku,Kalimantan Selatan,,,,0,0,1,92,92,1
2026-02-18,T1,ASDP,3944,Sebuku,Kalimantan Selatan,,,,0,0,1,37,37,1
2026-02-19,T1,ASDP,3944,Sebuku,Kalimantan Selatan,,,,0,0,1,70,70,1
2026-02-20,T1,ASDP,3944,Sebuku,Kalimantan Selatan,,,,0,0,1,63,63,1
2026-02-21,T1,ASDP,3944,Sebuku,Kalimantan Selatan,,,,0,0,1,83,83,1
2026-02-22,T1,ASDP,3944,Sebuku,Kalimantan Selatan,,,,0,0,1,64,64,1
2026-02-23,T1,ASDP,3944,Sebuku,Kalimantan Selatan,,,,0,0,1,64,64,1
2026-02-24,T1,ASDP,3944,Sebuku,Kalimantan Selatan,,,,0,0,1,46,46,1
2026-02-25,T1,ASDP,3944,Sebuku,Kalimantan Selatan,,,,0,0,1,56,56,1
2026-02-26,T1,ASDP,3944,Sebuku,Kalimantan Selatan,,,,0,0,1,55,55,1
2026-02-27,T1,ASDP,3944,Sebuku,Kalimantan Selatan,,,,0,0,1,87,87,1
2026-02-28,T1,ASDP,3944,Sebuku,Kalimantan Selatan,,,,0,0,1,80,80,1
2026-03-01,T1,ASDP,3944,Sebuku,Kalimantan Selatan,,,,0,0,1,102,102,1
2026-03-02,T1,ASDP,3944,Sebuku,Kalimantan Selatan,,,,0,0,1,73,73,1
2026-03-03,T1,ASDP,3944,Sebuku,Kalimantan Selatan,,,,0,0,1,90,90,1
2026-03-04,T1,ASDP,3944,Sebuku,Kalimantan Selatan,,,,0,0,1,71,71,1
2026-03-05,T1,ASDP,3944,Sebuku,Kalimantan Selatan,,,,0,0,1,72,72,1
2026-03-06,T1,ASDP,3944,Sebuku,Kalimantan Selatan,,,,0,0,1,82,82,1
2026-03-07,T1,ASDP,3944,Sebuku,Kalimantan Selatan,,,,0,0,1,78,78,1
2026-03-08,T1,ASDP,3944,Sebuku,Kalimantan Selatan,,,,0,0,1,69,69,1
2026-03-09,T1,ASDP,3944,Sebuku,Kalimantan Selatan,,,,0,0,1,94,94,1
2026-03-10,T1,ASDP,3944,Sebuku,Kalimantan Selatan,,,,0,0,2,179,179,2
2026-03-11,T1,ASDP,3944,Sebuku,Kalimantan Selatan,,,,0,0,1,72,72,1
2026-03-12,T1,ASDP,3944,Sebuku,Kalimantan Selatan,,,,0,0,1,62,62,1
2026-03-13,T1,ASDP,3944,Sebuku,Kalimantan Selatan,,,,0,0,1,104,104,1
2026-03-14,T1,ASDP,3944,Sebuku,Kalimantan Selatan,,,,0,0,1,86,86,1
2026-03-15,T1,ASDP,3944,Sebuku,Kalimantan Selatan,,,,0,0,1,79,79,1
2026-03-16,T1,ASDP,3944,Sebuku,Kalimantan Selatan,,,,0,0,1,80,80,1
2026-03-17,T1,ASDP,3944,Sebuku,Kalimantan Selatan,,,,0,0,1,73,73,1
2026-03-18,T1,ASDP,3944,Sebuku,Kalimantan Selatan,,,,0,0,1,138,138,1
2026-03-19,T1,ASDP,3944,Sebuku,Kalimantan Selatan,,,,0,0,1,119,119,1
2026-03-20,T1,ASDP,3944,Sebuku,Kalimantan Selatan,,,,0,0,1,67,67,1
2026-03-22,T1,ASDP,3944,Sebuku,Kalimantan Selatan,,,,0,0,1,193,193,1
2026-03-23,T1,ASDP,3944,Sebuku,Kalimantan Selatan,,,,0,0,1,179,179,1
2026-03-24,T1,ASDP,3944,Sebuku,Kalimantan Selatan,,,,0,0,1,166,166,1
2026-03-25,T1,ASDP,3944,Sebuku,Kalimantan Selatan,,,,0,0,1,131,131,1
2026-03-26,T1,ASDP,3944,Sebuku,Kalimantan Selatan,,,,0,0,1,115,115,1
2026-03-27,T1,ASDP,3944,Sebuku,Kalimantan Selatan,,,,0,0,1,87,87,1
2026-03-28,T1,ASDP,3944,Sebuku,Kalimantan Selatan,,,,0,0,1,132,132,1
2026-03-29,T1,ASDP,3944,Sebuku,Kalimantan Selatan,,,,0,0,1,143,143,1
2026-03-15,T1,ASDP,3647,Sei Jepun,Kalimantan Utara,,,,0,0,0,0,0,0
2026-01-04,T1,ASDP,3950,Sei Selari,Riau,,,,0,0,0,0,0,0
2026-03-29,T1,ASDP,3950,Sei Selari,Riau,,,,0,0,0,0,0,0
2026-01-01,T1,ASDP,3956,Siau,Sulawesi Utara,,,,0,0,0,0,0,0
2026-01-02,T1,ASDP,3956,Siau,Sulawesi Utara,,,,0,0,0,0,0,0
2026-01-03,T1,ASDP,3956,Siau,Sulawesi Utara,,,,0,0,0,0,0,0
2026-03-19,T1,ASDP,3956,Siau,Sulawesi Utara,,,,0,0,1,16,16,1
2026-03-22,T1,ASDP,3956,Siau,Sulawesi Utara,,,,0,0,1,8,8,1
2026-03-25,T1,ASDP,3956,Siau,Sulawesi Utara,,,,0,0,1,19,19,1
2026-01-01,T1,ASDP,3302,Siberut,Sumatera Barat,,,,0,0,0,0,0,0
2026-01-02,T1,ASDP,3302,Siberut,Sumatera Barat,,,,0,0,0,0,0,0
2026-01-03,T1,ASDP,3302,Siberut,Sumatera Barat,,,,0,0,1,254,254,1
2026-01-04,T1,ASDP,3302,Siberut,Sumatera Barat,,,,0,0,0,0,0,0
2026-01-05,T1,ASDP,3302,Siberut,Sumatera Barat,,,,0,0,0,0,0,0
2026-03-13,T1,ASDP,3302,Siberut,Sumatera Barat,,,,0,0,0,0,0,0
2026-03-14,T1,ASDP,3302,Siberut,Sumatera Barat,,,,0,0,2,128,128,2
2026-03-16,T1,ASDP,3302,Siberut,Sumatera Barat,,,,0,0,1,28,28,1
2026-03-17,T1,ASDP,3302,Siberut,Sumatera Barat,,,,0,0,1,4,4,1
2026-03-18,T1,ASDP,3302,Siberut,Sumatera Barat,,,,0,0,0,0,0,0
2026-03-19,T1,ASDP,3302,Siberut,Sumatera Barat,,,,0,0,0,0,0,0
2026-03-20,T1,ASDP,3302,Siberut,Sumatera Barat,,,,0,0,0,0,0,0
2026-03-21,T1,ASDP,3302,Siberut,Sumatera Barat,,,,0,0,0,0,0,0
2026-03-22,T1,ASDP,3302,Siberut,Sumatera Barat,,,,0,0,1,59,59,1
2026-03-23,T1,ASDP,3302,Siberut,Sumatera Barat,,,,0,0,0,0,0,0
2026-03-24,T1,ASDP,3302,Siberut,Sumatera Barat,,,,0,0,0,0,0,0
2026-03-25,T1,ASDP,3302,Siberut,Sumatera Barat,,,,0,0,0,0,0,0
2026-03-26,T1,ASDP,3302,Siberut,Sumatera Barat,,,,0,0,1,30,30,1
2026-03-27,T1,ASDP,3302,Siberut,Sumatera Barat,,,,0,0,0,0,0,0
2026-03-28,T1,ASDP,3302,Siberut,Sumatera Barat,,,,0,0,2,114,114,2
2026-03-29,T1,ASDP,3302,Siberut,Sumatera Barat,,,,0,0,1,14,14,1
2026-03-30,T1,ASDP,3302,Siberut,Sumatera Barat,,,,0,0,0,0,0,0
2026-01-01,T1,ASDP,3305,Sikabaluan,Sumatera Barat,,,,0,0,0,0,0,0
2026-01-02,T1,ASDP,3305,Sikabaluan,Sumatera Barat,,,,0,0,0,0,0,0
2026-01-03,T1,ASDP,3305,Sikabaluan,Sumatera Barat,,,,0,0,0,0,0,0
2026-01-04,T1,ASDP,3305,Sikabaluan,Sumatera Barat,,,,0,0,0,0,0,0
2026-01-05,T1,ASDP,3305,Sikabaluan,Sumatera Barat,,,,0,0,0,0,0,0
2026-03-13,T1,ASDP,3305,Sikabaluan,Sumatera Barat,,,,0,0,0,0,0,0
2026-03-14,T1,ASDP,3305,Sikabaluan,Sumatera Barat,,,,0,0,0,0,0,0
2026-03-15,T1,ASDP,3305,Sikabaluan,Sumatera Barat,,,,0,0,0,0,0,0
2026-03-16,T1,ASDP,3305,Sikabaluan,Sumatera Barat,,,,0,0,0,0,0,0
2026-03-17,T1,ASDP,3305,Sikabaluan,Sumatera Barat,,,,0,0,0,0,0,0
2026-03-18,T1,ASDP,3305,Sikabaluan,Sumatera Barat,,,,0,0,1,37,37,1
2026-03-19,T1,ASDP,3305,Sikabaluan,Sumatera Barat,,,,0,0,0,0,0,0
2026-03-20,T1,ASDP,3305,Sikabaluan,Sumatera Barat,,,,0,0,0,0,0,0
2026-03-21,T1,ASDP,3305,Sikabaluan,Sumatera Barat,,,,0,0,0,0,0,0
2026-03-22,T1,ASDP,3305,Sikabaluan,Sumatera Barat,,,,0,0,0,0,0,0
2026-03-23,T1,ASDP,3305,Sikabaluan,Sumatera Barat,,,,0,0,0,0,0,0
2026-03-24,T1,ASDP,3305,Sikabaluan,Sumatera Barat,,,,0,0,0,0,0,0
2026-03-25,T1,ASDP,3305,Sikabaluan,Sumatera Barat,,,,0,0,1,83,83,1
2026-03-26,T1,ASDP,3305,Sikabaluan,Sumatera Barat,,,,0,0,0,0,0,0
2026-03-27,T1,ASDP,3305,Sikabaluan,Sumatera Barat,,,,0,0,0,0,0,0
2026-03-28,T1,ASDP,3305,Sikabaluan,Sumatera Barat,,,,0,0,0,0,0,0
2026-03-29,T1,ASDP,3305,Sikabaluan,Sumatera Barat,,,,0,0,0,0,0,0
2026-03-30,T1,ASDP,3305,Sikabaluan,Sumatera Barat,,,,0,0,0,0,0,0
2026-06-23,T2,ASDP,3305,Sikabaluan,Sumatera Barat,,,,0,0,1,145,145,1
2026-01-01,T1,ASDP,3299,Sikakap,Sumatera Barat,,,,0,0,1,51,51,1
2026-01-03,T1,ASDP,3299,Sikakap,Sumatera Barat,,,,0,0,0,0,0,0
2026-01-04,T1,ASDP,3299,Sikakap,Sumatera Barat,,,,0,0,0,0,0,0
2026-01-05,T1,ASDP,3299,Sikakap,Sumatera Barat,,,,0,0,1,163,163,1
2026-03-13,T1,ASDP,3299,Sikakap,Sumatera Barat,,,,0,0,1,18,18,1
2026-03-14,T1,ASDP,3299,Sikakap,Sumatera Barat,,,,0,0,0,0,0,0
2026-03-15,T1,ASDP,3299,Sikakap,Sumatera Barat,,,,0,0,0,0,0,0
2026-03-16,T1,ASDP,3299,Sikakap,Sumatera Barat,,,,0,0,1,56,56,1
2026-03-17,T1,ASDP,3299,Sikakap,Sumatera Barat,,,,0,0,0,0,0,0
2026-03-18,T1,ASDP,3299,Sikakap,Sumatera Barat,,,,0,0,0,0,0,0
2026-03-19,T1,ASDP,3299,Sikakap,Sumatera Barat,,,,0,0,0,0,0,0
2026-03-20,T1,ASDP,3299,Sikakap,Sumatera Barat,,,,0,0,0,0,0,0
2026-03-21,T1,ASDP,3299,Sikakap,Sumatera Barat,,,,0,0,0,0,0,0
2026-03-22,T1,ASDP,3299,Sikakap,Sumatera Barat,,,,0,0,0,0,0,0
2026-03-23,T1,ASDP,3299,Sikakap,Sumatera Barat,,,,0,0,1,38,38,1
2026-03-24,T1,ASDP,3299,Sikakap,Sumatera Barat,,,,0,0,0,0,0,0
2026-03-25,T1,ASDP,3299,Sikakap,Sumatera Barat,,,,0,0,0,0,0,0
2026-03-26,T1,ASDP,3299,Sikakap,Sumatera Barat,,,,0,0,0,0,0,0
2026-03-27,T1,ASDP,3299,Sikakap,Sumatera Barat,,,,0,0,1,25,25,1
2026-03-28,T1,ASDP,3299,Sikakap,Sumatera Barat,,,,0,0,0,0,0,0
2026-03-29,T1,ASDP,3299,Sikakap,Sumatera Barat,,,,0,0,0,0,0,0
2026-03-30,T1,ASDP,3299,Sikakap,Sumatera Barat,,,,0,0,1,52,52,1
2026-06-24,T2,ASDP,3299,Sikakap,Sumatera Barat,,,,0,0,1,227,227,1
2026-01-01,T1,ASDP,2768,Simanindo,Sumatera Utara,,,,0,0,42,2493,2493,42
2026-01-02,T1,ASDP,2768,Simanindo,Sumatera Utara,,,,0,0,23,1427,1427,23
2026-01-03,T1,ASDP,2768,Simanindo,Sumatera Utara,,,,0,0,26,1532,1532,26
2026-01-04,T1,ASDP,2768,Simanindo,Sumatera Utara,,,,0,0,28,1616,1616,28
2026-01-05,T1,ASDP,2768,Simanindo,Sumatera Utara,,,,0,0,34,1811,1811,34
2026-01-06,T1,ASDP,2768,Simanindo,Sumatera Utara,,,,0,0,63,2818,2818,63
2026-01-07,T1,ASDP,2768,Simanindo,Sumatera Utara,,,,0,0,26,897,897,26
2026-01-08,T1,ASDP,2768,Simanindo,Sumatera Utara,,,,0,0,14,608,608,14
2026-01-09,T1,ASDP,2768,Simanindo,Sumatera Utara,,,,0,0,26,870,870,26
2026-01-10,T1,ASDP,2768,Simanindo,Sumatera Utara,,,,0,0,27,899,899,27
2026-01-11,T1,ASDP,2768,Simanindo,Sumatera Utara,,,,0,0,28,930,930,28
2026-01-12,T1,ASDP,2768,Simanindo,Sumatera Utara,,,,0,0,14,462,462,14
2026-01-13,T1,ASDP,2768,Simanindo,Sumatera Utara,,,,0,0,14,473,473,14
2026-03-13,T1,ASDP,2768,Simanindo,Sumatera Utara,,,,0,0,6,71,71,6
2026-03-14,T1,ASDP,2768,Simanindo,Sumatera Utara,,,,0,0,3,54,54,3
2026-03-15,T1,ASDP,2768,Simanindo,Sumatera Utara,,,,0,0,10,149,149,10
2026-03-16,T1,ASDP,2768,Simanindo,Sumatera Utara,,,,0,0,6,72,72,6
2026-03-17,T1,ASDP,2768,Simanindo,Sumatera Utara,,,,0,0,7,126,126,7
2026-03-18,T1,ASDP,2768,Simanindo,Sumatera Utara,,,,0,0,14,298,298,14
2026-03-19,T1,ASDP,2768,Simanindo,Sumatera Utara,,,,0,0,11,303,303,11
2026-01-04,T1,ASDP,3674,Singkil,D.I Aceh,,,,0,0,1,36,36,1
2026-02-13,T1,ASDP,3674,Singkil,D.I Aceh,,,,0,0,2,216,216,2
2026-02-14,T1,ASDP,3674,Singkil,D.I Aceh,,,,0,0,1,41,41,1
2026-02-16,T1,ASDP,3674,Singkil,D.I Aceh,,,,0,0,2,250,250,2
2026-02-17,T1,ASDP,3674,Singkil,D.I Aceh,,,,0,0,2,124,124,2
2026-02-19,T1,ASDP,3674,Singkil,D.I Aceh,,,,0,0,1,46,46,1
2026-02-20,T1,ASDP,3674,Singkil,D.I Aceh,,,,0,0,2,111,111,2
2026-02-23,T1,ASDP,3674,Singkil,D.I Aceh,,,,0,0,2,144,144,2
2026-02-25,T1,ASDP,3674,Singkil,D.I Aceh,,,,0,0,1,43,43,1
2026-02-26,T1,ASDP,3674,Singkil,D.I Aceh,,,,0,0,1,49,49,1
2026-02-27,T1,ASDP,3674,Singkil,D.I Aceh,,,,0,0,2,171,171,2
2026-03-06,T1,ASDP,3674,Singkil,D.I Aceh,,,,0,0,1,104,104,1
2026-03-09,T1,ASDP,3674,Singkil,D.I Aceh,,,,0,0,2,189,189,2
2026-03-12,T1,ASDP,3674,Singkil,D.I Aceh,,,,0,0,1,70,70,1
2026-03-13,T1,ASDP,3674,Singkil,D.I Aceh,,,,0,0,1,313,313,1
2026-03-16,T1,ASDP,3674,Singkil,D.I Aceh,,,,0,0,1,450,450,1
2026-03-19,T1,ASDP,3674,Singkil,D.I Aceh,,,,0,0,1,46,46,1
2026-03-23,T1,ASDP,3674,Singkil,D.I Aceh,,,,0,0,2,527,527,2
2026-03-25,T1,ASDP,3674,Singkil,D.I Aceh,,,,0,0,1,492,492,1
2026-03-26,T1,ASDP,3674,Singkil,D.I Aceh,,,,0,0,1,196,196,1
2026-03-27,T1,ASDP,3674,Singkil,D.I Aceh,,,,0,0,2,632,632,2
2026-04-02,T1,ASDP,3674,Singkil,D.I Aceh,,,,0,0,1,119,119,1
2026-04-03,T1,ASDP,3674,Singkil,D.I Aceh,,,,0,0,2,540,540,2
2026-04-06,T1,ASDP,3674,Singkil,D.I Aceh,,,,0,0,2,316,316,2
2026-04-07,T1,ASDP,3674,Singkil,D.I Aceh,,,,0,0,2,157,157,2
2026-04-10,T1,ASDP,3674,Singkil,D.I Aceh,,,,0,0,2,236,236,2
2026-04-13,T1,ASDP,3674,Singkil,D.I Aceh,,,,0,0,2,228,228,2
2026-04-15,T1,ASDP,3674,Singkil,D.I Aceh,,,,0,0,1,107,107,1
2026-04-17,T1,ASDP,3674,Singkil,D.I Aceh,,,,0,0,2,265,265,2
2026-04-20,T1,ASDP,3674,Singkil,D.I Aceh,,,,0,0,2,217,217,2
2026-04-21,T1,ASDP,3674,Singkil,D.I Aceh,,,,0,0,2,121,121,2
2026-04-24,T1,ASDP,3674,Singkil,D.I Aceh,,,,0,0,2,372,372,2
2026-04-27,T1,ASDP,3674,Singkil,D.I Aceh,,,,0,0,2,141,141,2
2026-04-29,T1,ASDP,3674,Singkil,D.I Aceh,,,,0,0,1,91,91,1
2026-05-01,T2,ASDP,3674,Singkil,D.I Aceh,,,,0,0,2,402,402,2
2026-05-04,T2,ASDP,3674,Singkil,D.I Aceh,,,,0,0,2,230,230,2
2026-05-06,T2,ASDP,3674,Singkil,D.I Aceh,,,,0,0,2,127,127,2
2026-05-08,T2,ASDP,3674,Singkil,D.I Aceh,,,,0,0,2,245,245,2
2026-05-11,T2,ASDP,3674,Singkil,D.I Aceh,,,,0,0,2,185,185,2
2026-05-13,T2,ASDP,3674,Singkil,D.I Aceh,,,,0,0,2,169,169,2
2026-05-15,T2,ASDP,3674,Singkil,D.I Aceh,,,,0,0,2,304,304,2
2026-05-18,T2,ASDP,3674,Singkil,D.I Aceh,,,,0,0,2,149,149,2
2026-05-20,T2,ASDP,3674,Singkil,D.I Aceh,,,,0,0,2,174,174,2
2026-05-22,T2,ASDP,3674,Singkil,D.I Aceh,,,,0,0,2,207,207,2
2026-05-24,T2,ASDP,3674,Singkil,D.I Aceh,,,,0,0,1,61,61,1
2026-05-25,T2,ASDP,3674,Singkil,D.I Aceh,,,,0,0,2,204,204,2
2026-05-29,T2,ASDP,3674,Singkil,D.I Aceh,,,,0,0,2,442,442,2
2026-05-31,T2,ASDP,3674,Singkil,D.I Aceh,,,,0,0,1,76,76,1
2026-06-01,T2,ASDP,3674,Singkil,D.I Aceh,,,,0,0,2,163,163,2
2026-06-03,T2,ASDP,3674,Singkil,D.I Aceh,,,,0,0,2,135,135,2
2026-06-05,T2,ASDP,3674,Singkil,D.I Aceh,,,,0,0,2,234,234,2
2026-06-08,T2,ASDP,3674,Singkil,D.I Aceh,,,,0,0,2,191,191,2
2026-06-10,T2,ASDP,3674,Singkil,D.I Aceh,,,,0,0,1,69,69,1
2026-06-12,T2,ASDP,3674,Singkil,D.I Aceh,,,,0,0,2,201,201,2
2026-06-15,T2,ASDP,3674,Singkil,D.I Aceh,,,,0,0,2,284,284,2
2026-06-16,T2,ASDP,3674,Singkil,D.I Aceh,,,,0,0,2,104,104,2
2026-06-19,T2,ASDP,3674,Singkil,D.I Aceh,,,,0,0,4,912,912,4
2026-06-22,T2,ASDP,3674,Singkil,D.I Aceh,,,,0,0,2,448,448,2
2026-06-24,T2,ASDP,3674,Singkil,D.I Aceh,,,,0,0,1,189,189,1
2026-06-26,T2,ASDP,3674,Singkil,D.I Aceh,,,,0,0,2,806,806,2
2026-06-29,T2,ASDP,3674,Singkil,D.I Aceh,,,,0,0,2,418,418,2
2026-06-30,T2,ASDP,3674,Singkil,D.I Aceh,,,,0,0,2,199,199,2
2026-07-02,T2,ASDP,3674,Singkil,D.I Aceh,,,,0,0,1,61,61,1
2026-07-03,T2,ASDP,3674,Singkil,D.I Aceh,,,,0,0,2,601,601,2
2026-07-06,T2,ASDP,3674,Singkil,D.I Aceh,,,,0,0,2,456,456,2
2026-07-08,T2,ASDP,3674,Singkil,D.I Aceh,,,,0,0,1,176,176,1
2026-07-10,T2,ASDP,3674,Singkil,D.I Aceh,,,,0,0,2,444,444,2
2026-07-13,T2,ASDP,3674,Singkil,D.I Aceh,,,,0,0,2,271,271,2
2026-07-14,T2,ASDP,3674,Singkil,D.I Aceh,,,,0,0,2,84,84,2
2026-07-17,T2,ASDP,3674,Singkil,D.I Aceh,,,,0,0,2,299,299,2
2026-07-20,T2,ASDP,3674,Singkil,D.I Aceh,,,,0,0,2,205,205,2
2026-07-22,T2,ASDP,3674,Singkil,D.I Aceh,,,,0,0,1,77,77,1
2026-07-24,T2,ASDP,3674,Singkil,D.I Aceh,,,,0,0,2,255,255,2
2026-07-27,T2,ASDP,3674,Singkil,D.I Aceh,,,,0,0,3,179,179,3
2026-07-28,T2,ASDP,3674,Singkil,D.I Aceh,,,,0,0,2,114,114,2
2026-07-31,T2,ASDP,3674,Singkil,D.I Aceh,,,,0,0,1,96,96,1
2026-08-03,T2,ASDP,3674,Singkil,D.I Aceh,,,,0,0,2,176,176,2
2026-08-05,T2,ASDP,3674,Singkil,D.I Aceh,,,,0,0,1,117,117,1
2026-08-07,T2,ASDP,3674,Singkil,D.I Aceh,,,,0,0,2,404,404,2
2026-08-10,T2,ASDP,3674,Singkil,D.I Aceh,,,,0,0,2,198,198,2
2026-08-12,T2,ASDP,3674,Singkil,D.I Aceh,,,,0,0,1,74,74,1
2026-08-14,T2,ASDP,3674,Singkil,D.I Aceh,,,,0,0,2,351,351,2
2026-08-17,T2,ASDP,3674,Singkil,D.I Aceh,,,,0,0,2,128,128,2
2026-08-19,T2,ASDP,3674,Singkil,D.I Aceh,,,,0,0,2,89,89,2
2026-08-21,T2,ASDP,3674,Singkil,D.I Aceh,,,,0,0,1,158,158,1
2026-08-24,T2,ASDP,3674,Singkil,D.I Aceh,,,,0,0,2,148,148,2
2026-08-26,T2,ASDP,3674,Singkil,D.I Aceh,,,,0,0,2,85,85,2
2026-08-28,T2,ASDP,3674,Singkil,D.I Aceh,,,,0,0,2,230,230,2
2026-08-31,T2,ASDP,3674,Singkil,D.I Aceh,,,,0,0,2,121,121,2
2026-09-02,T3,ASDP,3674,Singkil,D.I Aceh,,,,0,0,1,67,67,1
2026-09-04,T3,ASDP,3674,Singkil,D.I Aceh,,,,0,0,2,256,256,2
2026-09-07,T3,ASDP,3674,Singkil,D.I Aceh,,,,0,0,2,160,160,2
2026-09-09,T3,ASDP,3674,Singkil,D.I Aceh,,,,0,0,2,146,146,2
2026-09-11,T3,ASDP,3674,Singkil,D.I Aceh,,,,0,0,2,193,193,2
2026-09-14,T3,ASDP,3674,Singkil,D.I Aceh,,,,0,0,2,168,168,2
2026-09-16,T3,ASDP,3674,Singkil,D.I Aceh,,,,0,0,1,56,56,1
2026-09-18,T3,ASDP,3674,Singkil,D.I Aceh,,,,0,0,2,311,311,2
2026-09-21,T3,ASDP,3674,Singkil,D.I Aceh,,,,0,0,2,196,196,2
2026-09-22,T3,ASDP,3674,Singkil,D.I Aceh,,,,0,0,2,105,105,2
2026-09-25,T3,ASDP,3674,Singkil,D.I Aceh,,,,0,0,2,0,0,2
2026-01-01,T1,ASDP,3677,Sintete,Kalimantan Barat,,,,0,0,1,0,0,1
2026-01-02,T1,ASDP,3677,Sintete,Kalimantan Barat,,,,0,0,1,0,0,1
2026-01-03,T1,ASDP,3677,Sintete,Kalimantan Barat,,,,0,0,1,0,0,1
2026-01-04,T1,ASDP,3677,Sintete,Kalimantan Barat,,,,0,0,1,0,0,1
2026-01-05,T1,ASDP,3677,Sintete,Kalimantan Barat,,,,0,0,1,98,98,1
2026-01-06,T1,ASDP,3677,Sintete,Kalimantan Barat,,,,0,0,1,101,101,1
2026-01-11,T1,ASDP,3677,Sintete,Kalimantan Barat,,,,0,0,1,74,74,1
2026-01-12,T1,ASDP,3677,Sintete,Kalimantan Barat,,,,0,0,1,47,47,1
2026-01-17,T1,ASDP,3677,Sintete,Kalimantan Barat,,,,0,0,1,55,55,1
2026-01-18,T1,ASDP,3677,Sintete,Kalimantan Barat,,,,0,0,1,62,62,1
2026-01-19,T1,ASDP,3677,Sintete,Kalimantan Barat,,,,0,0,1,77,77,1
2026-01-20,T1,ASDP,3677,Sintete,Kalimantan Barat,,,,0,0,2,44,44,2
2026-01-24,T1,ASDP,3677,Sintete,Kalimantan Barat,,,,0,0,1,0,0,1
2026-01-25,T1,ASDP,3677,Sintete,Kalimantan Barat,,,,0,0,2,58,58,2
2026-01-26,T1,ASDP,3677,Sintete,Kalimantan Barat,,,,0,0,2,0,0,2
2026-01-27,T1,ASDP,3677,Sintete,Kalimantan Barat,,,,0,0,2,151,151,2
2026-01-28,T1,ASDP,3677,Sintete,Kalimantan Barat,,,,0,0,2,93,93,2
2026-01-29,T1,ASDP,3677,Sintete,Kalimantan Barat,,,,0,0,1,104,104,1
2026-01-30,T1,ASDP,3677,Sintete,Kalimantan Barat,,,,0,0,1,0,0,1
2026-01-31,T1,ASDP,3677,Sintete,Kalimantan Barat,,,,0,0,1,0,0,1
2026-02-01,T1,ASDP,3677,Sintete,Kalimantan Barat,,,,0,0,0,0,0,0
2026-02-02,T1,ASDP,3677,Sintete,Kalimantan Barat,,,,0,0,0,0,0,0
2026-02-03,T1,ASDP,3677,Sintete,Kalimantan Barat,,,,0,0,1,157,157,1
2026-02-04,T1,ASDP,3677,Sintete,Kalimantan Barat,,,,0,0,0,0,0,0
2026-02-05,T1,ASDP,3677,Sintete,Kalimantan Barat,,,,0,0,1,19,19,1
2026-02-06,T1,ASDP,3677,Sintete,Kalimantan Barat,,,,0,0,0,0,0,0
2026-02-07,T1,ASDP,3677,Sintete,Kalimantan Barat,,,,0,0,0,0,0,0
2026-02-08,T1,ASDP,3677,Sintete,Kalimantan Barat,,,,0,0,1,53,53,1
2026-02-09,T1,ASDP,3677,Sintete,Kalimantan Barat,,,,0,0,0,0,0,0
2026-02-10,T1,ASDP,3677,Sintete,Kalimantan Barat,,,,0,0,0,0,0,0
2026-02-11,T1,ASDP,3677,Sintete,Kalimantan Barat,,,,0,0,1,31,31,1
2026-02-12,T1,ASDP,3677,Sintete,Kalimantan Barat,,,,0,0,0,0,0,0
2026-02-13,T1,ASDP,3677,Sintete,Kalimantan Barat,,,,0,0,0,0,0,0
2026-02-14,T1,ASDP,3677,Sintete,Kalimantan Barat,,,,0,0,0,0,0,0
2026-02-15,T1,ASDP,3677,Sintete,Kalimantan Barat,,,,0,0,0,0,0,0
2026-02-16,T1,ASDP,3677,Sintete,Kalimantan Barat,,,,0,0,0,0,0,0
2026-02-17,T1,ASDP,3677,Sintete,Kalimantan Barat,,,,0,0,0,0,0,0
2026-02-18,T1,ASDP,3677,Sintete,Kalimantan Barat,,,,0,0,0,0,0,0
2026-02-19,T1,ASDP,3677,Sintete,Kalimantan Barat,,,,0,0,1,20,20,1
2026-02-20,T1,ASDP,3677,Sintete,Kalimantan Barat,,,,0,0,0,0,0,0
2026-02-21,T1,ASDP,3677,Sintete,Kalimantan Barat,,,,0,0,1,91,91,1
2026-02-22,T1,ASDP,3677,Sintete,Kalimantan Barat,,,,0,0,0,0,0,0
2026-02-23,T1,ASDP,3677,Sintete,Kalimantan Barat,,,,0,0,0,0,0,0
2026-02-24,T1,ASDP,3677,Sintete,Kalimantan Barat,,,,0,0,0,0,0,0
2026-02-25,T1,ASDP,3677,Sintete,Kalimantan Barat,,,,0,0,0,0,0,0
2026-02-26,T1,ASDP,3677,Sintete,Kalimantan Barat,,,,0,0,0,0,0,0
2026-02-27,T1,ASDP,3677,Sintete,Kalimantan Barat,,,,0,0,0,0,0,0
2026-02-28,T1,ASDP,3677,Sintete,Kalimantan Barat,,,,0,0,0,0,0,0
2026-03-01,T1,ASDP,3677,Sintete,Kalimantan Barat,,,,0,0,1,71,71,1
2026-03-02,T1,ASDP,3677,Sintete,Kalimantan Barat,,,,0,0,0,0,0,0
2026-03-03,T1,ASDP,3677,Sintete,Kalimantan Barat,,,,0,0,0,0,0,0
2026-03-04,T1,ASDP,3677,Sintete,Kalimantan Barat,,,,0,0,0,0,0,0
2026-03-05,T1,ASDP,3677,Sintete,Kalimantan Barat,,,,0,0,1,134,134,1
2026-03-06,T1,ASDP,3677,Sintete,Kalimantan Barat,,,,0,0,1,86,86,1
2026-03-07,T1,ASDP,3677,Sintete,Kalimantan Barat,,,,0,0,0,0,0,0
2026-03-08,T1,ASDP,3677,Sintete,Kalimantan Barat,,,,0,0,0,0,0,0
2026-03-09,T1,ASDP,3677,Sintete,Kalimantan Barat,,,,0,0,0,0,0,0
2026-03-10,T1,ASDP,3677,Sintete,Kalimantan Barat,,,,0,0,0,0,0,0
2026-03-11,T1,ASDP,3677,Sintete,Kalimantan Barat,,,,0,0,0,0,0,0
2026-03-12,T1,ASDP,3677,Sintete,Kalimantan Barat,,,,0,0,1,102,102,1
2026-03-13,T1,ASDP,3677,Sintete,Kalimantan Barat,,,,0,0,0,0,0,0
2026-03-14,T1,ASDP,3677,Sintete,Kalimantan Barat,,,,0,0,0,0,0,0
2026-03-15,T1,ASDP,3677,Sintete,Kalimantan Barat,,,,0,0,0,0,0,0
2026-03-16,T1,ASDP,3677,Sintete,Kalimantan Barat,,,,0,0,1,344,344,1
2026-03-17,T1,ASDP,3677,Sintete,Kalimantan Barat,,,,0,0,0,0,0,0
2026-03-18,T1,ASDP,3677,Sintete,Kalimantan Barat,,,,0,0,0,0,0,0
2026-03-19,T1,ASDP,3677,Sintete,Kalimantan Barat,,,,0,0,1,127,127,1
2026-03-20,T1,ASDP,3677,Sintete,Kalimantan Barat,,,,0,0,0,0,0,0
2026-03-21,T1,ASDP,3677,Sintete,Kalimantan Barat,,,,0,0,0,0,0,0
2026-03-22,T1,ASDP,3677,Sintete,Kalimantan Barat,,,,0,0,0,0,0,0
2026-03-23,T1,ASDP,3677,Sintete,Kalimantan Barat,,,,0,0,0,0,0,0
2026-03-24,T1,ASDP,3677,Sintete,Kalimantan Barat,,,,0,0,0,0,0,0
2026-03-25,T1,ASDP,3677,Sintete,Kalimantan Barat,,,,0,0,1,271,271,1
2026-03-26,T1,ASDP,3677,Sintete,Kalimantan Barat,,,,0,0,0,0,0,0
2026-03-27,T1,ASDP,3677,Sintete,Kalimantan Barat,,,,0,0,1,434,434,1
2026-03-28,T1,ASDP,3677,Sintete,Kalimantan Barat,,,,0,0,0,0,0,0
2026-03-29,T1,ASDP,3677,Sintete,Kalimantan Barat,,,,0,0,0,0,0,0
2026-03-30,T1,ASDP,3677,Sintete,Kalimantan Barat,,,,0,0,0,0,0,0
2026-03-31,T1,ASDP,3677,Sintete,Kalimantan Barat,,,,0,0,0,0,0,0
2026-04-01,T1,ASDP,3677,Sintete,Kalimantan Barat,,,,0,0,1,252,252,1
2026-04-02,T1,ASDP,3677,Sintete,Kalimantan Barat,,,,0,0,0,0,0,0
2026-04-03,T1,ASDP,3677,Sintete,Kalimantan Barat,,,,0,0,0,0,0,0
2026-04-04,T1,ASDP,3677,Sintete,Kalimantan Barat,,,,0,0,0,0,0,0
2026-04-05,T1,ASDP,3677,Sintete,Kalimantan Barat,,,,0,0,0,0,0,0
2026-01-01,T1,ASDP,4097,Sipinggan,Sumatera Utara,,,,0,0,5,336,336,5
2026-01-02,T1,ASDP,4097,Sipinggan,Sumatera Utara,,,,0,0,6,511,511,6
2026-01-03,T1,ASDP,4097,Sipinggan,Sumatera Utara,,,,0,0,6,506,506,6
2026-01-04,T1,ASDP,4097,Sipinggan,Sumatera Utara,,,,0,0,5,457,457,5
2026-01-05,T1,ASDP,4097,Sipinggan,Sumatera Utara,,,,0,0,5,267,267,5
2026-01-06,T1,ASDP,4097,Sipinggan,Sumatera Utara,,,,0,0,4,239,239,4
2026-01-07,T1,ASDP,4097,Sipinggan,Sumatera Utara,,,,0,0,2,174,174,2
2026-01-08,T1,ASDP,4097,Sipinggan,Sumatera Utara,,,,0,0,2,114,114,2
2026-01-09,T1,ASDP,4097,Sipinggan,Sumatera Utara,,,,0,0,2,112,112,2
2026-01-10,T1,ASDP,4097,Sipinggan,Sumatera Utara,,,,0,0,2,104,104,2
2026-03-11,T1,ASDP,4097,Sipinggan,Sumatera Utara,,,,0,0,2,27,27,2
2026-03-12,T1,ASDP,4097,Sipinggan,Sumatera Utara,,,,0,0,2,37,37,2
2026-03-13,T1,ASDP,4097,Sipinggan,Sumatera Utara,,,,0,0,3,44,44,3
2026-03-14,T1,ASDP,4097,Sipinggan,Sumatera Utara,,,,0,0,2,50,50,2
2026-03-15,T1,ASDP,4097,Sipinggan,Sumatera Utara,,,,0,0,2,48,48,2
2026-03-16,T1,ASDP,4097,Sipinggan,Sumatera Utara,,,,0,0,3,60,60,3
2026-03-17,T1,ASDP,4097,Sipinggan,Sumatera Utara,,,,0,0,3,60,60,3
2026-03-18,T1,ASDP,4097,Sipinggan,Sumatera Utara,,,,0,0,3,133,133,3
2026-03-19,T1,ASDP,4097,Sipinggan,Sumatera Utara,,,,0,0,3,125,125,3
2026-03-20,T1,ASDP,4097,Sipinggan,Sumatera Utara,,,,0,0,5,203,203,5
2026-03-21,T1,ASDP,4097,Sipinggan,Sumatera Utara,,,,0,0,4,156,156,4
2026-03-22,T1,ASDP,4097,Sipinggan,Sumatera Utara,,,,0,0,5,222,222,5
2026-03-23,T1,ASDP,4097,Sipinggan,Sumatera Utara,,,,0,0,5,206,206,5
2026-03-24,T1,ASDP,4097,Sipinggan,Sumatera Utara,,,,0,0,4,157,157,4
2026-03-25,T1,ASDP,4097,Sipinggan,Sumatera Utara,,,,0,0,4,175,175,4
2026-03-26,T1,ASDP,4097,Sipinggan,Sumatera Utara,,,,0,0,3,123,123,3
2026-03-27,T1,ASDP,4097,Sipinggan,Sumatera Utara,,,,0,0,3,136,136,3
2026-03-28,T1,ASDP,4097,Sipinggan,Sumatera Utara,,,,0,0,3,98,98,3
2026-03-29,T1,ASDP,4097,Sipinggan,Sumatera Utara,,,,0,0,3,146,146,3
2026-01-01,T1,ASDP,3968,Siwa,Sulawesi Selatan,,,,0,0,1,72,72,1
2026-01-02,T1,ASDP,3968,Siwa,Sulawesi Selatan,,,,0,0,3,277,277,3
2026-01-03,T1,ASDP,3968,Siwa,Sulawesi Selatan,,,,0,0,3,279,279,3
2026-01-04,T1,ASDP,3968,Siwa,Sulawesi Selatan,,,,0,0,3,436,436,3
2026-01-05,T1,ASDP,3968,Siwa,Sulawesi Selatan,,,,0,0,3,351,351,3
2026-01-06,T1,ASDP,3968,Siwa,Sulawesi Selatan,,,,0,0,3,349,349,3
2026-01-07,T1,ASDP,3968,Siwa,Sulawesi Selatan,,,,0,0,3,299,299,3
2026-01-08,T1,ASDP,3968,Siwa,Sulawesi Selatan,,,,0,0,3,336,336,3
2026-01-09,T1,ASDP,3968,Siwa,Sulawesi Selatan,,,,0,0,3,206,206,3
2026-01-10,T1,ASDP,3968,Siwa,Sulawesi Selatan,,,,0,0,2,245,245,2
2026-01-11,T1,ASDP,3968,Siwa,Sulawesi Selatan,,,,0,0,2,293,293,2
2026-01-12,T1,ASDP,3968,Siwa,Sulawesi Selatan,,,,0,0,2,226,226,2
2026-01-13,T1,ASDP,3968,Siwa,Sulawesi Selatan,,,,0,0,2,184,184,2
2026-01-14,T1,ASDP,3968,Siwa,Sulawesi Selatan,,,,0,0,2,197,197,2
2026-01-15,T1,ASDP,3968,Siwa,Sulawesi Selatan,,,,0,0,2,300,300,2
2026-01-16,T1,ASDP,3968,Siwa,Sulawesi Selatan,,,,0,0,2,230,230,2
2026-01-17,T1,ASDP,3968,Siwa,Sulawesi Selatan,,,,0,0,2,193,193,2
2026-01-18,T1,ASDP,3968,Siwa,Sulawesi Selatan,,,,0,0,2,247,247,2
2026-01-19,T1,ASDP,3968,Siwa,Sulawesi Selatan,,,,0,0,2,383,383,2
2026-01-20,T1,ASDP,3968,Siwa,Sulawesi Selatan,,,,0,0,2,303,303,2
2026-01-21,T1,ASDP,3968,Siwa,Sulawesi Selatan,,,,0,0,2,292,292,2
2026-01-22,T1,ASDP,3968,Siwa,Sulawesi Selatan,,,,0,0,2,308,308,2
2026-01-23,T1,ASDP,3968,Siwa,Sulawesi Selatan,,,,0,0,1,107,107,1
2026-01-24,T1,ASDP,3968,Siwa,Sulawesi Selatan,,,,0,0,3,705,705,3
2026-01-25,T1,ASDP,3968,Siwa,Sulawesi Selatan,,,,0,0,3,805,805,3
2026-01-26,T1,ASDP,3968,Siwa,Sulawesi Selatan,,,,0,0,4,249,249,4
2026-01-27,T1,ASDP,3968,Siwa,Sulawesi Selatan,,,,0,0,3,345,345,3
2026-01-28,T1,ASDP,3968,Siwa,Sulawesi Selatan,,,,0,0,4,310,310,4
2026-01-29,T1,ASDP,3968,Siwa,Sulawesi Selatan,,,,0,0,3,221,221,3
2026-01-30,T1,ASDP,3968,Siwa,Sulawesi Selatan,,,,0,0,3,189,189,3
2026-03-01,T1,ASDP,3968,Siwa,Sulawesi Selatan,,,,0,0,2,203,203,2
2026-03-13,T1,ASDP,3968,Siwa,Sulawesi Selatan,,,,0,0,2,223,223,2
2026-03-14,T1,ASDP,3968,Siwa,Sulawesi Selatan,,,,0,0,5,642,642,5
2026-03-15,T1,ASDP,3968,Siwa,Sulawesi Selatan,,,,0,0,3,546,546,3
2026-03-16,T1,ASDP,3968,Siwa,Sulawesi Selatan,,,,0,0,5,1164,1164,5
2026-03-17,T1,ASDP,3968,Siwa,Sulawesi Selatan,,,,0,0,4,637,637,4
2026-03-18,T1,ASDP,3968,Siwa,Sulawesi Selatan,,,,0,0,7,1276,1276,7
2026-03-19,T1,ASDP,3968,Siwa,Sulawesi Selatan,,,,0,0,3,508,508,3
2026-03-20,T1,ASDP,3968,Siwa,Sulawesi Selatan,,,,0,0,3,103,103,3
2026-03-21,T1,ASDP,3968,Siwa,Sulawesi Selatan,,,,0,0,1,54,54,1
2026-03-22,T1,ASDP,3968,Siwa,Sulawesi Selatan,,,,0,0,3,674,674,3
2026-03-23,T1,ASDP,3968,Siwa,Sulawesi Selatan,,,,0,0,2,677,677,2
2026-03-24,T1,ASDP,3968,Siwa,Sulawesi Selatan,,,,0,0,3,1227,1227,3
2026-03-25,T1,ASDP,3968,Siwa,Sulawesi Selatan,,,,0,0,4,1156,1156,4
2026-01-01,T1,ASDP,3977,Tagulandang,Sulawesi Utara,,,,0,0,0,0,0,0
2026-01-02,T1,ASDP,3977,Tagulandang,Sulawesi Utara,,,,0,0,0,0,0,0
2026-01-03,T1,ASDP,3977,Tagulandang,Sulawesi Utara,,,,0,0,0,0,0,0
2026-01-04,T1,ASDP,3977,Tagulandang,Sulawesi Utara,,,,0,0,0,0,0,0
2026-03-18,T1,ASDP,3977,Tagulandang,Sulawesi Utara,,,,0,0,1,6,6,1
2026-01-01,T1,ASDP,3371,Tampo,Sulawesi Tenggara,,,,0,0,0,0,0,0
2026-01-02,T1,ASDP,3371,Tampo,Sulawesi Tenggara,,,,0,0,0,0,0,0
2026-01-03,T1,ASDP,3371,Tampo,Sulawesi Tenggara,,,,0,0,0,0,0,0
2026-01-04,T1,ASDP,3371,Tampo,Sulawesi Tenggara,,,,0,0,0,0,0,0
2026-01-05,T1,ASDP,3371,Tampo,Sulawesi Tenggara,,,,0,0,0,0,0,0
2026-03-13,T1,ASDP,3371,Tampo,Sulawesi Tenggara,,,,0,0,2,28,28,2
2026-03-14,T1,ASDP,3371,Tampo,Sulawesi Tenggara,,,,0,0,2,24,24,2
2026-03-15,T1,ASDP,3371,Tampo,Sulawesi Tenggara,,,,0,0,1,9,9,1
2026-03-16,T1,ASDP,3371,Tampo,Sulawesi Tenggara,,,,0,0,2,24,24,2
2026-03-17,T1,ASDP,3371,Tampo,Sulawesi Tenggara,,,,0,0,2,9,9,2
2026-03-18,T1,ASDP,3371,Tampo,Sulawesi Tenggara,,,,0,0,2,40,40,2
2026-03-19,T1,ASDP,3371,Tampo,Sulawesi Tenggara,,,,0,0,15,134,134,15
2026-03-20,T1,ASDP,3371,Tampo,Sulawesi Tenggara,,,,0,0,8,8,8,8
2026-03-21,T1,ASDP,3371,Tampo,Sulawesi Tenggara,,,,0,0,1,1,1,1
2026-03-22,T1,ASDP,3371,Tampo,Sulawesi Tenggara,,,,0,0,2,211,211,2
2026-03-23,T1,ASDP,3371,Tampo,Sulawesi Tenggara,,,,0,0,1,150,150,1
2026-03-24,T1,ASDP,3371,Tampo,Sulawesi Tenggara,,,,0,0,6,800,800,6
2026-03-25,T1,ASDP,3371,Tampo,Sulawesi Tenggara,,,,0,0,10,907,907,10
2026-03-26,T1,ASDP,3371,Tampo,Sulawesi Tenggara,,,,0,0,10,1004,1004,10
2026-03-27,T1,ASDP,3371,Tampo,Sulawesi Tenggara,,,,0,0,7,774,774,7
2026-03-28,T1,ASDP,3371,Tampo,Sulawesi Tenggara,,,,0,0,7,965,965,7
2026-03-29,T1,ASDP,3371,Tampo,Sulawesi Tenggara,,,,0,0,6,577,577,6
2026-03-30,T1,ASDP,3371,Tampo,Sulawesi Tenggara,,,,0,0,2,258,258,2
2026-02-11,T1,ASDP,4214,Tanjung Rhu,Sulawesi Selatan,,,,0,0,1,29,29,1
2026-02-17,T1,ASDP,4214,Tanjung Rhu,Sulawesi Selatan,,,,0,0,1,33,33,1
2026-02-18,T1,ASDP,4214,Tanjung Rhu,Sulawesi Selatan,,,,0,0,1,19,19,1
2026-02-19,T1,ASDP,4214,Tanjung Rhu,Sulawesi Selatan,,,,0,0,1,39,39,1
2026-02-20,T1,ASDP,4214,Tanjung Rhu,Sulawesi Selatan,,,,0,0,1,40,40,1
2026-02-21,T1,ASDP,4214,Tanjung Rhu,Sulawesi Selatan,,,,0,0,1,46,46,1
2026-02-23,T1,ASDP,4214,Tanjung Rhu,Sulawesi Selatan,,,,0,0,1,31,31,1
2026-02-24,T1,ASDP,4214,Tanjung Rhu,Sulawesi Selatan,,,,0,0,1,26,26,1
2026-03-04,T1,ASDP,4214,Tanjung Rhu,Sulawesi Selatan,,,,0,0,1,41,41,1
2026-03-06,T1,ASDP,4214,Tanjung Rhu,Sulawesi Selatan,,,,0,0,1,48,48,1
2026-03-07,T1,ASDP,4214,Tanjung Rhu,Sulawesi Selatan,,,,0,0,1,78,78,1
2026-03-09,T1,ASDP,4214,Tanjung Rhu,Sulawesi Selatan,,,,0,0,1,68,68,1
2026-03-11,T1,ASDP,4214,Tanjung Rhu,Sulawesi Selatan,,,,0,0,1,23,23,1
2026-03-12,T1,ASDP,4214,Tanjung Rhu,Sulawesi Selatan,,,,0,0,1,53,53,1
2026-06-10,T2,ASDP,4214,Tanjung Rhu,Sulawesi Selatan,,,,0,0,1,44,44,1
2026-06-11,T2,ASDP,4214,Tanjung Rhu,Sulawesi Selatan,,,,0,0,1,80,80,1
2026-06-12,T2,ASDP,4214,Tanjung Rhu,Sulawesi Selatan,,,,0,0,1,42,42,1
2026-06-13,T2,ASDP,4214,Tanjung Rhu,Sulawesi Selatan,,,,0,0,2,82,82,2
2026-06-15,T2,ASDP,4214,Tanjung Rhu,Sulawesi Selatan,,,,0,0,1,45,45,1
2026-06-16,T2,ASDP,4214,Tanjung Rhu,Sulawesi Selatan,,,,0,0,2,62,62,2
2026-06-17,T2,ASDP,4214,Tanjung Rhu,Sulawesi Selatan,,,,0,0,2,42,42,2
2026-06-18,T2,ASDP,4214,Tanjung Rhu,Sulawesi Selatan,,,,0,0,2,114,114,2
2026-06-19,T2,ASDP,4214,Tanjung Rhu,Sulawesi Selatan,,,,0,0,2,66,66,2
2026-06-20,T2,ASDP,4214,Tanjung Rhu,Sulawesi Selatan,,,,0,0,2,46,46,2
2026-06-22,T2,ASDP,4214,Tanjung Rhu,Sulawesi Selatan,,,,0,0,1,55,55,1
2026-01-05,T1,ASDP,2912,Tanjung Selor,Kalimantan Utara,,,,0,0,13,379,379,13
2026-03-12,T1,ASDP,2912,Tanjung Selor,Kalimantan Utara,,,,0,0,20,778,778,20
2026-03-13,T1,ASDP,2912,Tanjung Selor,Kalimantan Utara,,,,0,0,20,774,774,20
2026-03-14,T1,ASDP,2912,Tanjung Selor,Kalimantan Utara,,,,0,0,18,994,994,18
2026-03-15,T1,ASDP,2912,Tanjung Selor,Kalimantan Utara,,,,0,0,20,1051,1051,20
2026-03-16,T1,ASDP,2912,Tanjung Selor,Kalimantan Utara,,,,0,0,19,1122,1122,19
2026-03-17,T1,ASDP,2912,Tanjung Selor,Kalimantan Utara,,,,0,0,19,1094,1094,19
2026-03-18,T1,ASDP,2912,Tanjung Selor,Kalimantan Utara,,,,0,0,20,1169,1169,20
2026-03-19,T1,ASDP,2912,Tanjung Selor,Kalimantan Utara,,,,0,0,20,1107,1107,20
2026-03-20,T1,ASDP,2912,Tanjung Selor,Kalimantan Utara,,,,0,0,14,483,483,14
2026-03-21,T1,ASDP,2912,Tanjung Selor,Kalimantan Utara,,,,0,0,5,300,300,5
2026-03-22,T1,ASDP,2912,Tanjung Selor,Kalimantan Utara,,,,0,0,17,1037,1037,17
2026-03-23,T1,ASDP,2912,Tanjung Selor,Kalimantan Utara,,,,0,0,21,1142,1142,21
2026-03-24,T1,ASDP,2912,Tanjung Selor,Kalimantan Utara,,,,0,0,19,1037,1037,19
2026-03-25,T1,ASDP,2912,Tanjung Selor,Kalimantan Utara,,,,0,0,20,869,869,20
2026-03-26,T1,ASDP,2912,Tanjung Selor,Kalimantan Utara,,,,0,0,19,773,773,19
2026-03-27,T1,ASDP,2912,Tanjung Selor,Kalimantan Utara,,,,0,0,20,894,894,20
2026-03-28,T1,ASDP,2912,Tanjung Selor,Kalimantan Utara,,,,0,0,19,983,983,19
2026-03-29,T1,ASDP,2912,Tanjung Selor,Kalimantan Utara,,,,0,0,25,1097,1097,25
2026-01-04,T1,ASDP,3992,Teluk Bara,Maluku,,,,0,0,0,0,0,0
2026-01-09,T1,ASDP,3992,Teluk Bara,Maluku,,,,0,0,0,0,0,0
2026-03-14,T1,ASDP,3992,Teluk Bara,Maluku,,,,0,0,0,0,0,0
2026-03-16,T1,ASDP,3992,Teluk Bara,Maluku,,,,0,0,0,0,0,0
2026-03-17,T1,ASDP,3992,Teluk Bara,Maluku,,,,0,0,0,0,0,0
2026-03-18,T1,ASDP,3992,Teluk Bara,Maluku,,,,0,0,0,0,0,0
2026-03-19,T1,ASDP,3992,Teluk Bara,Maluku,,,,0,0,0,0,0,0
2026-03-20,T1,ASDP,3992,Teluk Bara,Maluku,,,,0,0,0,0,0,0
2026-03-24,T1,ASDP,3992,Teluk Bara,Maluku,,,,0,0,0,0,0,0
2026-03-26,T1,ASDP,3992,Teluk Bara,Maluku,,,,0,0,0,0,0,0
2026-03-27,T1,ASDP,3992,Teluk Bara,Maluku,,,,0,0,0,0,0,0
2026-03-28,T1,ASDP,3992,Teluk Bara,Maluku,,,,0,0,0,0,0,0
2026-03-29,T1,ASDP,3992,Teluk Bara,Maluku,,,,0,0,0,0,0,0
2026-01-01,T1,ASDP,3995,Teluk Gurita,Nusa Tenggara Timur,,,,0,0,0,0,0,0
2026-01-02,T1,ASDP,3995,Teluk Gurita,Nusa Tenggara Timur,,,,0,0,0,0,0,0
2026-01-03,T1,ASDP,3995,Teluk Gurita,Nusa Tenggara Timur,,,,0,0,0,0,0,0
2026-03-14,T1,ASDP,3995,Teluk Gurita,Nusa Tenggara Timur,,,,0,0,2,0,0,2
2026-03-15,T1,ASDP,3995,Teluk Gurita,Nusa Tenggara Timur,,,,0,0,2,0,0,2
2026-03-16,T1,ASDP,3995,Teluk Gurita,Nusa Tenggara Timur,,,,0,0,1,0,0,1
2026-03-17,T1,ASDP,3995,Teluk Gurita,Nusa Tenggara Timur,,,,0,0,1,0,0,1
2026-03-19,T1,ASDP,3995,Teluk Gurita,Nusa Tenggara Timur,,,,0,0,1,0,0,1
2026-03-21,T1,ASDP,3995,Teluk Gurita,Nusa Tenggara Timur,,,,0,0,1,0,0,1
2026-03-23,T1,ASDP,3995,Teluk Gurita,Nusa Tenggara Timur,,,,0,0,1,0,0,1
2026-03-28,T1,ASDP,3995,Teluk Gurita,Nusa Tenggara Timur,,,,0,0,1,0,0,1
2026-03-29,T1,ASDP,3995,Teluk Gurita,Nusa Tenggara Timur,,,,0,0,0,0,0,0
2026-01-06,T1,ASDP,2981,Tigaras,Sumatera Utara,,,,0,0,1,36,36,1
2026-03-11,T1,ASDP,2981,Tigaras,Sumatera Utara,,,,0,0,5,106,106,5
2026-03-12,T1,ASDP,2981,Tigaras,Sumatera Utara,,,,0,0,8,166,166,8
2026-03-13,T1,ASDP,2981,Tigaras,Sumatera Utara,,,,0,0,2,44,44,2
2026-03-14,T1,ASDP,2981,Tigaras,Sumatera Utara,,,,0,0,13,320,320,13
2026-03-15,T1,ASDP,2981,Tigaras,Sumatera Utara,,,,0,0,1,26,26,1
2026-03-16,T1,ASDP,2981,Tigaras,Sumatera Utara,,,,0,0,19,364,364,19
2026-03-17,T1,ASDP,2981,Tigaras,Sumatera Utara,,,,0,0,22,724,724,22
2026-03-18,T1,ASDP,2981,Tigaras,Sumatera Utara,,,,0,0,20,921,921,20
2026-03-19,T1,ASDP,2981,Tigaras,Sumatera Utara,,,,0,0,22,1224,1224,22
2026-03-20,T1,ASDP,2981,Tigaras,Sumatera Utara,,,,0,0,23,1345,1345,23
2026-03-21,T1,ASDP,2981,Tigaras,Sumatera Utara,,,,0,0,22,1333,1333,22
2026-03-22,T1,ASDP,2981,Tigaras,Sumatera Utara,,,,0,0,27,1400,1400,27
2026-03-23,T1,ASDP,2981,Tigaras,Sumatera Utara,,,,0,0,19,1245,1245,19
2026-03-24,T1,ASDP,2981,Tigaras,Sumatera Utara,,,,0,0,18,1117,1117,18
2026-03-25,T1,ASDP,2981,Tigaras,Sumatera Utara,,,,0,0,15,855,855,15
2026-03-26,T1,ASDP,2981,Tigaras,Sumatera Utara,,,,0,0,17,927,927,17
2026-03-27,T1,ASDP,2981,Tigaras,Sumatera Utara,,,,0,0,16,896,896,16
2026-03-28,T1,ASDP,2981,Tigaras,Sumatera Utara,,,,0,0,15,910,910,15
2026-03-29,T1,ASDP,2981,Tigaras,Sumatera Utara,,,,0,0,16,855,855,16
2026-03-30,T1,ASDP,2981,Tigaras,Sumatera Utara,,,,0,0,14,826,826,14
2026-01-01,T1,ASDP,3311,Tobaku,Sulawesi Tenggara,,,,0,0,1,116,116,1
2026-01-02,T1,ASDP,3311,Tobaku,Sulawesi Tenggara,,,,0,0,3,346,346,3
2026-01-03,T1,ASDP,3311,Tobaku,Sulawesi Tenggara,,,,0,0,3,418,418,3
2026-03-13,T1,ASDP,3311,Tobaku,Sulawesi Tenggara,,,,0,0,6,330,330,6
2026-03-14,T1,ASDP,3311,Tobaku,Sulawesi Tenggara,,,,0,0,6,1226,1226,6
2026-03-15,T1,ASDP,3311,Tobaku,Sulawesi Tenggara,,,,0,0,4,836,836,4
2026-03-16,T1,ASDP,3311,Tobaku,Sulawesi Tenggara,,,,0,0,3,755,755,3
2026-03-17,T1,ASDP,3311,Tobaku,Sulawesi Tenggara,,,,0,0,3,699,699,3
2026-03-18,T1,ASDP,3311,Tobaku,Sulawesi Tenggara,,,,0,0,5,821,821,5
2026-03-19,T1,ASDP,3311,Tobaku,Sulawesi Tenggara,,,,0,0,3,364,364,3
2026-03-20,T1,ASDP,3311,Tobaku,Sulawesi Tenggara,,,,0,0,3,57,57,3
2026-03-21,T1,ASDP,3311,Tobaku,Sulawesi Tenggara,,,,0,0,1,27,27,1
2026-03-22,T1,ASDP,3311,Tobaku,Sulawesi Tenggara,,,,0,0,3,695,695,3
2026-03-23,T1,ASDP,3311,Tobaku,Sulawesi Tenggara,,,,0,0,3,826,826,3
2026-03-24,T1,ASDP,3311,Tobaku,Sulawesi Tenggara,,,,0,0,4,811,811,4
2026-03-25,T1,ASDP,3311,Tobaku,Sulawesi Tenggara,,,,0,0,3,614,614,3
2026-03-26,T1,ASDP,3311,Tobaku,Sulawesi Tenggara,,,,0,0,4,723,723,4
2026-01-05,T1,ASDP,3272,Tomia,Sulawesi Tenggara,,,,0,0,2,51,51,2
2026-03-13,T1,ASDP,3272,Tomia,Sulawesi Tenggara,,,,0,0,0,0,0,0
2026-03-14,T1,ASDP,3272,Tomia,Sulawesi Tenggara,,,,0,0,0,0,0,0
2026-03-15,T1,ASDP,3272,Tomia,Sulawesi Tenggara,,,,0,0,1,108,108,1
2026-03-16,T1,ASDP,3272,Tomia,Sulawesi Tenggara,,,,0,0,1,25,25,1
2026-03-17,T1,ASDP,3272,Tomia,Sulawesi Tenggara,,,,0,0,0,0,0,0
2026-03-18,T1,ASDP,3272,Tomia,Sulawesi Tenggara,,,,0,0,0,0,0,0
2026-03-19,T1,ASDP,3272,Tomia,Sulawesi Tenggara,,,,0,0,1,14,14,1
2026-03-20,T1,ASDP,3272,Tomia,Sulawesi Tenggara,,,,0,0,0,0,0,0
2026-03-21,T1,ASDP,3272,Tomia,Sulawesi Tenggara,,,,0,0,0,0,0,0
2026-03-22,T1,ASDP,3272,Tomia,Sulawesi Tenggara,,,,0,0,0,0,0,0
2026-03-23,T1,ASDP,3272,Tomia,Sulawesi Tenggara,,,,0,0,0,0,0,0
2026-03-24,T1,ASDP,3272,Tomia,Sulawesi Tenggara,,,,0,0,0,0,0,0
2026-03-25,T1,ASDP,3272,Tomia,Sulawesi Tenggara,,,,0,0,0,0,0,0
2026-03-26,T1,ASDP,3272,Tomia,Sulawesi Tenggara,,,,0,0,0,0,0,0
2026-03-27,T1,ASDP,3272,Tomia,Sulawesi Tenggara,,,,0,0,1,77,77,1
2026-03-28,T1,ASDP,3272,Tomia,Sulawesi Tenggara,,,,0,0,0,0,0,0
2026-01-01,T1,ASDP,3374,Tondasi,Sulawesi Tenggara,,,,0,0,0,0,0,0
2026-01-02,T1,ASDP,3374,Tondasi,Sulawesi Tenggara,,,,0,0,0,0,0,0
2026-01-03,T1,ASDP,3374,Tondasi,Sulawesi Tenggara,,,,0,0,0,0,0,0
2026-01-04,T1,ASDP,3374,Tondasi,Sulawesi Tenggara,,,,0,0,0,0,0,0
2026-01-05,T1,ASDP,3374,Tondasi,Sulawesi Tenggara,,,,0,0,0,0,0,0
2026-03-13,T1,ASDP,3374,Tondasi,Sulawesi Tenggara,,,,0,0,1,126,126,1
2026-03-16,T1,ASDP,3374,Tondasi,Sulawesi Tenggara,,,,0,0,1,86,86,1
2026-01-03,T1,ASDP,3713,Tua,Sumatera Barat,,,,0,0,1,71,71,1
2026-01-06,T1,ASDP,3713,Tua,Sumatera Barat,,,,0,0,1,62,62,1
2026-01-10,T1,ASDP,3713,Tua,Sumatera Barat,,,,0,0,1,37,37,1
2026-01-13,T1,ASDP,3713,Tua,Sumatera Barat,,,,0,0,1,81,81,1
2026-01-17,T1,ASDP,3713,Tua,Sumatera Barat,,,,0,0,1,46,46,1
2026-01-20,T1,ASDP,3713,Tua,Sumatera Barat,,,,0,0,1,70,70,1
2026-01-24,T1,ASDP,3713,Tua,Sumatera Barat,,,,0,0,1,13,13,1
2026-01-27,T1,ASDP,3713,Tua,Sumatera Barat,,,,0,0,1,120,120,1
2026-01-30,T1,ASDP,3713,Tua,Sumatera Barat,,,,0,0,1,43,43,1
2026-01-31,T1,ASDP,3713,Tua,Sumatera Barat,,,,0,0,1,23,23,1
2026-02-03,T1,ASDP,3713,Tua,Sumatera Barat,,,,0,0,1,66,66,1
2026-02-07,T1,ASDP,3713,Tua,Sumatera Barat,,,,0,0,1,35,35,1
2026-02-14,T1,ASDP,3713,Tua,Sumatera Barat,,,,0,0,1,69,69,1
2026-02-15,T1,ASDP,3713,Tua,Sumatera Barat,,,,0,0,1,4,4,1
2026-02-20,T1,ASDP,3713,Tua,Sumatera Barat,,,,0,0,1,31,31,1
2026-02-21,T1,ASDP,3713,Tua,Sumatera Barat,,,,0,0,1,49,49,1
2026-02-24,T1,ASDP,3713,Tua,Sumatera Barat,,,,0,0,1,41,41,1
2026-02-28,T1,ASDP,3713,Tua,Sumatera Barat,,,,0,0,1,41,41,1
2026-03-03,T1,ASDP,3713,Tua,Sumatera Barat,,,,0,0,1,130,130,1
2026-03-07,T1,ASDP,3713,Tua,Sumatera Barat,,,,0,0,1,22,22,1
2026-03-10,T1,ASDP,3713,Tua,Sumatera Barat,,,,0,0,2,150,150,2
2026-03-14,T1,ASDP,3713,Tua,Sumatera Barat,,,,0,0,1,109,109,1
2026-03-15,T1,ASDP,3713,Tua,Sumatera Barat,,,,0,0,1,47,47,1
2026-03-17,T1,ASDP,3713,Tua,Sumatera Barat,,,,0,0,1,141,141,1
2026-03-24,T1,ASDP,3713,Tua,Sumatera Barat,,,,0,0,1,54,54,1
2026-03-28,T1,ASDP,3713,Tua,Sumatera Barat,,,,0,0,1,118,118,1
2026-04-04,T1,ASDP,3713,Tua,Sumatera Barat,,,,0,0,1,25,25,1
2026-04-07,T1,ASDP,3713,Tua,Sumatera Barat,,,,0,0,1,114,114,1
2026-04-11,T1,ASDP,3713,Tua,Sumatera Barat,,,,0,0,1,35,35,1
2026-04-14,T1,ASDP,3713,Tua,Sumatera Barat,,,,0,0,1,110,110,1
2026-04-18,T1,ASDP,3713,Tua,Sumatera Barat,,,,0,0,1,31,31,1
2026-04-21,T1,ASDP,3713,Tua,Sumatera Barat,,,,0,0,1,93,93,1
2026-04-24,T1,ASDP,3713,Tua,Sumatera Barat,,,,0,0,1,34,34,1
2026-04-25,T1,ASDP,3713,Tua,Sumatera Barat,,,,0,0,1,13,13,1
2026-04-28,T1,ASDP,3713,Tua,Sumatera Barat,,,,0,0,1,97,97,1
2026-05-01,T2,ASDP,3713,Tua,Sumatera Barat,,,,0,0,1,41,41,1
2026-05-02,T2,ASDP,3713,Tua,Sumatera Barat,,,,0,0,1,25,25,1
2026-05-07,T2,ASDP,3713,Tua,Sumatera Barat,,,,0,0,1,38,38,1
2026-05-09,T2,ASDP,3713,Tua,Sumatera Barat,,,,0,0,1,94,94,1
2026-05-12,T2,ASDP,3713,Tua,Sumatera Barat,,,,0,0,1,44,44,1
2026-05-15,T2,ASDP,3713,Tua,Sumatera Barat,,,,0,0,1,51,51,1
2026-05-16,T2,ASDP,3713,Tua,Sumatera Barat,,,,0,0,1,19,19,1
2026-05-19,T2,ASDP,3713,Tua,Sumatera Barat,,,,0,0,1,107,107,1
2026-05-23,T2,ASDP,3713,Tua,Sumatera Barat,,,,0,0,1,32,32,1
2026-05-26,T2,ASDP,3713,Tua,Sumatera Barat,,,,0,0,1,102,102,1
2026-05-30,T2,ASDP,3713,Tua,Sumatera Barat,,,,0,0,1,46,46,1
2026-06-02,T2,ASDP,3713,Tua,Sumatera Barat,,,,0,0,3,66,66,3
2026-06-05,T2,ASDP,3713,Tua,Sumatera Barat,,,,0,0,3,40,40,3
2026-06-06,T2,ASDP,3713,Tua,Sumatera Barat,,,,0,0,3,20,20,3
2026-06-09,T2,ASDP,3713,Tua,Sumatera Barat,,,,0,0,5,97,97,5
2026-06-12,T2,ASDP,3713,Tua,Sumatera Barat,,,,0,0,2,45,45,2
2026-06-16,T2,ASDP,3713,Tua,Sumatera Barat,,,,0,0,1,49,49,1
2026-06-19,T2,ASDP,3713,Tua,Sumatera Barat,,,,0,0,3,140,140,3
2026-06-20,T2,ASDP,3713,Tua,Sumatera Barat,,,,0,0,1,22,22,1
2026-06-23,T2,ASDP,3713,Tua,Sumatera Barat,,,,0,0,3,191,191,3
2026-06-26,T2,ASDP,3713,Tua,Sumatera Barat,,,,0,0,1,25,25,1
2026-06-27,T2,ASDP,3713,Tua,Sumatera Barat,,,,0,0,2,142,142,2
2026-06-30,T2,ASDP,3713,Tua,Sumatera Barat,,,,0,0,2,174,174,2
2026-07-03,T2,ASDP,3713,Tua,Sumatera Barat,,,,0,0,2,147,147,2
2026-07-04,T2,ASDP,3713,Tua,Sumatera Barat,,,,0,0,1,32,32,1
2026-07-07,T2,ASDP,3713,Tua,Sumatera Barat,,,,0,0,1,199,199,1
2026-07-10,T2,ASDP,3713,Tua,Sumatera Barat,,,,0,0,1,32,32,1
2026-07-11,T2,ASDP,3713,Tua,Sumatera Barat,,,,0,0,2,133,133,2
2026-07-14,T2,ASDP,3713,Tua,Sumatera Barat,,,,0,0,3,140,140,3
2026-07-17,T2,ASDP,3713,Tua,Sumatera Barat,,,,0,0,1,52,52,1
2026-07-18,T2,ASDP,3713,Tua,Sumatera Barat,,,,0,0,2,53,53,2
2026-07-21,T2,ASDP,3713,Tua,Sumatera Barat,,,,0,0,3,99,99,3
2026-07-25,T2,ASDP,3713,Tua,Sumatera Barat,,,,0,0,2,218,218,2
2026-07-29,T2,ASDP,3713,Tua,Sumatera Barat,,,,0,0,3,117,117,3
2026-07-31,T2,ASDP,3713,Tua,Sumatera Barat,,,,0,0,1,13,13,1
2026-08-01,T2,ASDP,3713,Tua,Sumatera Barat,,,,0,0,2,34,34,2
2026-08-04,T2,ASDP,3713,Tua,Sumatera Barat,,,,0,0,1,85,85,1
2026-08-05,T2,ASDP,3713,Tua,Sumatera Barat,,,,0,0,1,0,0,1
2026-08-08,T2,ASDP,3713,Tua,Sumatera Barat,,,,0,0,1,152,152,1
2026-08-09,T2,ASDP,3713,Tua,Sumatera Barat,,,,0,0,2,15,15,2
2026-08-11,T2,ASDP,3713,Tua,Sumatera Barat,,,,0,0,2,99,99,2
2026-08-12,T2,ASDP,3713,Tua,Sumatera Barat,,,,0,0,1,0,0,1
2026-08-14,T2,ASDP,3713,Tua,Sumatera Barat,,,,0,0,1,65,65,1
2026-08-16,T2,ASDP,3713,Tua,Sumatera Barat,,,,0,0,1,161,161,1
2026-08-18,T2,ASDP,3713,Tua,Sumatera Barat,,,,0,0,1,195,195,1
2026-08-22,T2,ASDP,3713,Tua,Sumatera Barat,,,,0,0,1,66,66,1
2026-08-25,T2,ASDP,3713,Tua,Sumatera Barat,,,,0,0,1,66,66,1
2026-08-29,T2,ASDP,3713,Tua,Sumatera Barat,,,,0,0,1,72,72,1
2026-09-01,T3,ASDP,3713,Tua,Sumatera Barat,,,,0,0,1,30,30,1
2026-09-04,T3,ASDP,3713,Tua,Sumatera Barat,,,,0,0,1,52,52,1
2026-09-05,T3,ASDP,3713,Tua,Sumatera Barat,,,,0,0,1,122,122,1
2026-09-08,T3,ASDP,3713,Tua,Sumatera Barat,,,,0,0,1,79,79,1
2026-09-12,T3,ASDP,3713,Tua,Sumatera Barat,,,,0,0,1,112,112,1
2026-09-16,T3,ASDP,3713,Tua,Sumatera Barat,,,,0,0,1,132,132,1
2026-09-23,T3,ASDP,3713,Tua,Sumatera Barat,,,,0,0,1,100,100,1
2026-09-26,T3,ASDP,3713,Tua,Sumatera Barat,,,,0,0,1,0,0,1
2026-01-01,T1,ASDP,3188,Tuapeijat,Sumatera Barat,,,,0,0,0,0,0,0
2026-01-02,T1,ASDP,3188,Tuapeijat,Sumatera Barat,,,,0,0,1,84,84,1
2026-01-04,T1,ASDP,3188,Tuapeijat,Sumatera Barat,,,,0,0,0,0,0,0
2026-01-05,T1,ASDP,3188,Tuapeijat,Sumatera Barat,,,,0,0,0,0,0,0
2026-03-13,T1,ASDP,3188,Tuapeijat,Sumatera Barat,,,,0,0,1,13,13,1
2026-03-14,T1,ASDP,3188,Tuapeijat,Sumatera Barat,,,,0,0,2,124,124,2
2026-03-15,T1,ASDP,3188,Tuapeijat,Sumatera Barat,,,,0,0,1,28,28,1
2026-03-16,T1,ASDP,3188,Tuapeijat,Sumatera Barat,,,,0,0,0,0,0,0
2026-03-17,T1,ASDP,3188,Tuapeijat,Sumatera Barat,,,,0,0,2,152,152,2
2026-03-18,T1,ASDP,3188,Tuapeijat,Sumatera Barat,,,,0,0,0,0,0,0
2026-03-19,T1,ASDP,3188,Tuapeijat,Sumatera Barat,,,,0,0,0,0,0,0
2026-03-20,T1,ASDP,3188,Tuapeijat,Sumatera Barat,,,,0,0,0,0,0,0
2026-03-21,T1,ASDP,3188,Tuapeijat,Sumatera Barat,,,,0,0,0,0,0,0
2026-03-22,T1,ASDP,3188,Tuapeijat,Sumatera Barat,,,,0,0,0,0,0,0
2026-03-23,T1,ASDP,3188,Tuapeijat,Sumatera Barat,,,,0,0,0,0,0,0
2026-03-25,T1,ASDP,3188,Tuapeijat,Sumatera Barat,,,,0,0,0,0,0,0
2026-03-26,T1,ASDP,3188,Tuapeijat,Sumatera Barat,,,,0,0,0,0,0,0
2026-03-27,T1,ASDP,3188,Tuapeijat,Sumatera Barat,,,,0,0,1,25,25,1
2026-03-28,T1,ASDP,3188,Tuapeijat,Sumatera Barat,,,,0,0,2,151,151,2
2026-03-29,T1,ASDP,3188,Tuapeijat,Sumatera Barat,,,,0,0,0,0,0,0
2026-03-30,T1,ASDP,3188,Tuapeijat,Sumatera Barat,,,,0,0,0,0,0,0
2026-06-25,T2,ASDP,3188,Tuapeijat,Sumatera Barat,,,,0,0,1,255,255,1
2026-01-01,T1,ASDP,3719,Ulee Lheu,D.I Aceh,,,,0,0,3,1217,1217,3
2026-01-02,T1,ASDP,3719,Ulee Lheu,D.I Aceh,,,,0,0,3,1435,1435,3
2026-01-03,T1,ASDP,3719,Ulee Lheu,D.I Aceh,,,,0,0,4,1590,1590,4
2026-01-04,T1,ASDP,3719,Ulee Lheu,D.I Aceh,,,,0,0,4,1617,1617,4
2026-01-05,T1,ASDP,3719,Ulee Lheu,D.I Aceh,,,,0,0,3,913,913,3
2026-01-06,T1,ASDP,3719,Ulee Lheu,D.I Aceh,,,,0,0,3,595,595,3
2026-01-07,T1,ASDP,3719,Ulee Lheu,D.I Aceh,,,,0,0,3,598,598,3
2026-01-08,T1,ASDP,3719,Ulee Lheu,D.I Aceh,,,,0,0,2,520,520,2
2026-01-09,T1,ASDP,3719,Ulee Lheu,D.I Aceh,,,,0,0,3,637,637,3
2026-01-10,T1,ASDP,3719,Ulee Lheu,D.I Aceh,,,,0,0,3,770,770,3
2026-01-11,T1,ASDP,3719,Ulee Lheu,D.I Aceh,,,,0,0,3,902,902,3
2026-01-12,T1,ASDP,3719,Ulee Lheu,D.I Aceh,,,,0,0,3,768,768,3
2026-01-13,T1,ASDP,3719,Ulee Lheu,D.I Aceh,,,,0,0,3,643,643,3
2026-01-14,T1,ASDP,3719,Ulee Lheu,D.I Aceh,,,,0,0,3,576,576,3
2026-01-15,T1,ASDP,3719,Ulee Lheu,D.I Aceh,,,,0,0,3,822,822,3
2026-01-16,T1,ASDP,3719,Ulee Lheu,D.I Aceh,,,,0,0,3,1671,1671,3
2026-01-17,T1,ASDP,3719,Ulee Lheu,D.I Aceh,,,,0,0,3,1168,1168,3
2026-01-18,T1,ASDP,3719,Ulee Lheu,D.I Aceh,,,,0,0,3,1261,1261,3
2026-01-19,T1,ASDP,3719,Ulee Lheu,D.I Aceh,,,,0,0,3,899,899,3
2026-01-20,T1,ASDP,3719,Ulee Lheu,D.I Aceh,,,,0,0,3,634,634,3
2026-01-21,T1,ASDP,3719,Ulee Lheu,D.I Aceh,,,,0,0,2,486,486,2
2026-01-22,T1,ASDP,3719,Ulee Lheu,D.I Aceh,,,,0,0,2,600,600,2
2026-01-23,T1,ASDP,3719,Ulee Lheu,D.I Aceh,,,,0,0,2,708,708,2
2026-01-24,T1,ASDP,3719,Ulee Lheu,D.I Aceh,,,,0,0,2,928,928,2
2026-01-25,T1,ASDP,3719,Ulee Lheu,D.I Aceh,,,,0,0,3,1016,1016,3
2026-01-26,T1,ASDP,3719,Ulee Lheu,D.I Aceh,,,,0,0,2,633,633,2
2026-01-27,T1,ASDP,3719,Ulee Lheu,D.I Aceh,,,,0,0,2,636,636,2
2026-01-28,T1,ASDP,3719,Ulee Lheu,D.I Aceh,,,,0,0,2,601,601,2
2026-01-29,T1,ASDP,3719,Ulee Lheu,D.I Aceh,,,,0,0,2,446,446,2
2026-01-30,T1,ASDP,3719,Ulee Lheu,D.I Aceh,,,,0,0,2,863,863,2
2026-01-31,T1,ASDP,3719,Ulee Lheu,D.I Aceh,,,,0,0,2,957,957,2
2026-02-01,T1,ASDP,3719,Ulee Lheu,D.I Aceh,,,,0,0,3,1175,1175,3
2026-02-02,T1,ASDP,3719,Ulee Lheu,D.I Aceh,,,,0,0,2,674,674,2
2026-02-03,T1,ASDP,3719,Ulee Lheu,D.I Aceh,,,,0,0,2,503,503,2
2026-02-04,T1,ASDP,3719,Ulee Lheu,D.I Aceh,,,,0,0,1,306,306,1
2026-02-05,T1,ASDP,3719,Ulee Lheu,D.I Aceh,,,,0,0,2,594,594,2
2026-02-06,T1,ASDP,3719,Ulee Lheu,D.I Aceh,,,,0,0,3,968,968,3
2026-02-07,T1,ASDP,3719,Ulee Lheu,D.I Aceh,,,,0,0,3,1337,1337,3
2026-02-08,T1,ASDP,3719,Ulee Lheu,D.I Aceh,,,,0,0,3,1356,1356,3
2026-02-09,T1,ASDP,3719,Ulee Lheu,D.I Aceh,,,,0,0,3,926,926,3
2026-02-11,T1,ASDP,3719,Ulee Lheu,D.I Aceh,,,,0,0,3,690,690,3
2026-02-12,T1,ASDP,3719,Ulee Lheu,D.I Aceh,,,,0,0,3,808,808,3
2026-02-13,T1,ASDP,3719,Ulee Lheu,D.I Aceh,,,,0,0,3,809,809,3
2026-02-14,T1,ASDP,3719,Ulee Lheu,D.I Aceh,,,,0,0,3,1566,1566,3
2026-02-15,T1,ASDP,3719,Ulee Lheu,D.I Aceh,,,,0,0,3,1834,1834,3
2026-02-16,T1,ASDP,3719,Ulee Lheu,D.I Aceh,,,,0,0,3,1243,1243,3
2026-02-17,T1,ASDP,3719,Ulee Lheu,D.I Aceh,,,,0,0,3,1254,1254,3
2026-02-18,T1,ASDP,3719,Ulee Lheu,D.I Aceh,,,,0,0,3,787,787,3
2026-02-19,T1,ASDP,3719,Ulee Lheu,D.I Aceh,,,,0,0,2,252,252,2
2026-02-20,T1,ASDP,3719,Ulee Lheu,D.I Aceh,,,,0,0,2,333,333,2
2026-02-21,T1,ASDP,3719,Ulee Lheu,D.I Aceh,,,,0,0,2,404,404,2
2026-02-22,T1,ASDP,3719,Ulee Lheu,D.I Aceh,,,,0,0,3,870,870,3
2026-02-23,T1,ASDP,3719,Ulee Lheu,D.I Aceh,,,,0,0,2,434,434,2
2026-02-24,T1,ASDP,3719,Ulee Lheu,D.I Aceh,,,,0,0,2,381,381,2
2026-02-25,T1,ASDP,3719,Ulee Lheu,D.I Aceh,,,,0,0,2,326,326,2
2026-02-26,T1,ASDP,3719,Ulee Lheu,D.I Aceh,,,,0,0,2,362,362,2
2026-02-27,T1,ASDP,3719,Ulee Lheu,D.I Aceh,,,,0,0,2,317,317,2
2026-02-28,T1,ASDP,3719,Ulee Lheu,D.I Aceh,,,,0,0,2,420,420,2
2026-03-01,T1,ASDP,3719,Ulee Lheu,D.I Aceh,,,,0,0,3,700,700,3
2026-03-02,T1,ASDP,3719,Ulee Lheu,D.I Aceh,,,,0,0,2,537,537,2
2026-03-03,T1,ASDP,3719,Ulee Lheu,D.I Aceh,,,,0,0,2,373,373,2
2026-03-04,T1,ASDP,3719,Ulee Lheu,D.I Aceh,,,,0,0,2,428,428,2
2026-03-05,T1,ASDP,3719,Ulee Lheu,D.I Aceh,,,,0,0,2,426,426,2
2026-03-06,T1,ASDP,3719,Ulee Lheu,D.I Aceh,,,,0,0,2,390,390,2
2026-03-07,T1,ASDP,3719,Ulee Lheu,D.I Aceh,,,,0,0,2,462,462,2
2026-03-08,T1,ASDP,3719,Ulee Lheu,D.I Aceh,,,,0,0,3,919,919,3
2026-03-09,T1,ASDP,3719,Ulee Lheu,D.I Aceh,,,,0,0,2,688,688,2
2026-03-10,T1,ASDP,3719,Ulee Lheu,D.I Aceh,,,,0,0,2,425,425,2
2026-03-11,T1,ASDP,3719,Ulee Lheu,D.I Aceh,,,,0,0,2,504,504,2
2026-03-12,T1,ASDP,3719,Ulee Lheu,D.I Aceh,,,,0,0,2,464,464,2
2026-03-13,T1,ASDP,3719,Ulee Lheu,D.I Aceh,,,,0,0,2,587,587,2
2026-03-14,T1,ASDP,3719,Ulee Lheu,D.I Aceh,,,,0,0,3,820,820,3
2026-03-15,T1,ASDP,3719,Ulee Lheu,D.I Aceh,,,,0,0,3,1117,1117,3
2026-03-16,T1,ASDP,3719,Ulee Lheu,D.I Aceh,,,,0,0,3,954,954,3
2026-03-17,T1,ASDP,3719,Ulee Lheu,D.I Aceh,,,,0,0,3,1050,1050,3
2026-03-18,T1,ASDP,3719,Ulee Lheu,D.I Aceh,,,,0,0,3,1642,1642,3
2026-03-19,T1,ASDP,3719,Ulee Lheu,D.I Aceh,,,,0,0,4,2078,2078,4
2026-03-20,T1,ASDP,3719,Ulee Lheu,D.I Aceh,,,,0,0,3,1459,1459,3
2026-03-21,T1,ASDP,3719,Ulee Lheu,D.I Aceh,,,,0,0,2,1387,1387,2
2026-03-22,T1,ASDP,3719,Ulee Lheu,D.I Aceh,,,,0,0,5,3942,3942,5
2026-03-23,T1,ASDP,3719,Ulee Lheu,D.I Aceh,,,,0,0,5,4743,4743,5
2026-03-24,T1,ASDP,3719,Ulee Lheu,D.I Aceh,,,,0,0,5,4426,4426,5
2026-03-25,T1,ASDP,3719,Ulee Lheu,D.I Aceh,,,,0,0,5,4356,4356,5
2026-03-26,T1,ASDP,3719,Ulee Lheu,D.I Aceh,,,,0,0,5,4385,4385,5
2026-03-27,T1,ASDP,3719,Ulee Lheu,D.I Aceh,,,,0,0,5,3748,3748,5
2026-03-28,T1,ASDP,3719,Ulee Lheu,D.I Aceh,,,,0,0,5,3184,3184,5
2026-03-29,T1,ASDP,3719,Ulee Lheu,D.I Aceh,,,,0,0,6,3516,3516,6
2026-03-30,T1,ASDP,3719,Ulee Lheu,D.I Aceh,,,,0,0,4,2279,2279,4
2026-04-01,T1,ASDP,3719,Ulee Lheu,D.I Aceh,,,,0,0,4,1282,1282,4
2026-04-02,T1,ASDP,3719,Ulee Lheu,D.I Aceh,,,,0,0,4,1574,1574,4
2026-04-03,T1,ASDP,3719,Ulee Lheu,D.I Aceh,,,,0,0,4,2077,2077,4
2026-04-04,T1,ASDP,3719,Ulee Lheu,D.I Aceh,,,,0,0,4,1868,1868,4
2026-04-05,T1,ASDP,3719,Ulee Lheu,D.I Aceh,,,,0,0,5,2271,2271,5
2026-04-06,T1,ASDP,3719,Ulee Lheu,D.I Aceh,,,,0,0,4,1322,1322,4
2026-04-07,T1,ASDP,3719,Ulee Lheu,D.I Aceh,,,,0,0,3,1138,1138,3
2026-04-08,T1,ASDP,3719,Ulee Lheu,D.I Aceh,,,,0,0,2,875,875,2
2026-04-09,T1,ASDP,3719,Ulee Lheu,D.I Aceh,,,,0,0,3,834,834,3
2026-04-10,T1,ASDP,3719,Ulee Lheu,D.I Aceh,,,,0,0,3,1334,1334,3
2026-04-11,T1,ASDP,3719,Ulee Lheu,D.I Aceh,,,,0,0,3,1715,1715,3
2026-04-12,T1,ASDP,3719,Ulee Lheu,D.I Aceh,,,,0,0,3,1449,1449,3
2026-04-13,T1,ASDP,3719,Ulee Lheu,D.I Aceh,,,,0,0,3,1037,1037,3
2026-04-14,T1,ASDP,3719,Ulee Lheu,D.I Aceh,,,,0,0,3,1016,1016,3
2026-04-15,T1,ASDP,3719,Ulee Lheu,D.I Aceh,,,,0,0,2,684,684,2
2026-04-16,T1,ASDP,3719,Ulee Lheu,D.I Aceh,,,,0,0,3,729,729,3
2026-04-17,T1,ASDP,3719,Ulee Lheu,D.I Aceh,,,,0,0,3,1228,1228,3
2026-04-18,T1,ASDP,3719,Ulee Lheu,D.I Aceh,,,,0,0,3,1314,1314,3
2026-04-19,T1,ASDP,3719,Ulee Lheu,D.I Aceh,,,,0,0,4,1396,1396,4
2026-04-20,T1,ASDP,3719,Ulee Lheu,D.I Aceh,,,,0,0,3,1002,1002,3
2026-04-21,T1,ASDP,3719,Ulee Lheu,D.I Aceh,,,,0,0,3,773,773,3
2026-04-22,T1,ASDP,3719,Ulee Lheu,D.I Aceh,,,,0,0,2,781,781,2
2026-04-23,T1,ASDP,3719,Ulee Lheu,D.I Aceh,,,,0,0,3,719,719,3
2026-04-24,T1,ASDP,3719,Ulee Lheu,D.I Aceh,,,,0,0,3,1035,1035,3
2026-04-25,T1,ASDP,3719,Ulee Lheu,D.I Aceh,,,,0,0,3,1064,1064,3
2026-04-26,T1,ASDP,3719,Ulee Lheu,D.I Aceh,,,,0,0,3,1085,1085,3
2026-04-27,T1,ASDP,3719,Ulee Lheu,D.I Aceh,,,,0,0,3,827,827,3
2026-04-28,T1,ASDP,3719,Ulee Lheu,D.I Aceh,,,,0,0,3,835,835,3
2026-04-29,T1,ASDP,3719,Ulee Lheu,D.I Aceh,,,,0,0,3,728,728,3
2026-04-30,T1,ASDP,3719,Ulee Lheu,D.I Aceh,,,,0,0,2,959,959,2
2026-05-01,T2,ASDP,3719,Ulee Lheu,D.I Aceh,,,,0,0,4,2198,2198,4
2026-05-02,T2,ASDP,3719,Ulee Lheu,D.I Aceh,,,,0,0,4,1531,1531,4
2026-05-03,T2,ASDP,3719,Ulee Lheu,D.I Aceh,,,,0,0,4,1600,1600,4
2026-05-04,T2,ASDP,3719,Ulee Lheu,D.I Aceh,,,,0,0,3,996,996,3
2026-05-05,T2,ASDP,3719,Ulee Lheu,D.I Aceh,,,,0,0,3,706,706,3
2026-05-06,T2,ASDP,3719,Ulee Lheu,D.I Aceh,,,,0,0,2,628,628,2
2026-05-07,T2,ASDP,3719,Ulee Lheu,D.I Aceh,,,,0,0,3,818,818,3
2026-05-08,T2,ASDP,3719,Ulee Lheu,D.I Aceh,,,,0,0,3,1218,1218,3
2026-05-09,T2,ASDP,3719,Ulee Lheu,D.I Aceh,,,,0,0,3,1312,1312,3
2026-05-10,T2,ASDP,3719,Ulee Lheu,D.I Aceh,,,,0,0,3,1441,1441,3
2026-05-11,T2,ASDP,3719,Ulee Lheu,D.I Aceh,,,,0,0,3,1070,1070,3
2026-05-12,T2,ASDP,3719,Ulee Lheu,D.I Aceh,,,,0,0,3,1189,1189,3
2026-05-13,T2,ASDP,3719,Ulee Lheu,D.I Aceh,,,,0,0,3,1418,1418,3
2026-05-14,T2,ASDP,3719,Ulee Lheu,D.I Aceh,,,,0,0,4,2439,2439,4
2026-05-15,T2,ASDP,3719,Ulee Lheu,D.I Aceh,,,,0,0,4,2252,2252,4
2026-05-16,T2,ASDP,3719,Ulee Lheu,D.I Aceh,,,,0,0,4,1513,1513,4
2026-05-17,T2,ASDP,3719,Ulee Lheu,D.I Aceh,,,,0,0,4,1441,1441,4
2026-05-18,T2,ASDP,3719,Ulee Lheu,D.I Aceh,,,,0,0,3,925,925,3
2026-05-19,T2,ASDP,3719,Ulee Lheu,D.I Aceh,,,,0,0,3,857,857,3
2026-05-20,T2,ASDP,3719,Ulee Lheu,D.I Aceh,,,,0,0,4,763,763,4
2026-05-21,T2,ASDP,3719,Ulee Lheu,D.I Aceh,,,,0,0,2,737,737,2
2026-05-22,T2,ASDP,3719,Ulee Lheu,D.I Aceh,,,,0,0,3,1008,1008,3
2026-05-23,T2,ASDP,3719,Ulee Lheu,D.I Aceh,,,,0,0,3,1375,1375,3
2026-05-24,T2,ASDP,3719,Ulee Lheu,D.I Aceh,,,,0,0,3,1506,1506,3
2026-05-25,T2,ASDP,3719,Ulee Lheu,D.I Aceh,,,,0,0,3,1507,1507,3
2026-05-26,T2,ASDP,3719,Ulee Lheu,D.I Aceh,,,,0,0,3,1321,1321,3
2026-05-27,T2,ASDP,3719,Ulee Lheu,D.I Aceh,,,,0,0,2,1006,1006,2
2026-05-28,T2,ASDP,3719,Ulee Lheu,D.I Aceh,,,,0,0,4,2226,2226,4
2026-05-29,T2,ASDP,3719,Ulee Lheu,D.I Aceh,,,,0,0,4,2730,2730,4
2026-05-30,T2,ASDP,3719,Ulee Lheu,D.I Aceh,,,,0,0,4,2762,2762,4
2026-05-31,T2,ASDP,3719,Ulee Lheu,D.I Aceh,,,,0,0,4,2546,2546,4
2026-06-01,T2,ASDP,3719,Ulee Lheu,D.I Aceh,,,,0,0,4,2580,2580,4
2026-06-02,T2,ASDP,3719,Ulee Lheu,D.I Aceh,,,,0,0,4,1499,1499,4
2026-06-03,T2,ASDP,3719,Ulee Lheu,D.I Aceh,,,,0,0,3,958,958,3
2026-06-04,T2,ASDP,3719,Ulee Lheu,D.I Aceh,,,,0,0,3,848,848,3
2026-06-05,T2,ASDP,3719,Ulee Lheu,D.I Aceh,,,,0,0,4,997,997,4
2026-06-06,T2,ASDP,3719,Ulee Lheu,D.I Aceh,,,,0,0,3,1187,1187,3
2026-06-07,T2,ASDP,3719,Ulee Lheu,D.I Aceh,,,,0,0,4,1296,1296,4
2026-06-08,T2,ASDP,3719,Ulee Lheu,D.I Aceh,,,,0,0,4,953,953,4
2026-06-09,T2,ASDP,3719,Ulee Lheu,D.I Aceh,,,,0,0,4,982,982,4
2026-06-10,T2,ASDP,3719,Ulee Lheu,D.I Aceh,,,,0,0,3,693,693,3
2026-06-11,T2,ASDP,3719,Ulee Lheu,D.I Aceh,,,,0,0,4,757,757,4
2026-06-12,T2,ASDP,3719,Ulee Lheu,D.I Aceh,,,,0,0,2,1095,1095,2
2026-06-13,T2,ASDP,3719,Ulee Lheu,D.I Aceh,,,,0,0,3,1659,1659,3
2026-06-14,T2,ASDP,3719,Ulee Lheu,D.I Aceh,,,,0,0,2,1256,1256,2
2026-06-15,T2,ASDP,3719,Ulee Lheu,D.I Aceh,,,,0,0,3,1642,1642,3
2026-06-16,T2,ASDP,3719,Ulee Lheu,D.I Aceh,,,,0,0,2,1046,1046,2
2026-06-17,T2,ASDP,3719,Ulee Lheu,D.I Aceh,,,,0,0,2,1113,1113,2
2026-06-18,T2,ASDP,3719,Ulee Lheu,D.I Aceh,,,,0,0,2,849,849,2
2026-06-19,T2,ASDP,3719,Ulee Lheu,D.I Aceh,,,,0,0,3,1185,1185,3
2026-06-20,T2,ASDP,3719,Ulee Lheu,D.I Aceh,,,,0,0,2,1101,1101,2
2026-06-21,T2,ASDP,3719,Ulee Lheu,D.I Aceh,,,,0,0,3,1698,1698,3
2026-06-22,T2,ASDP,3719,Ulee Lheu,D.I Aceh,,,,0,0,2,1344,1344,2
2026-06-23,T2,ASDP,3719,Ulee Lheu,D.I Aceh,,,,0,0,2,1135,1135,2
2026-06-24,T2,ASDP,3719,Ulee Lheu,D.I Aceh,,,,0,0,3,1765,1765,3
2026-06-25,T2,ASDP,3719,Ulee Lheu,D.I Aceh,,,,0,0,2,967,967,2
2026-06-26,T2,ASDP,3719,Ulee Lheu,D.I Aceh,,,,0,0,3,1438,1438,3
2026-06-27,T2,ASDP,3719,Ulee Lheu,D.I Aceh,,,,0,0,2,1139,1139,2
2026-06-28,T2,ASDP,3719,Ulee Lheu,D.I Aceh,,,,0,0,4,1229,1229,4
2026-06-29,T2,ASDP,3719,Ulee Lheu,D.I Aceh,,,,0,0,2,862,862,2
2026-06-30,T2,ASDP,3719,Ulee Lheu,D.I Aceh,,,,0,0,3,1299,1299,3
2026-07-01,T2,ASDP,3719,Ulee Lheu,D.I Aceh,,,,0,0,3,889,889,3
2026-07-02,T2,ASDP,3719,Ulee Lheu,D.I Aceh,,,,0,0,4,1339,1339,4
2026-07-03,T2,ASDP,3719,Ulee Lheu,D.I Aceh,,,,0,0,3,980,980,3
2026-07-04,T2,ASDP,3719,Ulee Lheu,D.I Aceh,,,,0,0,3,1597,1597,3
2026-07-05,T2,ASDP,3719,Ulee Lheu,D.I Aceh,,,,0,0,5,2071,2071,5
2026-07-06,T2,ASDP,3719,Ulee Lheu,D.I Aceh,,,,0,0,6,1991,1991,6
2026-07-07,T2,ASDP,3719,Ulee Lheu,D.I Aceh,,,,0,0,5,1743,1743,5
2026-07-08,T2,ASDP,3719,Ulee Lheu,D.I Aceh,,,,0,0,5,1536,1536,5
2026-07-09,T2,ASDP,3719,Ulee Lheu,D.I Aceh,,,,0,0,5,1466,1466,5
2026-07-10,T2,ASDP,3719,Ulee Lheu,D.I Aceh,,,,0,0,5,1777,1777,5
2026-07-11,T2,ASDP,3719,Ulee Lheu,D.I Aceh,,,,0,0,6,1471,1471,6
2026-07-12,T2,ASDP,3719,Ulee Lheu,D.I Aceh,,,,0,0,6,1640,1640,6
2026-07-13,T2,ASDP,3719,Ulee Lheu,D.I Aceh,,,,0,0,5,902,902,5
2026-07-14,T2,ASDP,3719,Ulee Lheu,D.I Aceh,,,,0,0,4,720,720,4
2026-07-15,T2,ASDP,3719,Ulee Lheu,D.I Aceh,,,,0,0,4,740,740,4
2026-07-16,T2,ASDP,3719,Ulee Lheu,D.I Aceh,,,,0,0,3,511,511,3
2026-07-17,T2,ASDP,3719,Ulee Lheu,D.I Aceh,,,,0,0,4,912,912,4
2026-07-18,T2,ASDP,3719,Ulee Lheu,D.I Aceh,,,,0,0,4,1058,1058,4
2026-07-19,T2,ASDP,3719,Ulee Lheu,D.I Aceh,,,,0,0,4,968,968,4
2026-07-20,T2,ASDP,3719,Ulee Lheu,D.I Aceh,,,,0,0,4,860,860,4
2026-07-21,T2,ASDP,3719,Ulee Lheu,D.I Aceh,,,,0,0,4,766,766,4
2026-07-22,T2,ASDP,3719,Ulee Lheu,D.I Aceh,,,,0,0,4,609,609,4
2026-07-23,T2,ASDP,3719,Ulee Lheu,D.I Aceh,,,,0,0,3,540,540,3
2026-07-24,T2,ASDP,3719,Ulee Lheu,D.I Aceh,,,,0,0,4,960,960,4
2026-07-25,T2,ASDP,3719,Ulee Lheu,D.I Aceh,,,,0,0,4,1005,1005,4
2026-07-26,T2,ASDP,3719,Ulee Lheu,D.I Aceh,,,,0,0,4,939,939,4
2026-07-27,T2,ASDP,3719,Ulee Lheu,D.I Aceh,,,,0,0,4,761,761,4
2026-07-28,T2,ASDP,3719,Ulee Lheu,D.I Aceh,,,,0,0,4,735,735,4
2026-07-29,T2,ASDP,3719,Ulee Lheu,D.I Aceh,,,,0,0,5,597,597,5
2026-07-30,T2,ASDP,3719,Ulee Lheu,D.I Aceh,,,,0,0,4,551,551,4
2026-07-31,T2,ASDP,3719,Ulee Lheu,D.I Aceh,,,,0,0,3,774,774,3
2026-08-01,T2,ASDP,3719,Ulee Lheu,D.I Aceh,,,,0,0,3,826,826,3
2026-08-02,T2,ASDP,3719,Ulee Lheu,D.I Aceh,,,,0,0,3,878,878,3
2026-08-03,T2,ASDP,3719,Ulee Lheu,D.I Aceh,,,,0,0,3,790,790,3
2026-08-04,T2,ASDP,3719,Ulee Lheu,D.I Aceh,,,,0,0,3,732,732,3
2026-08-05,T2,ASDP,3719,Ulee Lheu,D.I Aceh,,,,0,0,3,712,712,3
2026-08-06,T2,ASDP,3719,Ulee Lheu,D.I Aceh,,,,0,0,2,601,601,2
2026-08-07,T2,ASDP,3719,Ulee Lheu,D.I Aceh,,,,0,0,4,895,895,4
2026-08-08,T2,ASDP,3719,Ulee Lheu,D.I Aceh,,,,0,0,3,758,758,3
2026-08-09,T2,ASDP,3719,Ulee Lheu,D.I Aceh,,,,0,0,3,711,711,3
2026-08-10,T2,ASDP,3719,Ulee Lheu,D.I Aceh,,,,0,0,3,648,648,3
2026-08-11,T2,ASDP,3719,Ulee Lheu,D.I Aceh,,,,0,0,3,701,701,3
2026-08-12,T2,ASDP,3719,Ulee Lheu,D.I Aceh,,,,0,0,3,577,577,3
2026-08-13,T2,ASDP,3719,Ulee Lheu,D.I Aceh,,,,0,0,3,676,676,3
2026-08-14,T2,ASDP,3719,Ulee Lheu,D.I Aceh,,,,0,0,4,1079,1079,4
2026-08-15,T2,ASDP,3719,Ulee Lheu,D.I Aceh,,,,0,0,3,943,943,3
2026-08-16,T2,ASDP,3719,Ulee Lheu,D.I Aceh,,,,0,0,4,1258,1258,4
2026-08-17,T2,ASDP,3719,Ulee Lheu,D.I Aceh,,,,0,0,3,871,871,3
2026-08-18,T2,ASDP,3719,Ulee Lheu,D.I Aceh,,,,0,0,3,561,561,3
2026-08-19,T2,ASDP,3719,Ulee Lheu,D.I Aceh,,,,0,0,3,661,661,3
2026-08-20,T2,ASDP,3719,Ulee Lheu,D.I Aceh,,,,0,0,3,533,533,3
2026-08-21,T2,ASDP,3719,Ulee Lheu,D.I Aceh,,,,0,0,4,926,926,4
2026-08-22,T2,ASDP,3719,Ulee Lheu,D.I Aceh,,,,0,0,4,997,997,4
2026-08-23,T2,ASDP,3719,Ulee Lheu,D.I Aceh,,,,0,0,4,1333,1333,4
2026-08-24,T2,ASDP,3719,Ulee Lheu,D.I Aceh,,,,0,0,5,742,742,5
2026-08-25,T2,ASDP,3719,Ulee Lheu,D.I Aceh,,,,0,0,5,952,952,5
2026-08-26,T2,ASDP,3719,Ulee Lheu,D.I Aceh,,,,0,0,4,942,942,4
2026-08-27,T2,ASDP,3719,Ulee Lheu,D.I Aceh,,,,0,0,3,745,745,3
2026-08-28,T2,ASDP,3719,Ulee Lheu,D.I Aceh,,,,0,0,4,960,960,4
2026-08-29,T2,ASDP,3719,Ulee Lheu,D.I Aceh,,,,0,0,4,1066,1066,4
2026-08-30,T2,ASDP,3719,Ulee Lheu,D.I Aceh,,,,0,0,4,883,883,4
2026-08-31,T2,ASDP,3719,Ulee Lheu,D.I Aceh,,,,0,0,4,584,584,4
2026-09-01,T3,ASDP,3719,Ulee Lheu,D.I Aceh,,,,0,0,4,626,626,4
2026-09-02,T3,ASDP,3719,Ulee Lheu,D.I Aceh,,,,0,0,4,558,558,4
2026-09-03,T3,ASDP,3719,Ulee Lheu,D.I Aceh,,,,0,0,4,544,544,4
2026-09-04,T3,ASDP,3719,Ulee Lheu,D.I Aceh,,,,0,0,4,1018,1018,4
2026-09-05,T3,ASDP,3719,Ulee Lheu,D.I Aceh,,,,0,0,3,845,845,3
2026-09-06,T3,ASDP,3719,Ulee Lheu,D.I Aceh,,,,0,0,3,974,974,3
2026-09-07,T3,ASDP,3719,Ulee Lheu,D.I Aceh,,,,0,0,3,752,752,3
2026-09-08,T3,ASDP,3719,Ulee Lheu,D.I Aceh,,,,0,0,3,718,718,3
2026-09-09,T3,ASDP,3719,Ulee Lheu,D.I Aceh,,,,0,0,2,511,511,2
2026-09-10,T3,ASDP,3719,Ulee Lheu,D.I Aceh,,,,0,0,3,609,609,3
2026-09-11,T3,ASDP,3719,Ulee Lheu,D.I Aceh,,,,0,0,3,1027,1027,3
2026-09-12,T3,ASDP,3719,Ulee Lheu,D.I Aceh,,,,0,0,3,752,752,3
2026-09-13,T3,ASDP,3719,Ulee Lheu,D.I Aceh,,,,0,0,3,962,962,3
2026-09-14,T3,ASDP,3719,Ulee Lheu,D.I Aceh,,,,0,0,3,849,849,3
2026-09-15,T3,ASDP,3719,Ulee Lheu,D.I Aceh,,,,0,0,3,708,708,3
2026-09-16,T3,ASDP,3719,Ulee Lheu,D.I Aceh,,,,0,0,3,561,561,3
2026-09-17,T3,ASDP,3719,Ulee Lheu,D.I Aceh,,,,0,0,3,430,430,3
2026-09-18,T3,ASDP,3719,Ulee Lheu,D.I Aceh,,,,0,0,3,605,605,3
2026-09-19,T3,ASDP,3719,Ulee Lheu,D.I Aceh,,,,0,0,3,784,784,3
2026-09-20,T3,ASDP,3719,Ulee Lheu,D.I Aceh,,,,0,0,3,1002,1002,3
2026-09-21,T3,ASDP,3719,Ulee Lheu,D.I Aceh,,,,0,0,3,760,760,3
2026-09-22,T3,ASDP,3719,Ulee Lheu,D.I Aceh,,,,0,0,2,566,566,2
2026-09-23,T3,ASDP,3719,Ulee Lheu,D.I Aceh,,,,0,0,2,497,497,2
2026-09-24,T3,ASDP,3719,Ulee Lheu,D.I Aceh,,,,0,0,3,399,399,3
2026-09-25,T3,ASDP,3719,Ulee Lheu,D.I Aceh,,,,0,0,3,558,558,3
2026-09-26,T3,ASDP,3719,Ulee Lheu,D.I Aceh,,,,0,0,3,0,0,3
2026-09-27,T3,ASDP,3719,Ulee Lheu,D.I Aceh,,,,0,0,3,0,0,3
2026-01-04,T1,ASDP,4013,WAILEY,Maluku,,,,0,0,0,0,0,0
2026-01-09,T1,ASDP,4013,WAILEY,Maluku,,,,0,0,0,0,0,0
2026-03-14,T1,ASDP,4013,WAILEY,Maluku,,,,0,0,0,0,0,0
2026-03-27,T1,ASDP,4013,WAILEY,Maluku,,,,0,0,0,0,0,0
2026-03-28,T1,ASDP,4013,WAILEY,Maluku,,,,0,0,0,0,0,0
2026-03-15,T1,ASDP,3062,Waduk Sermo,D.I Yogyakarta,,,,0,0,0,0,0,0
2026-01-03,T1,ASDP,4007,Wahai,Maluku,,,,0,0,0,0,0,0
2026-01-04,T1,ASDP,4007,Wahai,Maluku,,,,0,0,0,0,0,0
2026-01-09,T1,ASDP,4007,Wahai,Maluku,,,,0,0,0,0,0,0
2026-03-14,T1,ASDP,4007,Wahai,Maluku,,,,0,0,0,0,0,0
2026-03-16,T1,ASDP,4007,Wahai,Maluku,,,,0,0,0,0,0,0
2026-03-17,T1,ASDP,4007,Wahai,Maluku,,,,0,0,0,0,0,0
2026-03-18,T1,ASDP,4007,Wahai,Maluku,,,,0,0,0,0,0,0
2026-03-19,T1,ASDP,4007,Wahai,Maluku,,,,0,0,0,0,0,0
2026-03-20,T1,ASDP,4007,Wahai,Maluku,,,,0,0,0,0,0,0
2026-03-24,T1,ASDP,4007,Wahai,Maluku,,,,0,0,0,0,0,0
2026-03-26,T1,ASDP,4007,Wahai,Maluku,,,,0,0,0,0,0,0
2026-03-27,T1,ASDP,4007,Wahai,Maluku,,,,0,0,0,0,0,0
2026-03-28,T1,ASDP,4007,Wahai,Maluku,,,,0,0,0,0,0,0
2026-03-29,T1,ASDP,4007,Wahai,Maluku,,,,0,0,0,0,0,0
2026-01-01,T1,ASDP,4010,Waigeo (Raja Ampat),Papua Barat,,,,0,0,0,0,0,0
2026-01-02,T1,ASDP,4010,Waigeo (Raja Ampat),Papua Barat,,,,0,0,0,0,0,0
2026-01-03,T1,ASDP,4010,Waigeo (Raja Ampat),Papua Barat,,,,0,0,1,38,38,1
2026-01-04,T1,ASDP,4010,Waigeo (Raja Ampat),Papua Barat,,,,0,0,1,62,62,1
2026-01-10,T1,ASDP,4010,Waigeo (Raja Ampat),Papua Barat,,,,0,0,1,55,55,1
2026-01-11,T1,ASDP,4010,Waigeo (Raja Ampat),Papua Barat,,,,0,0,1,46,46,1
2026-01-17,T1,ASDP,4010,Waigeo (Raja Ampat),Papua Barat,,,,0,0,1,40,40,1
2026-01-18,T1,ASDP,4010,Waigeo (Raja Ampat),Papua Barat,,,,0,0,1,46,46,1
2026-03-13,T1,ASDP,4010,Waigeo (Raja Ampat),Papua Barat,,,,0,0,0,0,0,0
2026-03-14,T1,ASDP,4010,Waigeo (Raja Ampat),Papua Barat,,,,0,0,0,0,0,0
2026-03-15,T1,ASDP,4010,Waigeo (Raja Ampat),Papua Barat,,,,0,0,0,0,0,0
2026-03-16,T1,ASDP,4010,Waigeo (Raja Ampat),Papua Barat,,,,0,0,0,0,0,0
2026-01-01,T1,ASDP,3440,Waikelo,Nusa Tenggara Timur,,,,0,0,0,0,0,0
2026-01-02,T1,ASDP,3440,Waikelo,Nusa Tenggara Timur,,,,0,0,0,0,0,0
2026-01-03,T1,ASDP,3440,Waikelo,Nusa Tenggara Timur,,,,0,0,0,0,0,0
2026-03-13,T1,ASDP,3440,Waikelo,Nusa Tenggara Timur,,,,0,0,0,0,0,0
2026-03-14,T1,ASDP,3440,Waikelo,Nusa Tenggara Timur,,,,0,0,0,0,0,0
2026-03-15,T1,ASDP,3440,Waikelo,Nusa Tenggara Timur,,,,0,0,0,0,0,0
2026-03-16,T1,ASDP,3440,Waikelo,Nusa Tenggara Timur,,,,0,0,0,0,0,0
2026-03-17,T1,ASDP,3440,Waikelo,Nusa Tenggara Timur,,,,0,0,0,0,0,0
2026-03-18,T1,ASDP,3440,Waikelo,Nusa Tenggara Timur,,,,0,0,0,0,0,0
2026-03-19,T1,ASDP,3440,Waikelo,Nusa Tenggara Timur,,,,0,0,0,0,0,0
2026-03-20,T1,ASDP,3440,Waikelo,Nusa Tenggara Timur,,,,0,0,0,0,0,0
2026-03-21,T1,ASDP,3440,Waikelo,Nusa Tenggara Timur,,,,0,0,0,0,0,0
2026-03-22,T1,ASDP,3440,Waikelo,Nusa Tenggara Timur,,,,0,0,0,0,0,0
2026-03-23,T1,ASDP,3440,Waikelo,Nusa Tenggara Timur,,,,0,0,0,0,0,0
2026-03-24,T1,ASDP,3440,Waikelo,Nusa Tenggara Timur,,,,0,0,0,0,0,0
2026-03-25,T1,ASDP,3440,Waikelo,Nusa Tenggara Timur,,,,0,0,0,0,0,0
2026-03-26,T1,ASDP,3440,Waikelo,Nusa Tenggara Timur,,,,0,0,0,0,0,0
2026-03-27,T1,ASDP,3440,Waikelo,Nusa Tenggara Timur,,,,0,0,0,0,0,0
2026-03-28,T1,ASDP,3440,Waikelo,Nusa Tenggara Timur,,,,0,0,0,0,0,0
2026-01-03,T1,ASDP,4016,Waisala,Maluku,,,,0,0,0,0,0,0
2026-01-04,T1,ASDP,4016,Waisala,Maluku,,,,0,0,0,0,0,0
2026-01-09,T1,ASDP,4016,Waisala,Maluku,,,,0,0,0,0,0,0
2026-03-14,T1,ASDP,4016,Waisala,Maluku,,,,0,0,0,0,0,0
2026-03-16,T1,ASDP,4016,Waisala,Maluku,,,,0,0,0,0,0,0
2026-03-17,T1,ASDP,4016,Waisala,Maluku,,,,0,0,0,0,0,0
2026-03-18,T1,ASDP,4016,Waisala,Maluku,,,,0,0,0,0,0,0
2026-03-19,T1,ASDP,4016,Waisala,Maluku,,,,0,0,0,0,0,0
2026-03-20,T1,ASDP,4016,Waisala,Maluku,,,,0,0,0,0,0,0
2026-03-24,T1,ASDP,4016,Waisala,Maluku,,,,0,0,0,0,0,0
2026-03-26,T1,ASDP,4016,Waisala,Maluku,,,,0,0,0,0,0,0
2026-03-27,T1,ASDP,4016,Waisala,Maluku,,,,0,0,0,0,0,0
2026-03-28,T1,ASDP,4016,Waisala,Maluku,,,,0,0,0,0,0,0
2026-03-29,T1,ASDP,4016,Waisala,Maluku,,,,0,0,0,0,0,0
2026-01-01,T1,ASDP,3284,Wakai,Sulawesi Tengah,,,,0,0,0,0,0,0
2026-01-02,T1,ASDP,3284,Wakai,Sulawesi Tengah,,,,0,0,0,0,0,0
2026-01-03,T1,ASDP,3284,Wakai,Sulawesi Tengah,,,,0,0,0,0,0,0
2026-01-04,T1,ASDP,3284,Wakai,Sulawesi Tengah,,,,0,0,0,0,0,0
2026-03-13,T1,ASDP,3284,Wakai,Sulawesi Tengah,,,,0,0,0,0,0,0
2026-03-14,T1,ASDP,3284,Wakai,Sulawesi Tengah,,,,0,0,2,167,167,2
2026-03-15,T1,ASDP,3284,Wakai,Sulawesi Tengah,,,,0,0,0,0,0,0
2026-03-16,T1,ASDP,3284,Wakai,Sulawesi Tengah,,,,0,0,1,243,243,1
2026-03-17,T1,ASDP,3284,Wakai,Sulawesi Tengah,,,,0,0,0,0,0,0
2026-03-18,T1,ASDP,3284,Wakai,Sulawesi Tengah,,,,0,0,1,148,148,1
2026-03-19,T1,ASDP,3284,Wakai,Sulawesi Tengah,,,,0,0,1,14,14,1
2026-03-20,T1,ASDP,3284,Wakai,Sulawesi Tengah,,,,0,0,0,0,0,0
2026-03-21,T1,ASDP,3284,Wakai,Sulawesi Tengah,,,,0,0,0,0,0,0
2026-03-22,T1,ASDP,3284,Wakai,Sulawesi Tengah,,,,0,0,0,0,0,0
2026-03-23,T1,ASDP,3284,Wakai,Sulawesi Tengah,,,,0,0,1,159,159,1
2026-03-24,T1,ASDP,3284,Wakai,Sulawesi Tengah,,,,0,0,0,0,0,0
2026-03-25,T1,ASDP,3284,Wakai,Sulawesi Tengah,,,,0,0,1,334,334,1
2026-03-26,T1,ASDP,3284,Wakai,Sulawesi Tengah,,,,0,0,1,86,86,1
2026-03-27,T1,ASDP,3284,Wakai,Sulawesi Tengah,,,,0,0,0,0,0,0
2026-03-28,T1,ASDP,3284,Wakai,Sulawesi Tengah,,,,0,0,1,229,229,1
2026-03-29,T1,ASDP,3284,Wakai,Sulawesi Tengah,,,,0,0,0,0,0,0
2026-01-02,T1,ASDP,3239,Wanci,Sulawesi Tenggara,,,,0,0,1,45,45,1
2026-01-03,T1,ASDP,3239,Wanci,Sulawesi Tenggara,,,,0,0,1,25,25,1
2026-03-14,T1,ASDP,3239,Wanci,Sulawesi Tenggara,,,,0,0,1,50,50,1
2026-03-15,T1,ASDP,3239,Wanci,Sulawesi Tenggara,,,,0,0,0,0,0,0
2026-03-16,T1,ASDP,3239,Wanci,Sulawesi Tenggara,,,,0,0,0,0,0,0
2026-03-18,T1,ASDP,3239,Wanci,Sulawesi Tenggara,,,,0,0,0,0,0,0
2026-03-19,T1,ASDP,3239,Wanci,Sulawesi Tenggara,,,,0,0,0,0,0,0
2026-03-20,T1,ASDP,3239,Wanci,Sulawesi Tenggara,,,,0,0,2,55,55,2
2026-03-21,T1,ASDP,3239,Wanci,Sulawesi Tenggara,,,,0,0,0,0,0,0
2026-03-22,T1,ASDP,3239,Wanci,Sulawesi Tenggara,,,,0,0,0,0,0,0
2026-03-23,T1,ASDP,3239,Wanci,Sulawesi Tenggara,,,,0,0,0,0,0,0
2026-03-24,T1,ASDP,3239,Wanci,Sulawesi Tenggara,,,,0,0,0,0,0,0
2026-03-25,T1,ASDP,3239,Wanci,Sulawesi Tenggara,,,,0,0,0,0,0,0
2026-03-26,T1,ASDP,3239,Wanci,Sulawesi Tenggara,,,,0,0,0,0,0,0
2026-03-27,T1,ASDP,3239,Wanci,Sulawesi Tenggara,,,,0,0,0,0,0,0
2026-03-28,T1,ASDP,3239,Wanci,Sulawesi Tenggara,,,,0,0,0,0,0,0
2026-01-03,T1,ASDP,4028,Wunlah,Maluku,,,,0,0,0,0,0,0
2026-01-04,T1,ASDP,4028,Wunlah,Maluku,,,,0,0,0,0,0,0
2026-01-09,T1,ASDP,4028,Wunlah,Maluku,,,,0,0,0,0,0,0
2026-03-16,T1,ASDP,4028,Wunlah,Maluku,,,,0,0,0,0,0,0
2026-03-17,T1,ASDP,4028,Wunlah,Maluku,,,,0,0,0,0,0,0
2026-03-18,T1,ASDP,4028,Wunlah,Maluku,,,,0,0,0,0,0,0
2026-03-19,T1,ASDP,4028,Wunlah,Maluku,,,,0,0,0,0,0,0
2026-03-20,T1,ASDP,4028,Wunlah,Maluku,,,,0,0,0,0,0,0
2026-03-24,T1,ASDP,4028,Wunlah,Maluku,,,,0,0,0,0,0,0
2026-03-26,T1,ASDP,4028,Wunlah,Maluku,,,,0,0,0,0,0,0
2026-03-27,T1,ASDP,4028,Wunlah,Maluku,,,,0,0,0,0,0,0
2026-03-28,T1,ASDP,4028,Wunlah,Maluku,,,,0,0,0,0,0,0
2026-03-29,T1,ASDP,4028,Wunlah,Maluku,,,,0,0,0,0,0,0
2026-03-16,T1,BUS,B1281,Ambulu,Jawa Timur,,,B,0,0,1,4,4,1
2026-03-14,T1,BUS,B1282,Anjuk Ladang,Jawa Timur,,,B,1,21,0,0,21,1
2026-03-23,T1,BUS,B1282,Anjuk Ladang,Jawa Timur,,,B,0,0,1,30,30,1
2026-01-07,T1,BUS,B1787,BSD,Banten,,,C,0,0,7,121,121,7
2026-01-08,T1,BUS,B1787,BSD,Banten,,,C,0,0,14,182,182,14
2026-01-09,T1,BUS,B1787,BSD,Banten,,,C,0,0,9,121,121,9
2026-01-10,T1,BUS,B1787,BSD,Banten,,,C,0,0,3,31,31,3
2026-01-12,T1,BUS,B1787,BSD,Banten,,,C,0,0,8,162,162,8
2026-04-22,T1,BUS,B1787,BSD,Banten,,,C,0,0,1,30,30,1
2026-02-06,T1,BUS,B997,Banyuputih,Jawa Tengah,,,B,0,0,1,11,11,1
2026-02-24,T1,BUS,B997,Banyuputih,Jawa Tengah,,,B,0,0,1,5,5,1
2026-03-13,T1,BUS,B997,Banyuputih,Jawa Tengah,,,B,0,0,8,25,25,8
2026-03-14,T1,BUS,B997,Banyuputih,Jawa Tengah,,,B,8,89,8,18,107,16
2026-03-15,T1,BUS,B997,Banyuputih,Jawa Tengah,,,B,0,0,3,0,0,3
2026-03-13,T1,BUS,B1285,Batu,Jawa Timur,,,B,17,268,17,303,571,34
2026-03-14,T1,BUS,B1285,Batu,Jawa Timur,,,B,4,98,3,67,165,7
2026-01-01,T1,BUS,B1286,Baturetno,Jawa Tengah,,,B,5,90,15,155,245,20
2026-01-02,T1,BUS,B1286,Baturetno,Jawa Tengah,,,B,5,107,15,192,299,20
2026-01-03,T1,BUS,B1286,Baturetno,Jawa Tengah,,,B,6,115,14,199,314,20
2026-01-04,T1,BUS,B1286,Baturetno,Jawa Tengah,,,B,5,109,14,188,297,19
2026-03-13,T1,BUS,B1286,Baturetno,Jawa Tengah,,,B,3,55,14,132,187,17
2026-03-14,T1,BUS,B1286,Baturetno,Jawa Tengah,,,B,9,101,9,132,233,18
2026-03-15,T1,BUS,B1286,Baturetno,Jawa Tengah,,,B,7,87,8,119,206,15
2026-03-16,T1,BUS,B1286,Baturetno,Jawa Tengah,,,B,9,114,8,126,240,17
2026-03-17,T1,BUS,B1286,Baturetno,Jawa Tengah,,,B,12,182,9,147,329,21
2026-03-18,T1,BUS,B1286,Baturetno,Jawa Tengah,,,B,16,230,9,164,394,25
2026-03-19,T1,BUS,B1286,Baturetno,Jawa Tengah,,,B,14,224,11,186,410,25
2026-03-20,T1,BUS,B1286,Baturetno,Jawa Tengah,,,B,12,173,10,174,347,22
2026-03-21,T1,BUS,B1286,Baturetno,Jawa Tengah,,,B,7,119,13,143,262,20
2026-03-23,T1,BUS,B1286,Baturetno,Jawa Tengah,,,B,0,0,1,18,18,1
2026-03-24,T1,BUS,B1286,Baturetno,Jawa Tengah,,,B,8,184,16,197,381,24
2026-03-25,T1,BUS,B1286,Baturetno,Jawa Tengah,,,B,9,166,14,164,330,23
2026-03-26,T1,BUS,B1286,Baturetno,Jawa Tengah,,,B,7,151,15,238,389,22
2026-03-28,T1,BUS,B1286,Baturetno,Jawa Tengah,,,B,6,118,15,233,351,21
2026-03-12,T1,BUS,B1289,Bintoro,Jawa Tengah,,,B,0,0,10,106,106,10
2026-03-13,T1,BUS,B1289,Bintoro,Jawa Tengah,,,B,0,0,6,96,96,6
2026-03-14,T1,BUS,B1289,Bintoro,Jawa Tengah,,,B,0,0,9,103,103,9
2026-03-15,T1,BUS,B1289,Bintoro,Jawa Tengah,,,B,0,0,9,144,144,9
2026-03-16,T1,BUS,B1289,Bintoro,Jawa Tengah,,,B,0,0,10,124,124,10
2026-03-17,T1,BUS,B1289,Bintoro,Jawa Tengah,,,B,0,0,10,118,118,10
2026-01-05,T1,BUS,B1292,Bontang,Kalimantan Timur,,,B,1,25,0,0,25,1
2026-03-13,T1,BUS,B1292,Bontang,Kalimantan Timur,,,B,4,71,7,61,132,11
2026-03-14,T1,BUS,B1292,Bontang,Kalimantan Timur,,,B,0,0,7,120,120,7
2026-03-15,T1,BUS,B1292,Bontang,Kalimantan Timur,,,B,6,134,6,94,228,12
2026-03-16,T1,BUS,B1292,Bontang,Kalimantan Timur,,,B,0,0,7,69,69,7
2026-03-17,T1,BUS,B1292,Bontang,Kalimantan Timur,,,B,4,54,5,53,107,9
2026-03-18,T1,BUS,B1292,Bontang,Kalimantan Timur,,,B,2,52,7,176,228,9
2026-03-19,T1,BUS,B1292,Bontang,Kalimantan Timur,,,B,0,0,3,89,89,3
2026-03-22,T1,BUS,B1292,Bontang,Kalimantan Timur,,,B,3,90,3,74,164,6
2026-03-23,T1,BUS,B1292,Bontang,Kalimantan Timur,,,B,7,207,9,215,422,16
2026-03-24,T1,BUS,B1292,Bontang,Kalimantan Timur,,,B,10,292,4,117,409,14
2026-03-25,T1,BUS,B1292,Bontang,Kalimantan Timur,,,B,0,0,7,179,179,7
2026-03-27,T1,BUS,B1292,Bontang,Kalimantan Timur,,,B,2,37,5,129,166,7
2026-03-13,T1,BUS,B1293,Bukit Surungan,Sumatera Barat,,,B,3,32,66,694,726,69
2026-03-14,T1,BUS,B1293,Bukit Surungan,Sumatera Barat,,,B,8,127,72,807,934,80
2026-03-15,T1,BUS,B1293,Bukit Surungan,Sumatera Barat,,,B,5,58,77,946,1004,82
2026-03-16,T1,BUS,B1293,Bukit Surungan,Sumatera Barat,,,B,4,36,31,371,407,35
2026-03-17,T1,BUS,B1293,Bukit Surungan,Sumatera Barat,,,B,11,169,48,419,588,59
2026-03-18,T1,BUS,B1293,Bukit Surungan,Sumatera Barat,,,B,4,76,60,690,766,64
2026-03-19,T1,BUS,B1293,Bukit Surungan,Sumatera Barat,,,B,1,10,42,352,362,43
2026-03-20,T1,BUS,B1293,Bukit Surungan,Sumatera Barat,,,B,0,0,7,59,59,7
2026-03-21,T1,BUS,B1293,Bukit Surungan,Sumatera Barat,,,B,2,13,9,82,95,11
2026-03-22,T1,BUS,B1293,Bukit Surungan,Sumatera Barat,,,B,2,33,17,177,210,19
2026-03-23,T1,BUS,B1293,Bukit Surungan,Sumatera Barat,,,B,0,0,13,193,193,13
2026-03-24,T1,BUS,B1293,Bukit Surungan,Sumatera Barat,,,B,2,22,11,189,211,13
2026-03-25,T1,BUS,B1293,Bukit Surungan,Sumatera Barat,,,B,3,30,41,540,570,44
2026-03-26,T1,BUS,B1293,Bukit Surungan,Sumatera Barat,,,B,4,74,48,718,792,52
2026-03-27,T1,BUS,B1293,Bukit Surungan,Sumatera Barat,,,B,2,16,54,674,690,56
2026-03-28,T1,BUS,B1293,Bukit Surungan,Sumatera Barat,,,B,3,37,24,362,399,27
2026-03-29,T1,BUS,B1293,Bukit Surungan,Sumatera Barat,,,B,0,0,37,582,582,37
2026-03-15,T1,BUS,B1371,Cappabungayya,Sulawesi Selatan,,,B,28,128,0,0,128,28
2026-04-20,T1,BUS,B1371,Cappabungayya,Sulawesi Selatan,,,B,23,106,0,0,106,23
2026-01-01,T1,BUS,B1454,Cikarang,Jawa Barat,,,B,14,26,35,144,170,49
2026-01-04,T1,BUS,B1454,Cikarang,Jawa Barat,,,B,1,4,0,0,4,1
2026-03-20,T1,BUS,B1454,Cikarang,Jawa Barat,,,B,0,0,239,850,850,239
2026-04-29,T1,BUS,B1460,Depok,Jawa Barat,,,C,0,0,1,5,5,1
2026-01-01,T1,BUS,B1295,Drs. Prayitno,Jawa Tengah,,,B,20,101,3,27,128,23
2026-01-02,T1,BUS,B1295,Drs. Prayitno,Jawa Tengah,,,B,11,64,11,59,123,22
2026-01-03,T1,BUS,B1295,Drs. Prayitno,Jawa Tengah,,,B,18,131,18,219,350,36
2026-01-04,T1,BUS,B1295,Drs. Prayitno,Jawa Tengah,,,B,16,95,16,173,268,32
2026-03-13,T1,BUS,B1295,Drs. Prayitno,Jawa Tengah,,,B,10,47,9,68,115,19
2026-03-14,T1,BUS,B1295,Drs. Prayitno,Jawa Tengah,,,B,5,20,4,28,48,9
2026-03-15,T1,BUS,B1295,Drs. Prayitno,Jawa Tengah,,,B,15,82,14,80,162,29
2026-03-16,T1,BUS,B1295,Drs. Prayitno,Jawa Tengah,,,B,8,50,7,88,138,15
2026-03-17,T1,BUS,B1295,Drs. Prayitno,Jawa Tengah,,,B,11,66,11,108,174,22
2026-03-18,T1,BUS,B1295,Drs. Prayitno,Jawa Tengah,,,B,4,28,4,28,56,8
2026-03-19,T1,BUS,B1295,Drs. Prayitno,Jawa Tengah,,,B,5,32,5,43,75,10
2026-03-21,T1,BUS,B1295,Drs. Prayitno,Jawa Tengah,,,B,2,19,2,25,44,4
2026-03-22,T1,BUS,B1295,Drs. Prayitno,Jawa Tengah,,,B,4,26,4,26,52,8
2026-03-23,T1,BUS,B1295,Drs. Prayitno,Jawa Tengah,,,B,8,62,8,94,156,16
2026-03-24,T1,BUS,B1295,Drs. Prayitno,Jawa Tengah,,,B,11,103,11,153,256,22
2026-03-25,T1,BUS,B1295,Drs. Prayitno,Jawa Tengah,,,B,1,7,1,10,17,2
2026-03-29,T1,BUS,B1295,Drs. Prayitno,Jawa Tengah,,,B,1,6,1,15,21,2
2026-01-01,T1,BUS,B1782,Dukuhsalam,Jawa Tengah,,,C,5,91,8,196,287,13
2026-01-02,T1,BUS,B1782,Dukuhsalam,Jawa Tengah,,,C,10,176,8,255,431,18
2026-01-03,T1,BUS,B1782,Dukuhsalam,Jawa Tengah,,,C,10,325,10,311,636,20
2026-01-04,T1,BUS,B1782,Dukuhsalam,Jawa Tengah,,,C,19,520,16,595,1115,35
2026-01-05,T1,BUS,B1782,Dukuhsalam,Jawa Tengah,,,C,11,192,12,308,500,23
2026-01-06,T1,BUS,B1782,Dukuhsalam,Jawa Tengah,,,C,10,113,6,121,234,16
2026-01-07,T1,BUS,B1782,Dukuhsalam,Jawa Tengah,,,C,5,62,9,170,232,14
2026-01-08,T1,BUS,B1782,Dukuhsalam,Jawa Tengah,,,C,8,108,6,99,207,14
2026-01-09,T1,BUS,B1782,Dukuhsalam,Jawa Tengah,,,C,5,71,6,99,170,11
2026-01-10,T1,BUS,B1782,Dukuhsalam,Jawa Tengah,,,C,3,39,6,105,144,9
2026-01-11,T1,BUS,B1782,Dukuhsalam,Jawa Tengah,,,C,8,141,8,224,365,16
2026-01-12,T1,BUS,B1782,Dukuhsalam,Jawa Tengah,,,C,8,116,7,173,289,15
2026-01-13,T1,BUS,B1782,Dukuhsalam,Jawa Tengah,,,C,12,159,6,80,239,18
2026-01-14,T1,BUS,B1782,Dukuhsalam,Jawa Tengah,,,C,9,114,6,90,204,15
2026-01-15,T1,BUS,B1782,Dukuhsalam,Jawa Tengah,,,C,4,87,6,83,170,10
2026-01-16,T1,BUS,B1782,Dukuhsalam,Jawa Tengah,,,C,8,152,6,72,224,14
2026-01-17,T1,BUS,B1782,Dukuhsalam,Jawa Tengah,,,C,7,97,6,108,205,13
2026-01-18,T1,BUS,B1782,Dukuhsalam,Jawa Tengah,,,C,9,135,10,327,462,19
2026-01-19,T1,BUS,B1782,Dukuhsalam,Jawa Tengah,,,C,9,109,7,152,261,16
2026-01-20,T1,BUS,B1782,Dukuhsalam,Jawa Tengah,,,C,8,108,6,91,199,14
2026-01-21,T1,BUS,B1782,Dukuhsalam,Jawa Tengah,,,C,11,126,6,60,186,17
2026-01-22,T1,BUS,B1782,Dukuhsalam,Jawa Tengah,,,C,4,110,6,59,169,10
2026-01-23,T1,BUS,B1782,Dukuhsalam,Jawa Tengah,,,C,2,24,6,64,88,8
2026-01-24,T1,BUS,B1782,Dukuhsalam,Jawa Tengah,,,C,7,104,6,51,155,13
2026-01-25,T1,BUS,B1782,Dukuhsalam,Jawa Tengah,,,C,8,135,7,148,283,15
2026-01-26,T1,BUS,B1782,Dukuhsalam,Jawa Tengah,,,C,7,98,6,105,203,13
2026-01-27,T1,BUS,B1782,Dukuhsalam,Jawa Tengah,,,C,12,154,6,85,239,18
2026-01-28,T1,BUS,B1782,Dukuhsalam,Jawa Tengah,,,C,7,85,6,88,173,13
2026-01-29,T1,BUS,B1782,Dukuhsalam,Jawa Tengah,,,C,11,149,6,47,196,17
2026-01-30,T1,BUS,B1782,Dukuhsalam,Jawa Tengah,,,C,7,96,6,46,142,13
2026-01-31,T1,BUS,B1782,Dukuhsalam,Jawa Tengah,,,C,3,33,6,61,94,9
2026-02-01,T1,BUS,B1782,Dukuhsalam,Jawa Tengah,,,C,9,140,8,187,327,17
2026-02-02,T1,BUS,B1782,Dukuhsalam,Jawa Tengah,,,C,11,157,6,110,267,17
2026-02-03,T1,BUS,B1782,Dukuhsalam,Jawa Tengah,,,C,7,87,6,85,172,13
2026-02-04,T1,BUS,B1782,Dukuhsalam,Jawa Tengah,,,C,7,121,6,78,199,13
2026-02-05,T1,BUS,B1782,Dukuhsalam,Jawa Tengah,,,C,7,117,6,95,212,13
2026-02-06,T1,BUS,B1782,Dukuhsalam,Jawa Tengah,,,C,10,145,6,65,210,16
2026-02-07,T1,BUS,B1782,Dukuhsalam,Jawa Tengah,,,C,11,173,6,62,235,17
2026-02-08,T1,BUS,B1782,Dukuhsalam,Jawa Tengah,,,C,2,27,8,175,202,10
2026-02-09,T1,BUS,B1782,Dukuhsalam,Jawa Tengah,,,C,10,138,7,113,251,17
2026-02-10,T1,BUS,B1782,Dukuhsalam,Jawa Tengah,,,C,8,107,6,86,193,14
2026-02-11,T1,BUS,B1782,Dukuhsalam,Jawa Tengah,,,C,5,66,6,96,162,11
2026-02-12,T1,BUS,B1782,Dukuhsalam,Jawa Tengah,,,C,9,128,6,87,215,15
2026-02-13,T1,BUS,B1782,Dukuhsalam,Jawa Tengah,,,C,7,100,6,82,182,13
2026-02-14,T1,BUS,B1782,Dukuhsalam,Jawa Tengah,,,C,16,225,6,65,290,22
2026-02-15,T1,BUS,B1782,Dukuhsalam,Jawa Tengah,,,C,11,240,9,209,449,20
2026-02-16,T1,BUS,B1782,Dukuhsalam,Jawa Tengah,,,C,2,44,6,108,152,8
2026-02-17,T1,BUS,B1782,Dukuhsalam,Jawa Tengah,,,C,9,225,9,228,453,18
2026-02-18,T1,BUS,B1782,Dukuhsalam,Jawa Tengah,,,C,11,195,6,136,331,17
2026-02-19,T1,BUS,B1782,Dukuhsalam,Jawa Tengah,,,C,7,91,6,75,166,13
2026-02-20,T1,BUS,B1782,Dukuhsalam,Jawa Tengah,,,C,6,77,6,96,173,12
2026-02-21,T1,BUS,B1782,Dukuhsalam,Jawa Tengah,,,C,7,93,6,66,159,13
2026-02-22,T1,BUS,B1782,Dukuhsalam,Jawa Tengah,,,C,9,141,7,131,272,16
2026-02-23,T1,BUS,B1782,Dukuhsalam,Jawa Tengah,,,C,8,90,6,56,146,14
2026-02-24,T1,BUS,B1782,Dukuhsalam,Jawa Tengah,,,C,3,35,6,59,94,9
2026-02-25,T1,BUS,B1782,Dukuhsalam,Jawa Tengah,,,C,6,73,5,58,131,11
2026-02-26,T1,BUS,B1782,Dukuhsalam,Jawa Tengah,,,C,5,69,6,72,141,11
2026-02-27,T1,BUS,B1782,Dukuhsalam,Jawa Tengah,,,C,3,39,4,41,80,7
2026-02-28,T1,BUS,B1782,Dukuhsalam,Jawa Tengah,,,C,5,82,4,33,115,9
2026-03-01,T1,BUS,B1782,Dukuhsalam,Jawa Tengah,,,C,3,34,6,74,108,9
2026-03-02,T1,BUS,B1782,Dukuhsalam,Jawa Tengah,,,C,7,94,4,39,133,11
2026-03-03,T1,BUS,B1782,Dukuhsalam,Jawa Tengah,,,C,7,65,4,48,113,11
2026-03-04,T1,BUS,B1782,Dukuhsalam,Jawa Tengah,,,C,2,24,6,60,84,8
2026-03-05,T1,BUS,B1782,Dukuhsalam,Jawa Tengah,,,C,4,42,4,50,92,8
2026-03-06,T1,BUS,B1782,Dukuhsalam,Jawa Tengah,,,C,4,49,4,46,95,8
2026-03-07,T1,BUS,B1782,Dukuhsalam,Jawa Tengah,,,C,3,35,1,9,44,4
2026-03-08,T1,BUS,B1782,Dukuhsalam,Jawa Tengah,,,C,6,89,5,37,126,11
2026-03-09,T1,BUS,B1782,Dukuhsalam,Jawa Tengah,,,C,4,74,4,36,110,8
2026-03-10,T1,BUS,B1782,Dukuhsalam,Jawa Tengah,,,C,6,91,4,33,124,10
2026-03-11,T1,BUS,B1782,Dukuhsalam,Jawa Tengah,,,C,10,279,5,36,315,15
2026-03-12,T1,BUS,B1782,Dukuhsalam,Jawa Tengah,,,C,3,39,4,41,80,7
2026-03-13,T1,BUS,B1782,Dukuhsalam,Jawa Tengah,,,C,9,286,4,31,317,13
2026-03-14,T1,BUS,B1782,Dukuhsalam,Jawa Tengah,,,C,10,324,4,30,354,14
2026-03-15,T1,BUS,B1782,Dukuhsalam,Jawa Tengah,,,C,11,425,4,39,464,15
2026-03-16,T1,BUS,B1782,Dukuhsalam,Jawa Tengah,,,C,17,666,4,35,701,21
2026-03-17,T1,BUS,B1782,Dukuhsalam,Jawa Tengah,,,C,10,399,4,22,421,14
2026-03-18,T1,BUS,B1782,Dukuhsalam,Jawa Tengah,,,C,16,672,4,23,695,20
2026-03-19,T1,BUS,B1782,Dukuhsalam,Jawa Tengah,,,C,20,808,4,30,838,24
2026-03-20,T1,BUS,B1782,Dukuhsalam,Jawa Tengah,,,C,5,161,0,0,161,5
2026-03-21,T1,BUS,B1782,Dukuhsalam,Jawa Tengah,,,C,4,123,2,44,167,6
2026-03-22,T1,BUS,B1782,Dukuhsalam,Jawa Tengah,,,C,12,309,10,342,651,22
2026-03-23,T1,BUS,B1782,Dukuhsalam,Jawa Tengah,,,C,16,337,10,409,746,26
2026-03-24,T1,BUS,B1782,Dukuhsalam,Jawa Tengah,,,C,11,205,18,714,919,29
2026-03-25,T1,BUS,B1782,Dukuhsalam,Jawa Tengah,,,C,13,175,18,716,891,31
2026-03-26,T1,BUS,B1782,Dukuhsalam,Jawa Tengah,,,C,26,264,18,714,978,44
2026-03-27,T1,BUS,B1782,Dukuhsalam,Jawa Tengah,,,C,10,106,18,715,821,28
2026-03-28,T1,BUS,B1782,Dukuhsalam,Jawa Tengah,,,C,14,184,18,715,899,32
2026-03-29,T1,BUS,B1782,Dukuhsalam,Jawa Tengah,,,C,8,181,21,893,1074,29
2026-03-30,T1,BUS,B1782,Dukuhsalam,Jawa Tengah,,,C,13,143,16,603,746,29
2026-03-31,T1,BUS,B1782,Dukuhsalam,Jawa Tengah,,,C,12,152,13,482,634,25
2026-04-01,T1,BUS,B1782,Dukuhsalam,Jawa Tengah,,,C,12,113,14,359,472,26
2026-04-02,T1,BUS,B1782,Dukuhsalam,Jawa Tengah,,,C,3,41,12,287,328,15
2026-04-03,T1,BUS,B1782,Dukuhsalam,Jawa Tengah,,,C,11,171,10,189,360,21
2026-04-04,T1,BUS,B1782,Dukuhsalam,Jawa Tengah,,,C,10,138,10,188,326,20
2026-04-05,T1,BUS,B1782,Dukuhsalam,Jawa Tengah,,,C,8,160,14,512,672,22
2026-04-06,T1,BUS,B1782,Dukuhsalam,Jawa Tengah,,,C,9,117,11,316,433,20
2026-04-07,T1,BUS,B1782,Dukuhsalam,Jawa Tengah,,,C,8,102,10,197,299,18
2026-04-08,T1,BUS,B1782,Dukuhsalam,Jawa Tengah,,,C,6,80,10,161,241,16
2026-04-09,T1,BUS,B1782,Dukuhsalam,Jawa Tengah,,,C,10,137,10,180,317,20
2026-04-10,T1,BUS,B1782,Dukuhsalam,Jawa Tengah,,,C,6,77,10,159,236,16
2026-04-11,T1,BUS,B1782,Dukuhsalam,Jawa Tengah,,,C,7,105,10,121,226,17
2026-04-12,T1,BUS,B1782,Dukuhsalam,Jawa Tengah,,,C,11,194,11,292,486,22
2026-04-13,T1,BUS,B1782,Dukuhsalam,Jawa Tengah,,,C,6,116,9,157,273,15
2026-04-14,T1,BUS,B1782,Dukuhsalam,Jawa Tengah,,,C,5,71,7,89,160,12
2026-04-15,T1,BUS,B1782,Dukuhsalam,Jawa Tengah,,,C,6,84,9,145,229,15
2026-04-16,T1,BUS,B1782,Dukuhsalam,Jawa Tengah,,,C,5,65,8,97,162,13
2026-04-17,T1,BUS,B1782,Dukuhsalam,Jawa Tengah,,,C,8,115,8,74,189,16
2026-04-18,T1,BUS,B1782,Dukuhsalam,Jawa Tengah,,,C,7,92,7,71,163,14
2026-04-19,T1,BUS,B1782,Dukuhsalam,Jawa Tengah,,,C,11,177,11,230,407,22
2026-04-20,T1,BUS,B1782,Dukuhsalam,Jawa Tengah,,,C,12,151,8,100,251,20
2026-04-21,T1,BUS,B1782,Dukuhsalam,Jawa Tengah,,,C,5,70,7,95,165,12
2026-04-22,T1,BUS,B1782,Dukuhsalam,Jawa Tengah,,,C,4,48,8,108,156,12
2026-04-23,T1,BUS,B1782,Dukuhsalam,Jawa Tengah,,,C,5,93,6,70,163,11
2026-04-24,T1,BUS,B1782,Dukuhsalam,Jawa Tengah,,,C,2,38,6,71,109,8
2026-04-25,T1,BUS,B1782,Dukuhsalam,Jawa Tengah,,,C,8,102,5,62,164,13
2026-04-26,T1,BUS,B1782,Dukuhsalam,Jawa Tengah,,,C,9,154,9,205,359,18
2026-04-27,T1,BUS,B1782,Dukuhsalam,Jawa Tengah,,,C,9,125,7,81,206,16
2026-04-30,T1,BUS,B1782,Dukuhsalam,Jawa Tengah,,,C,6,100,6,65,165,12
2026-05-01,T2,BUS,B1782,Dukuhsalam,Jawa Tengah,,,C,6,149,6,90,239,12
2026-05-02,T2,BUS,B1782,Dukuhsalam,Jawa Tengah,,,C,6,81,6,86,167,12
2026-05-03,T2,BUS,B1782,Dukuhsalam,Jawa Tengah,,,C,10,187,14,292,479,24
2026-05-04,T2,BUS,B1782,Dukuhsalam,Jawa Tengah,,,C,11,165,9,139,304,20
2026-05-05,T2,BUS,B1782,Dukuhsalam,Jawa Tengah,,,C,10,151,6,68,219,16
2026-05-06,T2,BUS,B1782,Dukuhsalam,Jawa Tengah,,,C,8,133,7,96,229,15
2026-05-07,T2,BUS,B1782,Dukuhsalam,Jawa Tengah,,,C,6,80,5,58,138,11
2026-05-08,T2,BUS,B1782,Dukuhsalam,Jawa Tengah,,,C,6,91,6,82,173,12
2026-05-09,T2,BUS,B1782,Dukuhsalam,Jawa Tengah,,,C,6,84,5,52,136,11
2026-05-10,T2,BUS,B1782,Dukuhsalam,Jawa Tengah,,,C,6,85,9,240,325,15
2026-05-11,T2,BUS,B1782,Dukuhsalam,Jawa Tengah,,,C,8,91,6,56,147,14
2026-05-12,T2,BUS,B1782,Dukuhsalam,Jawa Tengah,,,C,9,122,5,50,172,14
2026-05-13,T2,BUS,B1782,Dukuhsalam,Jawa Tengah,,,C,4,55,6,57,112,10
2026-05-14,T2,BUS,B1782,Dukuhsalam,Jawa Tengah,,,C,6,88,6,70,158,12
2026-05-15,T2,BUS,B1782,Dukuhsalam,Jawa Tengah,,,C,7,86,6,74,160,13
2026-05-16,T2,BUS,B1782,Dukuhsalam,Jawa Tengah,,,C,2,34,6,59,93,8
2026-05-17,T2,BUS,B1782,Dukuhsalam,Jawa Tengah,,,C,7,150,9,240,390,16
2026-05-18,T2,BUS,B1782,Dukuhsalam,Jawa Tengah,,,C,8,134,6,76,210,14
2026-05-19,T2,BUS,B1782,Dukuhsalam,Jawa Tengah,,,C,5,66,4,81,147,9
2026-05-20,T2,BUS,B1782,Dukuhsalam,Jawa Tengah,,,C,8,107,5,52,159,13
2026-05-21,T2,BUS,B1782,Dukuhsalam,Jawa Tengah,,,C,5,67,5,39,106,10
2026-05-22,T2,BUS,B1782,Dukuhsalam,Jawa Tengah,,,C,5,69,4,37,106,9
2026-05-23,T2,BUS,B1782,Dukuhsalam,Jawa Tengah,,,C,3,36,4,41,77,7
2026-05-24,T2,BUS,B1782,Dukuhsalam,Jawa Tengah,,,C,6,127,7,106,233,13
2026-05-25,T2,BUS,B1782,Dukuhsalam,Jawa Tengah,,,C,7,149,5,55,204,12
2026-05-26,T2,BUS,B1782,Dukuhsalam,Jawa Tengah,,,C,6,143,1,7,150,7
2026-05-27,T2,BUS,B1782,Dukuhsalam,Jawa Tengah,,,C,11,274,3,62,336,14
2026-05-28,T2,BUS,B1782,Dukuhsalam,Jawa Tengah,,,C,8,184,7,101,285,15
2026-05-29,T2,BUS,B1782,Dukuhsalam,Jawa Tengah,,,C,7,167,7,118,285,14
2026-05-30,T2,BUS,B1782,Dukuhsalam,Jawa Tengah,,,C,8,151,8,133,284,16
2026-05-31,T2,BUS,B1782,Dukuhsalam,Jawa Tengah,,,C,8,125,8,234,359,16
2026-06-01,T2,BUS,B1782,Dukuhsalam,Jawa Tengah,,,C,12,181,15,593,774,27
2026-06-02,T2,BUS,B1782,Dukuhsalam,Jawa Tengah,,,C,10,139,9,267,406,19
2026-06-03,T2,BUS,B1782,Dukuhsalam,Jawa Tengah,,,C,4,65,7,128,193,11
2026-06-04,T2,BUS,B1782,Dukuhsalam,Jawa Tengah,,,C,8,171,7,134,305,15
2026-06-05,T2,BUS,B1782,Dukuhsalam,Jawa Tengah,,,C,8,104,6,108,212,14
2026-06-06,T2,BUS,B1782,Dukuhsalam,Jawa Tengah,,,C,7,102,6,84,186,13
2026-06-07,T2,BUS,B1782,Dukuhsalam,Jawa Tengah,,,C,6,92,12,288,380,18
2026-06-08,T2,BUS,B1782,Dukuhsalam,Jawa Tengah,,,C,8,123,8,191,314,16
2026-06-09,T2,BUS,B1782,Dukuhsalam,Jawa Tengah,,,C,5,70,6,92,162,11
2026-06-10,T2,BUS,B1782,Dukuhsalam,Jawa Tengah,,,C,6,86,6,73,159,12
2026-06-11,T2,BUS,B1782,Dukuhsalam,Jawa Tengah,,,C,4,54,6,83,137,10
2026-06-12,T2,BUS,B1782,Dukuhsalam,Jawa Tengah,,,C,7,122,6,85,207,13
2026-06-13,T2,BUS,B1782,Dukuhsalam,Jawa Tengah,,,C,9,174,5,78,252,14
2026-06-14,T2,BUS,B1782,Dukuhsalam,Jawa Tengah,,,C,9,158,10,260,418,19
2026-06-15,T2,BUS,B1782,Dukuhsalam,Jawa Tengah,,,C,6,89,6,79,168,12
2026-06-16,T2,BUS,B1782,Dukuhsalam,Jawa Tengah,,,C,7,100,9,193,293,16
2026-06-17,T2,BUS,B1782,Dukuhsalam,Jawa Tengah,,,C,9,131,6,75,206,15
2026-06-18,T2,BUS,B1782,Dukuhsalam,Jawa Tengah,,,C,8,106,6,96,202,14
2026-06-19,T2,BUS,B1782,Dukuhsalam,Jawa Tengah,,,C,4,57,6,72,129,10
2026-06-20,T2,BUS,B1782,Dukuhsalam,Jawa Tengah,,,C,8,88,6,80,168,14
2026-06-21,T2,BUS,B1782,Dukuhsalam,Jawa Tengah,,,C,11,184,11,273,457,22
2026-06-22,T2,BUS,B1782,Dukuhsalam,Jawa Tengah,,,C,11,203,7,165,368,18
2026-06-23,T2,BUS,B1782,Dukuhsalam,Jawa Tengah,,,C,7,120,8,125,245,15
2026-06-24,T2,BUS,B1782,Dukuhsalam,Jawa Tengah,,,C,5,69,6,117,186,11
2026-06-25,T2,BUS,B1782,Dukuhsalam,Jawa Tengah,,,C,4,65,7,123,188,11
2026-06-26,T2,BUS,B1782,Dukuhsalam,Jawa Tengah,,,C,5,75,9,160,235,14
2026-06-27,T2,BUS,B1782,Dukuhsalam,Jawa Tengah,,,C,2,31,3,40,71,5
2026-06-28,T2,BUS,B1782,Dukuhsalam,Jawa Tengah,,,C,11,176,11,272,448,22
2026-06-29,T2,BUS,B1782,Dukuhsalam,Jawa Tengah,,,C,11,210,6,118,328,17
2026-06-30,T2,BUS,B1782,Dukuhsalam,Jawa Tengah,,,C,3,55,2,39,94,5
2026-07-01,T2,BUS,B1782,Dukuhsalam,Jawa Tengah,,,C,3,38,4,74,112,7
2026-07-02,T2,BUS,B1782,Dukuhsalam,Jawa Tengah,,,C,5,91,7,107,198,12
2026-07-03,T2,BUS,B1782,Dukuhsalam,Jawa Tengah,,,C,8,138,6,103,241,14
2026-07-04,T2,BUS,B1782,Dukuhsalam,Jawa Tengah,,,C,7,111,6,95,206,13
2026-07-05,T2,BUS,B1782,Dukuhsalam,Jawa Tengah,,,C,6,110,11,275,385,17
2026-07-06,T2,BUS,B1782,Dukuhsalam,Jawa Tengah,,,C,9,135,9,191,326,18
2026-07-07,T2,BUS,B1782,Dukuhsalam,Jawa Tengah,,,C,10,152,6,130,282,16
2026-07-08,T2,BUS,B1782,Dukuhsalam,Jawa Tengah,,,C,6,102,7,97,199,13
2026-07-09,T2,BUS,B1782,Dukuhsalam,Jawa Tengah,,,C,4,82,8,104,186,12
2026-07-10,T2,BUS,B1782,Dukuhsalam,Jawa Tengah,,,C,7,118,8,116,234,15
2026-07-11,T2,BUS,B1782,Dukuhsalam,Jawa Tengah,,,C,11,226,7,136,362,18
2026-07-12,T2,BUS,B1782,Dukuhsalam,Jawa Tengah,,,C,11,244,11,305,549,22
2026-07-13,T2,BUS,B1782,Dukuhsalam,Jawa Tengah,,,C,9,152,6,138,290,15
2026-07-14,T2,BUS,B1782,Dukuhsalam,Jawa Tengah,,,C,10,141,6,75,216,16
2026-07-15,T2,BUS,B1782,Dukuhsalam,Jawa Tengah,,,C,5,93,6,88,181,11
2026-07-16,T2,BUS,B1782,Dukuhsalam,Jawa Tengah,,,C,8,164,5,51,215,13
2026-07-17,T2,BUS,B1782,Dukuhsalam,Jawa Tengah,,,C,7,81,6,62,143,13
2026-07-18,T2,BUS,B1782,Dukuhsalam,Jawa Tengah,,,C,6,67,6,58,125,12
2026-07-19,T2,BUS,B1782,Dukuhsalam,Jawa Tengah,,,C,6,101,10,221,322,16
2026-07-20,T2,BUS,B1782,Dukuhsalam,Jawa Tengah,,,C,8,152,0,0,152,8
2026-07-21,T2,BUS,B1782,Dukuhsalam,Jawa Tengah,,,C,4,57,6,84,141,10
2026-07-22,T2,BUS,B1782,Dukuhsalam,Jawa Tengah,,,C,7,96,5,62,158,12
2026-07-23,T2,BUS,B1782,Dukuhsalam,Jawa Tengah,,,C,8,110,5,60,170,13
2026-07-24,T2,BUS,B1782,Dukuhsalam,Jawa Tengah,,,C,3,53,5,55,108,8
2026-07-25,T2,BUS,B1782,Dukuhsalam,Jawa Tengah,,,C,6,69,5,48,117,11
2026-07-26,T2,BUS,B1782,Dukuhsalam,Jawa Tengah,,,C,11,148,9,178,326,20
2026-07-27,T2,BUS,B1782,Dukuhsalam,Jawa Tengah,,,C,7,65,6,83,148,13
2026-07-28,T2,BUS,B1782,Dukuhsalam,Jawa Tengah,,,C,3,40,6,71,111,9
2026-07-29,T2,BUS,B1782,Dukuhsalam,Jawa Tengah,,,C,1,10,5,66,76,6
2026-07-30,T2,BUS,B1782,Dukuhsalam,Jawa Tengah,,,C,2,25,0,0,25,2
2026-07-31,T2,BUS,B1782,Dukuhsalam,Jawa Tengah,,,C,7,84,5,36,120,12
2026-08-01,T2,BUS,B1782,Dukuhsalam,Jawa Tengah,,,C,4,59,5,44,103,9
2026-08-02,T2,BUS,B1782,Dukuhsalam,Jawa Tengah,,,C,7,101,8,238,339,15
2026-08-03,T2,BUS,B1782,Dukuhsalam,Jawa Tengah,,,C,6,47,8,110,157,14
2026-08-04,T2,BUS,B1782,Dukuhsalam,Jawa Tengah,,,C,12,120,7,74,194,19
2026-08-05,T2,BUS,B1782,Dukuhsalam,Jawa Tengah,,,C,2,33,6,76,109,8
2026-08-06,T2,BUS,B1782,Dukuhsalam,Jawa Tengah,,,C,6,63,5,56,119,11
2026-08-07,T2,BUS,B1782,Dukuhsalam,Jawa Tengah,,,C,5,73,4,31,104,9
2026-08-08,T2,BUS,B1782,Dukuhsalam,Jawa Tengah,,,C,6,140,4,49,189,10
2026-08-09,T2,BUS,B1782,Dukuhsalam,Jawa Tengah,,,C,5,71,8,193,264,13
2026-08-10,T2,BUS,B1782,Dukuhsalam,Jawa Tengah,,,C,11,107,6,87,194,17
2026-08-11,T2,BUS,B1782,Dukuhsalam,Jawa Tengah,,,C,5,57,4,41,98,9
2026-08-12,T2,BUS,B1782,Dukuhsalam,Jawa Tengah,,,C,6,98,6,55,153,12
2026-08-13,T2,BUS,B1782,Dukuhsalam,Jawa Tengah,,,C,5,63,5,53,116,10
2026-08-14,T2,BUS,B1782,Dukuhsalam,Jawa Tengah,,,C,7,89,5,56,145,12
2026-08-15,T2,BUS,B1782,Dukuhsalam,Jawa Tengah,,,C,11,199,5,45,244,16
2026-08-17,T2,BUS,B1782,Dukuhsalam,Jawa Tengah,,,C,5,69,4,85,154,9
2026-08-18,T2,BUS,B1782,Dukuhsalam,Jawa Tengah,,,C,13,163,10,246,409,23
2026-08-19,T2,BUS,B1782,Dukuhsalam,Jawa Tengah,,,C,8,110,7,125,235,15
2026-08-20,T2,BUS,B1782,Dukuhsalam,Jawa Tengah,,,C,5,57,5,78,135,10
2026-08-21,T2,BUS,B1782,Dukuhsalam,Jawa Tengah,,,C,8,96,5,54,150,13
2026-08-22,T2,BUS,B1782,Dukuhsalam,Jawa Tengah,,,C,7,98,4,40,138,11
2026-08-23,T2,BUS,B1782,Dukuhsalam,Jawa Tengah,,,C,11,218,8,147,365,19
2026-08-24,T2,BUS,B1782,Dukuhsalam,Jawa Tengah,,,C,6,91,3,49,140,9
2026-08-25,T2,BUS,B1782,Dukuhsalam,Jawa Tengah,,,C,10,147,10,254,401,20
2026-08-26,T2,BUS,B1782,Dukuhsalam,Jawa Tengah,,,C,10,123,9,155,278,19
2026-08-27,T2,BUS,B1782,Dukuhsalam,Jawa Tengah,,,C,3,33,5,61,94,8
2026-08-28,T2,BUS,B1782,Dukuhsalam,Jawa Tengah,,,C,7,88,6,61,149,13
2026-08-29,T2,BUS,B1782,Dukuhsalam,Jawa Tengah,,,C,7,90,4,41,131,11
2026-08-30,T2,BUS,B1782,Dukuhsalam,Jawa Tengah,,,C,5,74,9,212,286,14
2026-08-31,T2,BUS,B1782,Dukuhsalam,Jawa Tengah,,,C,5,47,5,99,146,10
2026-09-01,T3,BUS,B1782,Dukuhsalam,Jawa Tengah,,,C,6,87,5,46,133,11
2026-09-02,T3,BUS,B1782,Dukuhsalam,Jawa Tengah,,,C,7,78,6,70,148,13
2026-09-03,T3,BUS,B1782,Dukuhsalam,Jawa Tengah,,,C,8,98,5,71,169,13
2026-09-04,T3,BUS,B1782,Dukuhsalam,Jawa Tengah,,,C,7,90,6,68,158,13
2026-09-05,T3,BUS,B1782,Dukuhsalam,Jawa Tengah,,,C,3,31,3,33,64,6
2026-09-06,T3,BUS,B1782,Dukuhsalam,Jawa Tengah,,,C,9,142,9,208,350,18
2026-09-07,T3,BUS,B1782,Dukuhsalam,Jawa Tengah,,,C,10,159,6,80,239,16
2026-09-08,T3,BUS,B1782,Dukuhsalam,Jawa Tengah,,,C,6,71,5,57,128,11
2026-09-09,T3,BUS,B1782,Dukuhsalam,Jawa Tengah,,,C,7,91,5,66,157,12
2026-09-10,T3,BUS,B1782,Dukuhsalam,Jawa Tengah,,,C,5,63,5,83,146,10
2026-09-11,T3,BUS,B1782,Dukuhsalam,Jawa Tengah,,,C,7,102,6,75,177,13
2026-09-12,T3,BUS,B1782,Dukuhsalam,Jawa Tengah,,,C,6,81,5,56,137,11
2026-09-13,T3,BUS,B1782,Dukuhsalam,Jawa Tengah,,,C,17,235,20,468,703,37
2026-09-14,T3,BUS,B1782,Dukuhsalam,Jawa Tengah,,,C,17,262,6,72,334,23
2026-09-15,T3,BUS,B1782,Dukuhsalam,Jawa Tengah,,,C,9,121,4,40,161,13
2026-09-16,T3,BUS,B1782,Dukuhsalam,Jawa Tengah,,,C,8,106,6,75,181,14
2026-09-17,T3,BUS,B1782,Dukuhsalam,Jawa Tengah,,,C,7,93,4,43,136,11
2026-09-18,T3,BUS,B1782,Dukuhsalam,Jawa Tengah,,,C,2,33,0,0,33,2
2026-09-21,T3,BUS,B1782,Dukuhsalam,Jawa Tengah,,,C,6,69,7,116,185,13
2026-09-22,T3,BUS,B1782,Dukuhsalam,Jawa Tengah,,,C,8,108,4,44,152,12
2026-09-24,T3,BUS,B1782,Dukuhsalam,Jawa Tengah,,,C,8,110,4,33,143,12
2026-09-25,T3,BUS,B1782,Dukuhsalam,Jawa Tengah,,,C,6,90,5,43,133,11
2026-09-26,T3,BUS,B1782,Dukuhsalam,Jawa Tengah,,,C,10,141,5,43,184,15
2026-09-27,T3,BUS,B1782,Dukuhsalam,Jawa Tengah,,,C,5,79,9,200,279,14
2026-09-28,T3,BUS,B1782,Dukuhsalam,Jawa Tengah,,,C,3,33,0,0,33,3
2026-01-01,T1,BUS,B794,Gagak Rimang,Jawa Tengah,,,B,6,8,6,8,16,12
2026-01-02,T1,BUS,B794,Gagak Rimang,Jawa Tengah,,,B,11,6,11,38,44,22
2026-01-03,T1,BUS,B794,Gagak Rimang,Jawa Tengah,,,B,8,16,8,27,43,16
2026-01-04,T1,BUS,B794,Gagak Rimang,Jawa Tengah,,,B,4,7,3,5,12,7
2026-01-05,T1,BUS,B794,Gagak Rimang,Jawa Tengah,,,B,8,0,8,33,33,16
2026-01-06,T1,BUS,B794,Gagak Rimang,Jawa Tengah,,,B,4,10,8,19,29,12
2026-01-07,T1,BUS,B794,Gagak Rimang,Jawa Tengah,,,B,5,7,5,7,14,10
2026-01-08,T1,BUS,B794,Gagak Rimang,Jawa Tengah,,,B,5,0,5,10,10,10
2026-01-09,T1,BUS,B794,Gagak Rimang,Jawa Tengah,,,B,11,29,10,52,81,21
2026-01-10,T1,BUS,B794,Gagak Rimang,Jawa Tengah,,,B,6,8,6,8,16,12
2026-01-11,T1,BUS,B794,Gagak Rimang,Jawa Tengah,,,B,7,0,7,32,32,14
2026-01-12,T1,BUS,B794,Gagak Rimang,Jawa Tengah,,,B,9,15,9,23,38,18
2026-01-13,T1,BUS,B794,Gagak Rimang,Jawa Tengah,,,B,2,2,2,2,4,4
2026-01-14,T1,BUS,B794,Gagak Rimang,Jawa Tengah,,,B,3,0,3,9,9,6
2026-01-15,T1,BUS,B794,Gagak Rimang,Jawa Tengah,,,B,8,13,8,35,48,16
2026-01-16,T1,BUS,B794,Gagak Rimang,Jawa Tengah,,,B,4,6,4,6,12,8
2026-01-17,T1,BUS,B794,Gagak Rimang,Jawa Tengah,,,B,5,0,5,23,23,10
2026-01-18,T1,BUS,B794,Gagak Rimang,Jawa Tengah,,,B,4,0,5,9,9,9
2026-01-19,T1,BUS,B794,Gagak Rimang,Jawa Tengah,,,B,5,8,5,8,16,10
2026-01-20,T1,BUS,B794,Gagak Rimang,Jawa Tengah,,,B,6,0,6,22,22,12
2026-01-21,T1,BUS,B794,Gagak Rimang,Jawa Tengah,,,B,5,0,5,8,8,10
2026-01-22,T1,BUS,B794,Gagak Rimang,Jawa Tengah,,,B,2,0,2,0,0,4
2026-01-23,T1,BUS,B794,Gagak Rimang,Jawa Tengah,,,B,2,0,2,5,5,4
2026-01-24,T1,BUS,B794,Gagak Rimang,Jawa Tengah,,,B,3,0,3,6,6,6
2026-01-25,T1,BUS,B794,Gagak Rimang,Jawa Tengah,,,B,2,8,2,11,19,4
2026-01-26,T1,BUS,B794,Gagak Rimang,Jawa Tengah,,,B,6,0,6,19,19,12
2026-01-27,T1,BUS,B794,Gagak Rimang,Jawa Tengah,,,B,10,7,9,15,22,19
2026-01-28,T1,BUS,B794,Gagak Rimang,Jawa Tengah,,,B,5,10,5,10,20,10
2026-01-29,T1,BUS,B794,Gagak Rimang,Jawa Tengah,,,B,5,0,5,25,25,10
2026-01-30,T1,BUS,B794,Gagak Rimang,Jawa Tengah,,,B,7,3,8,12,15,15
2026-01-31,T1,BUS,B794,Gagak Rimang,Jawa Tengah,,,B,5,8,5,8,16,10
2026-02-01,T1,BUS,B794,Gagak Rimang,Jawa Tengah,,,B,7,0,6,23,23,13
2026-02-02,T1,BUS,B794,Gagak Rimang,Jawa Tengah,,,B,5,0,6,10,10,11
2026-02-03,T1,BUS,B794,Gagak Rimang,Jawa Tengah,,,B,7,11,7,11,22,14
2026-02-04,T1,BUS,B794,Gagak Rimang,Jawa Tengah,,,B,7,0,8,24,24,15
2026-02-05,T1,BUS,B794,Gagak Rimang,Jawa Tengah,,,B,7,25,12,36,61,19
2026-02-06,T1,BUS,B794,Gagak Rimang,Jawa Tengah,,,B,5,6,5,6,12,10
2026-02-07,T1,BUS,B794,Gagak Rimang,Jawa Tengah,,,B,3,0,3,9,9,6
2026-02-08,T1,BUS,B794,Gagak Rimang,Jawa Tengah,,,B,5,4,5,10,14,10
2026-02-09,T1,BUS,B794,Gagak Rimang,Jawa Tengah,,,B,6,4,6,4,8,12
2026-02-10,T1,BUS,B794,Gagak Rimang,Jawa Tengah,,,B,3,0,3,12,12,6
2026-02-11,T1,BUS,B794,Gagak Rimang,Jawa Tengah,,,B,6,6,6,13,19,12
2026-02-12,T1,BUS,B794,Gagak Rimang,Jawa Tengah,,,B,5,5,5,5,10,10
2026-02-13,T1,BUS,B794,Gagak Rimang,Jawa Tengah,,,B,8,5,6,18,23,14
2026-02-14,T1,BUS,B794,Gagak Rimang,Jawa Tengah,,,B,7,1,7,7,8,14
2026-02-15,T1,BUS,B794,Gagak Rimang,Jawa Tengah,,,B,4,2,4,2,4,8
2026-02-16,T1,BUS,B794,Gagak Rimang,Jawa Tengah,,,B,7,0,7,24,24,14
2026-02-17,T1,BUS,B794,Gagak Rimang,Jawa Tengah,,,B,9,19,10,26,45,19
2026-02-18,T1,BUS,B794,Gagak Rimang,Jawa Tengah,,,B,5,4,5,4,8,10
2026-02-19,T1,BUS,B794,Gagak Rimang,Jawa Tengah,,,B,3,0,3,5,5,6
2026-02-20,T1,BUS,B794,Gagak Rimang,Jawa Tengah,,,B,0,0,4,6,6,4
2026-02-21,T1,BUS,B794,Gagak Rimang,Jawa Tengah,,,B,6,7,6,7,14,12
2026-02-22,T1,BUS,B794,Gagak Rimang,Jawa Tengah,,,B,4,0,4,9,9,8
2026-02-23,T1,BUS,B794,Gagak Rimang,Jawa Tengah,,,B,1,2,4,4,6,5
2026-02-24,T1,BUS,B794,Gagak Rimang,Jawa Tengah,,,B,4,2,4,2,4,8
2026-02-25,T1,BUS,B794,Gagak Rimang,Jawa Tengah,,,B,3,0,3,9,9,6
2026-02-27,T1,BUS,B794,Gagak Rimang,Jawa Tengah,,,B,5,4,5,4,8,10
2026-02-28,T1,BUS,B794,Gagak Rimang,Jawa Tengah,,,B,1,0,1,0,0,2
2026-03-01,T1,BUS,B794,Gagak Rimang,Jawa Tengah,,,B,2,7,3,11,18,5
2026-03-02,T1,BUS,B794,Gagak Rimang,Jawa Tengah,,,B,3,0,3,0,0,6
2026-03-03,T1,BUS,B794,Gagak Rimang,Jawa Tengah,,,B,4,0,4,9,9,8
2026-03-04,T1,BUS,B794,Gagak Rimang,Jawa Tengah,,,B,2,0,2,1,1,4
2026-03-05,T1,BUS,B794,Gagak Rimang,Jawa Tengah,,,B,2,0,2,0,0,4
2026-03-06,T1,BUS,B794,Gagak Rimang,Jawa Tengah,,,B,2,0,2,7,7,4
2026-03-07,T1,BUS,B794,Gagak Rimang,Jawa Tengah,,,B,6,14,6,18,32,12
2026-03-08,T1,BUS,B794,Gagak Rimang,Jawa Tengah,,,B,2,0,2,0,0,4
2026-03-09,T1,BUS,B794,Gagak Rimang,Jawa Tengah,,,B,3,0,3,4,4,6
2026-03-10,T1,BUS,B794,Gagak Rimang,Jawa Tengah,,,B,4,0,4,3,3,8
2026-03-11,T1,BUS,B794,Gagak Rimang,Jawa Tengah,,,B,2,0,2,0,0,4
2026-03-12,T1,BUS,B794,Gagak Rimang,Jawa Tengah,,,B,4,0,4,12,12,8
2026-03-13,T1,BUS,B794,Gagak Rimang,Jawa Tengah,,,B,4,9,7,13,22,11
2026-03-14,T1,BUS,B794,Gagak Rimang,Jawa Tengah,,,B,12,3,12,17,20,24
2026-03-15,T1,BUS,B794,Gagak Rimang,Jawa Tengah,,,B,6,3,6,3,6,12
2026-03-16,T1,BUS,B794,Gagak Rimang,Jawa Tengah,,,B,7,3,9,15,18,16
2026-03-17,T1,BUS,B794,Gagak Rimang,Jawa Tengah,,,B,9,19,9,9,28,18
2026-03-18,T1,BUS,B794,Gagak Rimang,Jawa Tengah,,,B,11,12,11,9,21,22
2026-03-19,T1,BUS,B794,Gagak Rimang,Jawa Tengah,,,B,7,7,6,13,20,13
2026-03-20,T1,BUS,B794,Gagak Rimang,Jawa Tengah,,,B,10,14,11,17,31,21
2026-03-21,T1,BUS,B794,Gagak Rimang,Jawa Tengah,,,B,3,0,3,6,6,6
2026-03-22,T1,BUS,B794,Gagak Rimang,Jawa Tengah,,,B,7,3,9,21,24,16
2026-03-23,T1,BUS,B794,Gagak Rimang,Jawa Tengah,,,B,10,0,10,27,27,20
2026-03-24,T1,BUS,B794,Gagak Rimang,Jawa Tengah,,,B,16,0,16,92,92,32
2026-03-25,T1,BUS,B794,Gagak Rimang,Jawa Tengah,,,B,8,21,8,29,50,16
2026-03-26,T1,BUS,B794,Gagak Rimang,Jawa Tengah,,,B,9,48,8,46,94,17
2026-03-27,T1,BUS,B794,Gagak Rimang,Jawa Tengah,,,B,8,0,8,72,72,16
2026-03-28,T1,BUS,B794,Gagak Rimang,Jawa Tengah,,,B,13,0,16,57,57,29
2026-03-29,T1,BUS,B794,Gagak Rimang,Jawa Tengah,,,B,13,2,13,40,42,26
2026-03-30,T1,BUS,B794,Gagak Rimang,Jawa Tengah,,,B,10,0,10,130,130,20
2026-03-31,T1,BUS,B794,Gagak Rimang,Jawa Tengah,,,B,10,45,13,59,104,23
2026-04-01,T1,BUS,B794,Gagak Rimang,Jawa Tengah,,,B,6,3,6,3,6,12
2026-04-02,T1,BUS,B794,Gagak Rimang,Jawa Tengah,,,B,8,0,9,64,64,17
2026-04-03,T1,BUS,B794,Gagak Rimang,Jawa Tengah,,,B,7,0,7,21,21,14
2026-04-04,T1,BUS,B794,Gagak Rimang,Jawa Tengah,,,B,3,0,2,0,0,5
2026-04-05,T1,BUS,B794,Gagak Rimang,Jawa Tengah,,,B,13,0,13,123,123,26
2026-04-06,T1,BUS,B794,Gagak Rimang,Jawa Tengah,,,B,11,40,13,63,103,24
2026-04-07,T1,BUS,B794,Gagak Rimang,Jawa Tengah,,,B,3,18,4,22,40,7
2026-04-08,T1,BUS,B794,Gagak Rimang,Jawa Tengah,,,B,7,0,8,59,59,15
2026-04-09,T1,BUS,B794,Gagak Rimang,Jawa Tengah,,,B,3,0,13,32,32,16
2026-04-10,T1,BUS,B794,Gagak Rimang,Jawa Tengah,,,B,7,6,7,0,6,14
2026-04-11,T1,BUS,B794,Gagak Rimang,Jawa Tengah,,,B,9,0,9,77,77,18
2026-04-12,T1,BUS,B794,Gagak Rimang,Jawa Tengah,,,B,7,24,9,37,61,16
2026-04-13,T1,BUS,B794,Gagak Rimang,Jawa Tengah,,,B,7,8,7,0,8,14
2026-04-14,T1,BUS,B794,Gagak Rimang,Jawa Tengah,,,B,7,0,7,35,35,14
2026-04-15,T1,BUS,B794,Gagak Rimang,Jawa Tengah,,,B,1,0,8,14,14,9
2026-04-16,T1,BUS,B794,Gagak Rimang,Jawa Tengah,,,B,5,3,5,0,3,10
2026-04-17,T1,BUS,B794,Gagak Rimang,Jawa Tengah,,,B,5,0,5,22,22,10
2026-04-18,T1,BUS,B794,Gagak Rimang,Jawa Tengah,,,B,7,24,9,33,57,16
2026-04-19,T1,BUS,B794,Gagak Rimang,Jawa Tengah,,,B,5,4,5,0,4,10
2026-04-20,T1,BUS,B794,Gagak Rimang,Jawa Tengah,,,B,10,0,9,62,62,19
2026-04-21,T1,BUS,B794,Gagak Rimang,Jawa Tengah,,,B,4,0,8,16,16,12
2026-04-22,T1,BUS,B794,Gagak Rimang,Jawa Tengah,,,B,5,3,5,0,3,10
2026-04-23,T1,BUS,B794,Gagak Rimang,Jawa Tengah,,,B,5,0,5,29,29,10
2026-04-24,T1,BUS,B794,Gagak Rimang,Jawa Tengah,,,B,5,16,7,23,39,12
2026-04-25,T1,BUS,B794,Gagak Rimang,Jawa Tengah,,,B,7,6,7,0,6,14
2026-04-26,T1,BUS,B794,Gagak Rimang,Jawa Tengah,,,B,9,0,9,49,49,18
2026-04-27,T1,BUS,B794,Gagak Rimang,Jawa Tengah,,,B,1,0,9,14,14,10
2026-04-28,T1,BUS,B794,Gagak Rimang,Jawa Tengah,,,B,2,0,2,0,0,4
2026-04-29,T1,BUS,B794,Gagak Rimang,Jawa Tengah,,,B,4,0,4,17,17,8
2026-04-30,T1,BUS,B794,Gagak Rimang,Jawa Tengah,,,B,4,10,4,10,20,8
2026-05-01,T2,BUS,B794,Gagak Rimang,Jawa Tengah,,,B,4,2,4,0,2,8
2026-05-02,T2,BUS,B794,Gagak Rimang,Jawa Tengah,,,B,5,0,5,30,30,10
2026-05-03,T2,BUS,B794,Gagak Rimang,Jawa Tengah,,,B,1,0,10,14,14,11
2026-05-04,T2,BUS,B794,Gagak Rimang,Jawa Tengah,,,B,5,4,5,0,4,10
2026-05-05,T2,BUS,B794,Gagak Rimang,Jawa Tengah,,,B,8,5,8,47,52,16
2026-05-06,T2,BUS,B794,Gagak Rimang,Jawa Tengah,,,B,5,20,8,30,50,13
2026-05-07,T2,BUS,B794,Gagak Rimang,Jawa Tengah,,,B,5,2,5,0,2,10
2026-05-08,T2,BUS,B794,Gagak Rimang,Jawa Tengah,,,B,5,0,5,18,18,10
2026-05-09,T2,BUS,B794,Gagak Rimang,Jawa Tengah,,,B,1,0,9,17,17,10
2026-05-10,T2,BUS,B794,Gagak Rimang,Jawa Tengah,,,B,4,1,4,0,1,8
2026-05-11,T2,BUS,B794,Gagak Rimang,Jawa Tengah,,,B,7,0,7,31,31,14
2026-05-12,T2,BUS,B794,Gagak Rimang,Jawa Tengah,,,B,4,18,8,25,43,12
2026-05-13,T2,BUS,B794,Gagak Rimang,Jawa Tengah,,,B,2,0,2,0,0,4
2026-05-14,T2,BUS,B794,Gagak Rimang,Jawa Tengah,,,B,6,0,6,28,28,12
2026-05-15,T2,BUS,B794,Gagak Rimang,Jawa Tengah,,,B,3,0,9,9,9,12
2026-05-16,T2,BUS,B794,Gagak Rimang,Jawa Tengah,,,B,3,0,3,0,0,6
2026-05-17,T2,BUS,B794,Gagak Rimang,Jawa Tengah,,,B,10,0,10,44,44,20
2026-05-18,T2,BUS,B794,Gagak Rimang,Jawa Tengah,,,B,6,26,8,35,61,14
2026-05-19,T2,BUS,B794,Gagak Rimang,Jawa Tengah,,,B,3,0,3,0,0,6
2026-05-20,T2,BUS,B794,Gagak Rimang,Jawa Tengah,,,B,10,0,10,45,45,20
2026-05-21,T2,BUS,B794,Gagak Rimang,Jawa Tengah,,,B,3,3,6,8,11,9
2026-05-22,T2,BUS,B794,Gagak Rimang,Jawa Tengah,,,B,3,0,3,0,0,6
2026-05-23,T2,BUS,B794,Gagak Rimang,Jawa Tengah,,,B,6,1,6,16,17,12
2026-05-24,T2,BUS,B794,Gagak Rimang,Jawa Tengah,,,B,7,18,7,24,42,14
2026-05-25,T2,BUS,B794,Gagak Rimang,Jawa Tengah,,,B,3,0,3,0,0,6
2026-05-26,T2,BUS,B794,Gagak Rimang,Jawa Tengah,,,B,6,0,9,27,27,15
2026-05-27,T2,BUS,B794,Gagak Rimang,Jawa Tengah,,,B,3,3,8,12,15,11
2026-05-28,T2,BUS,B794,Gagak Rimang,Jawa Tengah,,,B,3,0,3,0,0,6
2026-05-29,T2,BUS,B794,Gagak Rimang,Jawa Tengah,,,B,7,0,7,32,32,14
2026-05-30,T2,BUS,B794,Gagak Rimang,Jawa Tengah,,,B,7,22,8,34,56,15
2026-05-31,T2,BUS,B794,Gagak Rimang,Jawa Tengah,,,B,4,2,4,0,2,8
2026-06-01,T2,BUS,B794,Gagak Rimang,Jawa Tengah,,,B,11,0,11,31,31,22
2026-06-02,T2,BUS,B794,Gagak Rimang,Jawa Tengah,,,B,6,0,14,18,18,20
2026-06-03,T2,BUS,B794,Gagak Rimang,Jawa Tengah,,,B,3,1,3,0,1,6
2026-06-04,T2,BUS,B794,Gagak Rimang,Jawa Tengah,,,B,8,0,8,27,27,16
2026-06-05,T2,BUS,B794,Gagak Rimang,Jawa Tengah,,,B,5,22,8,34,56,13
2026-06-06,T2,BUS,B794,Gagak Rimang,Jawa Tengah,,,B,4,1,4,0,1,8
2026-06-07,T2,BUS,B794,Gagak Rimang,Jawa Tengah,,,B,7,0,7,12,12,14
2026-06-08,T2,BUS,B794,Gagak Rimang,Jawa Tengah,,,B,2,0,10,15,15,12
2026-06-09,T2,BUS,B794,Gagak Rimang,Jawa Tengah,,,B,6,4,6,0,4,12
2026-06-10,T2,BUS,B794,Gagak Rimang,Jawa Tengah,,,B,3,0,3,6,6,6
2026-06-11,T2,BUS,B794,Gagak Rimang,Jawa Tengah,,,B,6,15,6,20,35,12
2026-06-12,T2,BUS,B794,Gagak Rimang,Jawa Tengah,,,B,3,0,3,0,0,6
2026-06-13,T2,BUS,B794,Gagak Rimang,Jawa Tengah,,,B,5,0,5,16,16,10
2026-06-14,T2,BUS,B794,Gagak Rimang,Jawa Tengah,,,B,2,0,9,13,13,11
2026-06-15,T2,BUS,B794,Gagak Rimang,Jawa Tengah,,,B,4,0,4,0,0,8
2026-06-16,T2,BUS,B794,Gagak Rimang,Jawa Tengah,,,B,7,0,7,27,27,14
2026-06-17,T2,BUS,B794,Gagak Rimang,Jawa Tengah,,,B,6,25,9,36,61,15
2026-06-18,T2,BUS,B794,Gagak Rimang,Jawa Tengah,,,B,4,3,4,0,3,8
2026-06-19,T2,BUS,B794,Gagak Rimang,Jawa Tengah,,,B,5,0,5,16,16,10
2026-06-20,T2,BUS,B794,Gagak Rimang,Jawa Tengah,,,B,3,0,9,14,14,12
2026-06-21,T2,BUS,B794,Gagak Rimang,Jawa Tengah,,,B,6,4,6,4,8,12
2026-06-22,T2,BUS,B794,Gagak Rimang,Jawa Tengah,,,B,6,0,6,17,17,12
2026-06-23,T2,BUS,B794,Gagak Rimang,Jawa Tengah,,,B,4,9,6,16,25,10
2026-06-24,T2,BUS,B794,Gagak Rimang,Jawa Tengah,,,B,5,2,5,2,4,10
2026-06-25,T2,BUS,B794,Gagak Rimang,Jawa Tengah,,,B,9,0,9,31,31,18
2026-06-26,T2,BUS,B794,Gagak Rimang,Jawa Tengah,,,B,0,0,7,9,9,7
2026-06-27,T2,BUS,B794,Gagak Rimang,Jawa Tengah,,,B,4,1,4,1,2,8
2026-06-28,T2,BUS,B794,Gagak Rimang,Jawa Tengah,,,B,8,0,8,30,30,16
2026-06-29,T2,BUS,B794,Gagak Rimang,Jawa Tengah,,,B,6,21,9,27,48,15
2026-06-30,T2,BUS,B794,Gagak Rimang,Jawa Tengah,,,B,3,0,3,0,0,6
2026-07-01,T2,BUS,B794,Gagak Rimang,Jawa Tengah,,,B,6,0,6,38,38,12
2026-07-02,T2,BUS,B794,Gagak Rimang,Jawa Tengah,,,B,6,18,7,23,41,13
2026-07-03,T2,BUS,B794,Gagak Rimang,Jawa Tengah,,,B,4,1,6,1,2,10
2026-07-04,T2,BUS,B794,Gagak Rimang,Jawa Tengah,,,B,3,0,3,10,10,6
2026-07-05,T2,BUS,B794,Gagak Rimang,Jawa Tengah,,,B,6,21,8,29,50,14
2026-07-06,T2,BUS,B794,Gagak Rimang,Jawa Tengah,,,B,5,2,5,2,4,10
2026-07-07,T2,BUS,B794,Gagak Rimang,Jawa Tengah,,,B,6,0,6,24,24,12
2026-07-08,T2,BUS,B794,Gagak Rimang,Jawa Tengah,,,B,5,22,8,29,51,13
2026-07-09,T2,BUS,B794,Gagak Rimang,Jawa Tengah,,,B,5,2,5,2,4,10
2026-07-10,T2,BUS,B794,Gagak Rimang,Jawa Tengah,,,B,5,0,5,31,31,10
2026-07-11,T2,BUS,B794,Gagak Rimang,Jawa Tengah,,,B,8,13,9,28,41,17
2026-07-12,T2,BUS,B794,Gagak Rimang,Jawa Tengah,,,B,7,2,7,2,4,14
2026-07-13,T2,BUS,B794,Gagak Rimang,Jawa Tengah,,,B,5,0,5,16,16,10
2026-07-14,T2,BUS,B794,Gagak Rimang,Jawa Tengah,,,B,5,19,8,23,42,13
2026-07-15,T2,BUS,B794,Gagak Rimang,Jawa Tengah,,,B,5,1,4,1,2,9
2026-07-16,T2,BUS,B794,Gagak Rimang,Jawa Tengah,,,B,6,0,5,34,34,11
2026-07-17,T2,BUS,B794,Gagak Rimang,Jawa Tengah,,,B,3,16,7,19,35,10
2026-07-18,T2,BUS,B794,Gagak Rimang,Jawa Tengah,,,B,5,2,5,2,4,10
2026-07-19,T2,BUS,B794,Gagak Rimang,Jawa Tengah,,,B,8,0,8,32,32,16
2026-07-20,T2,BUS,B794,Gagak Rimang,Jawa Tengah,,,B,7,27,10,37,64,17
2026-07-21,T2,BUS,B794,Gagak Rimang,Jawa Tengah,,,B,5,2,5,2,4,10
2026-07-22,T2,BUS,B794,Gagak Rimang,Jawa Tengah,,,B,6,0,6,26,26,12
2026-07-23,T2,BUS,B794,Gagak Rimang,Jawa Tengah,,,B,4,21,6,25,46,10
2026-07-24,T2,BUS,B794,Gagak Rimang,Jawa Tengah,,,B,5,2,5,2,4,10
2026-07-25,T2,BUS,B794,Gagak Rimang,Jawa Tengah,,,B,6,0,6,28,28,12
2026-07-26,T2,BUS,B794,Gagak Rimang,Jawa Tengah,,,B,6,28,9,34,62,15
2026-07-27,T2,BUS,B794,Gagak Rimang,Jawa Tengah,,,B,3,0,3,0,0,6
2026-07-28,T2,BUS,B794,Gagak Rimang,Jawa Tengah,,,B,7,0,7,19,19,14
2026-07-29,T2,BUS,B794,Gagak Rimang,Jawa Tengah,,,B,6,22,9,31,53,15
2026-07-30,T2,BUS,B794,Gagak Rimang,Jawa Tengah,,,B,3,0,3,0,0,6
2026-07-31,T2,BUS,B794,Gagak Rimang,Jawa Tengah,,,B,5,0,5,19,19,10
2026-08-01,T2,BUS,B794,Gagak Rimang,Jawa Tengah,,,B,4,16,7,20,36,11
2026-08-02,T2,BUS,B794,Gagak Rimang,Jawa Tengah,,,B,3,0,3,0,0,6
2026-08-03,T2,BUS,B794,Gagak Rimang,Jawa Tengah,,,B,5,0,5,25,25,10
2026-08-04,T2,BUS,B794,Gagak Rimang,Jawa Tengah,,,B,7,24,8,34,58,15
2026-08-05,T2,BUS,B794,Gagak Rimang,Jawa Tengah,,,B,4,2,4,2,4,8
2026-08-06,T2,BUS,B794,Gagak Rimang,Jawa Tengah,,,B,7,0,7,37,37,14
2026-08-07,T2,BUS,B794,Gagak Rimang,Jawa Tengah,,,B,6,17,9,27,44,15
2026-08-08,T2,BUS,B794,Gagak Rimang,Jawa Tengah,,,B,4,1,4,1,2,8
2026-08-09,T2,BUS,B794,Gagak Rimang,Jawa Tengah,,,B,6,0,6,31,31,12
2026-08-10,T2,BUS,B794,Gagak Rimang,Jawa Tengah,,,B,7,23,9,32,55,16
2026-08-11,T2,BUS,B794,Gagak Rimang,Jawa Tengah,,,B,4,2,4,2,4,8
2026-08-12,T2,BUS,B794,Gagak Rimang,Jawa Tengah,,,B,6,0,6,32,32,12
2026-08-13,T2,BUS,B794,Gagak Rimang,Jawa Tengah,,,B,7,22,9,29,51,16
2026-08-14,T2,BUS,B794,Gagak Rimang,Jawa Tengah,,,B,4,1,4,1,2,8
2026-08-15,T2,BUS,B794,Gagak Rimang,Jawa Tengah,,,B,5,0,5,19,19,10
2026-08-16,T2,BUS,B794,Gagak Rimang,Jawa Tengah,,,B,8,21,8,32,53,16
2026-08-17,T2,BUS,B794,Gagak Rimang,Jawa Tengah,,,B,4,1,4,1,2,8
2026-08-18,T2,BUS,B794,Gagak Rimang,Jawa Tengah,,,B,5,0,5,14,14,10
2026-08-19,T2,BUS,B794,Gagak Rimang,Jawa Tengah,,,B,7,23,10,36,59,17
2026-08-20,T2,BUS,B794,Gagak Rimang,Jawa Tengah,,,B,4,1,4,1,2,8
2026-08-21,T2,BUS,B794,Gagak Rimang,Jawa Tengah,,,B,5,0,5,27,27,10
2026-08-22,T2,BUS,B794,Gagak Rimang,Jawa Tengah,,,B,6,22,9,32,54,15
2026-08-23,T2,BUS,B794,Gagak Rimang,Jawa Tengah,,,B,5,2,5,2,4,10
2026-08-24,T2,BUS,B794,Gagak Rimang,Jawa Tengah,,,B,5,0,5,34,34,10
2026-08-25,T2,BUS,B794,Gagak Rimang,Jawa Tengah,,,B,7,23,10,35,58,17
2026-08-26,T2,BUS,B794,Gagak Rimang,Jawa Tengah,,,B,4,1,4,1,2,8
2026-08-27,T2,BUS,B794,Gagak Rimang,Jawa Tengah,,,B,7,0,7,35,35,14
2026-08-28,T2,BUS,B794,Gagak Rimang,Jawa Tengah,,,B,7,28,10,37,65,17
2026-08-29,T2,BUS,B794,Gagak Rimang,Jawa Tengah,,,B,5,2,5,2,4,10
2026-08-30,T2,BUS,B794,Gagak Rimang,Jawa Tengah,,,B,6,0,6,28,28,12
2026-08-31,T2,BUS,B794,Gagak Rimang,Jawa Tengah,,,B,8,19,11,28,47,19
2026-09-01,T3,BUS,B794,Gagak Rimang,Jawa Tengah,,,B,4,1,4,1,2,8
2026-09-02,T3,BUS,B794,Gagak Rimang,Jawa Tengah,,,B,6,0,6,11,11,12
2026-09-03,T3,BUS,B794,Gagak Rimang,Jawa Tengah,,,B,5,17,8,23,40,13
2026-09-04,T3,BUS,B794,Gagak Rimang,Jawa Tengah,,,B,5,2,4,2,4,9
2026-09-05,T3,BUS,B794,Gagak Rimang,Jawa Tengah,,,B,6,0,6,28,28,12
2026-09-06,T3,BUS,B794,Gagak Rimang,Jawa Tengah,,,B,7,21,11,35,56,18
2026-09-07,T3,BUS,B794,Gagak Rimang,Jawa Tengah,,,B,3,0,3,0,0,6
2026-09-08,T3,BUS,B794,Gagak Rimang,Jawa Tengah,,,B,5,0,5,29,29,10
2026-09-09,T3,BUS,B794,Gagak Rimang,Jawa Tengah,,,B,6,23,8,28,51,14
2026-09-10,T3,BUS,B794,Gagak Rimang,Jawa Tengah,,,B,4,1,4,1,2,8
2026-09-11,T3,BUS,B794,Gagak Rimang,Jawa Tengah,,,B,5,0,5,9,9,10
2026-09-12,T3,BUS,B794,Gagak Rimang,Jawa Tengah,,,B,5,19,8,26,45,13
2026-09-13,T3,BUS,B794,Gagak Rimang,Jawa Tengah,,,B,4,1,4,1,2,8
2026-09-14,T3,BUS,B794,Gagak Rimang,Jawa Tengah,,,B,5,6,5,14,20,10
2026-09-15,T3,BUS,B794,Gagak Rimang,Jawa Tengah,,,B,6,22,8,31,53,14
2026-09-16,T3,BUS,B794,Gagak Rimang,Jawa Tengah,,,B,3,0,3,0,0,6
2026-09-17,T3,BUS,B794,Gagak Rimang,Jawa Tengah,,,B,5,0,5,15,15,10
2026-09-18,T3,BUS,B794,Gagak Rimang,Jawa Tengah,,,B,3,13,5,16,29,8
2026-09-19,T3,BUS,B794,Gagak Rimang,Jawa Tengah,,,B,3,0,3,0,0,6
2026-09-20,T3,BUS,B794,Gagak Rimang,Jawa Tengah,,,B,5,0,5,25,25,10
2026-09-21,T3,BUS,B794,Gagak Rimang,Jawa Tengah,,,B,6,18,8,27,45,14
2026-09-22,T3,BUS,B794,Gagak Rimang,Jawa Tengah,,,B,4,1,4,1,2,8
2026-09-23,T3,BUS,B794,Gagak Rimang,Jawa Tengah,,,B,6,5,6,12,17,12
2026-09-24,T3,BUS,B794,Gagak Rimang,Jawa Tengah,,,B,9,28,12,38,66,21
2026-09-25,T3,BUS,B794,Gagak Rimang,Jawa Tengah,,,B,6,5,6,5,10,12
2026-09-26,T3,BUS,B794,Gagak Rimang,Jawa Tengah,,,B,5,0,5,15,15,10
2026-09-27,T3,BUS,B794,Gagak Rimang,Jawa Tengah,,,B,11,17,14,39,56,25
2026-09-28,T3,BUS,B794,Gagak Rimang,Jawa Tengah,,,B,6,3,6,3,6,12
2026-01-01,T1,BUS,B1297,Ginte,Nusa Tenggara Barat,,,B,21,242,2,23,265,23
2026-01-02,T1,BUS,B1297,Ginte,Nusa Tenggara Barat,,,B,29,549,1,17,566,30
2026-01-03,T1,BUS,B1297,Ginte,Nusa Tenggara Barat,,,B,27,507,3,78,585,30
2026-01-04,T1,BUS,B1297,Ginte,Nusa Tenggara Barat,,,B,32,652,2,52,704,34
2026-01-05,T1,BUS,B1297,Ginte,Nusa Tenggara Barat,,,B,29,493,2,41,534,31
2026-01-06,T1,BUS,B1297,Ginte,Nusa Tenggara Barat,,,B,25,372,2,36,408,27
2026-01-07,T1,BUS,B1297,Ginte,Nusa Tenggara Barat,,,B,22,293,2,45,338,24
2026-01-08,T1,BUS,B1297,Ginte,Nusa Tenggara Barat,,,B,25,390,2,32,422,27
2026-01-09,T1,BUS,B1297,Ginte,Nusa Tenggara Barat,,,B,15,149,4,107,256,19
2026-01-10,T1,BUS,B1297,Ginte,Nusa Tenggara Barat,,,B,27,548,2,55,603,29
2026-01-11,T1,BUS,B1297,Ginte,Nusa Tenggara Barat,,,B,27,462,1,14,476,28
2026-01-12,T1,BUS,B1297,Ginte,Nusa Tenggara Barat,,,B,27,371,3,77,448,30
2026-01-13,T1,BUS,B1297,Ginte,Nusa Tenggara Barat,,,B,24,398,2,24,422,26
2026-01-14,T1,BUS,B1297,Ginte,Nusa Tenggara Barat,,,B,23,341,3,76,417,26
2026-01-15,T1,BUS,B1297,Ginte,Nusa Tenggara Barat,,,B,25,446,2,47,493,27
2026-01-16,T1,BUS,B1297,Ginte,Nusa Tenggara Barat,,,B,11,87,0,0,87,11
2026-01-17,T1,BUS,B1297,Ginte,Nusa Tenggara Barat,,,B,26,462,2,44,506,28
2026-01-18,T1,BUS,B1297,Ginte,Nusa Tenggara Barat,,,B,26,507,2,38,545,28
2026-01-19,T1,BUS,B1297,Ginte,Nusa Tenggara Barat,,,B,22,333,2,39,372,24
2026-01-20,T1,BUS,B1297,Ginte,Nusa Tenggara Barat,,,B,24,448,2,59,507,26
2026-01-21,T1,BUS,B1297,Ginte,Nusa Tenggara Barat,,,B,26,416,2,45,461,28
2026-01-22,T1,BUS,B1297,Ginte,Nusa Tenggara Barat,,,B,24,398,2,62,460,26
2026-01-24,T1,BUS,B1297,Ginte,Nusa Tenggara Barat,,,B,24,378,2,40,418,26
2026-01-25,T1,BUS,B1297,Ginte,Nusa Tenggara Barat,,,B,19,218,2,57,275,21
2026-01-26,T1,BUS,B1297,Ginte,Nusa Tenggara Barat,,,B,22,325,2,37,362,24
2026-01-27,T1,BUS,B1297,Ginte,Nusa Tenggara Barat,,,B,23,342,2,41,383,25
2026-01-28,T1,BUS,B1297,Ginte,Nusa Tenggara Barat,,,B,24,436,2,59,495,26
2026-01-29,T1,BUS,B1297,Ginte,Nusa Tenggara Barat,,,B,27,482,2,55,537,29
2026-01-30,T1,BUS,B1297,Ginte,Nusa Tenggara Barat,,,B,24,505,2,57,562,26
2026-01-31,T1,BUS,B1297,Ginte,Nusa Tenggara Barat,,,B,25,487,2,51,538,27
2026-02-01,T1,BUS,B1297,Ginte,Nusa Tenggara Barat,,,B,29,538,2,61,599,31
2026-02-02,T1,BUS,B1297,Ginte,Nusa Tenggara Barat,,,B,23,388,2,49,437,25
2026-02-03,T1,BUS,B1297,Ginte,Nusa Tenggara Barat,,,B,37,535,2,55,590,39
2026-02-04,T1,BUS,B1297,Ginte,Nusa Tenggara Barat,,,B,24,369,2,42,411,26
2026-02-05,T1,BUS,B1297,Ginte,Nusa Tenggara Barat,,,B,27,453,2,37,490,29
2026-02-06,T1,BUS,B1297,Ginte,Nusa Tenggara Barat,,,B,24,398,2,43,441,26
2026-02-07,T1,BUS,B1297,Ginte,Nusa Tenggara Barat,,,B,31,534,2,36,570,33
2026-02-08,T1,BUS,B1297,Ginte,Nusa Tenggara Barat,,,B,26,484,2,39,523,28
2026-02-09,T1,BUS,B1297,Ginte,Nusa Tenggara Barat,,,B,25,454,2,56,510,27
2026-02-10,T1,BUS,B1297,Ginte,Nusa Tenggara Barat,,,B,24,423,2,53,476,26
2026-02-11,T1,BUS,B1297,Ginte,Nusa Tenggara Barat,,,B,25,413,2,61,474,27
2026-02-12,T1,BUS,B1297,Ginte,Nusa Tenggara Barat,,,B,22,334,2,51,385,24
2026-02-13,T1,BUS,B1297,Ginte,Nusa Tenggara Barat,,,B,24,437,2,49,486,26
2026-02-14,T1,BUS,B1297,Ginte,Nusa Tenggara Barat,,,B,27,494,2,51,545,29
2026-02-15,T1,BUS,B1297,Ginte,Nusa Tenggara Barat,,,B,26,470,2,41,511,28
2026-02-16,T1,BUS,B1297,Ginte,Nusa Tenggara Barat,,,B,27,455,2,28,483,29
2026-02-17,T1,BUS,B1297,Ginte,Nusa Tenggara Barat,,,B,27,448,2,48,496,29
2026-02-18,T1,BUS,B1297,Ginte,Nusa Tenggara Barat,,,B,27,369,2,33,402,29
2026-02-19,T1,BUS,B1297,Ginte,Nusa Tenggara Barat,,,B,23,305,2,28,333,25
2026-02-20,T1,BUS,B1297,Ginte,Nusa Tenggara Barat,,,B,16,182,2,33,215,18
2026-02-21,T1,BUS,B1297,Ginte,Nusa Tenggara Barat,,,B,23,349,2,39,388,25
2026-02-22,T1,BUS,B1297,Ginte,Nusa Tenggara Barat,,,B,22,329,3,44,373,25
2026-02-23,T1,BUS,B1297,Ginte,Nusa Tenggara Barat,,,B,25,338,1,9,347,26
2026-02-24,T1,BUS,B1297,Ginte,Nusa Tenggara Barat,,,B,20,245,2,38,283,22
2026-02-25,T1,BUS,B1297,Ginte,Nusa Tenggara Barat,,,B,28,511,2,34,545,30
2026-02-26,T1,BUS,B1297,Ginte,Nusa Tenggara Barat,,,B,14,136,0,0,136,14
2026-02-27,T1,BUS,B1297,Ginte,Nusa Tenggara Barat,,,B,9,209,2,41,250,11
2026-02-28,T1,BUS,B1297,Ginte,Nusa Tenggara Barat,,,B,27,497,0,0,497,27
2026-03-01,T1,BUS,B1297,Ginte,Nusa Tenggara Barat,,,B,24,383,3,59,442,27
2026-03-02,T1,BUS,B1297,Ginte,Nusa Tenggara Barat,,,B,28,403,2,26,429,30
2026-03-03,T1,BUS,B1297,Ginte,Nusa Tenggara Barat,,,B,22,291,2,36,327,24
2026-03-04,T1,BUS,B1297,Ginte,Nusa Tenggara Barat,,,B,21,272,2,28,300,23
2026-03-05,T1,BUS,B1297,Ginte,Nusa Tenggara Barat,,,B,24,382,2,39,421,26
2026-03-06,T1,BUS,B1297,Ginte,Nusa Tenggara Barat,,,B,24,325,2,14,339,26
2026-03-07,T1,BUS,B1297,Ginte,Nusa Tenggara Barat,,,B,28,381,2,34,415,30
2026-03-08,T1,BUS,B1297,Ginte,Nusa Tenggara Barat,,,B,26,336,2,29,365,28
2026-03-09,T1,BUS,B1297,Ginte,Nusa Tenggara Barat,,,B,27,337,2,25,362,29
2026-03-10,T1,BUS,B1297,Ginte,Nusa Tenggara Barat,,,B,29,372,2,15,387,31
2026-03-11,T1,BUS,B1297,Ginte,Nusa Tenggara Barat,,,B,27,325,2,9,334,29
2026-03-12,T1,BUS,B1297,Ginte,Nusa Tenggara Barat,,,B,28,466,2,17,483,30
2026-03-13,T1,BUS,B1297,Ginte,Nusa Tenggara Barat,,,B,30,474,2,40,514,32
2026-03-14,T1,BUS,B1297,Ginte,Nusa Tenggara Barat,,,B,26,402,2,29,431,28
2026-03-15,T1,BUS,B1297,Ginte,Nusa Tenggara Barat,,,B,33,427,2,11,438,35
2026-03-16,T1,BUS,B1297,Ginte,Nusa Tenggara Barat,,,B,23,286,2,9,295,25
2026-03-17,T1,BUS,B1297,Ginte,Nusa Tenggara Barat,,,B,29,466,1,17,483,30
2026-03-18,T1,BUS,B1297,Ginte,Nusa Tenggara Barat,,,B,24,329,2,8,337,26
2026-03-19,T1,BUS,B1297,Ginte,Nusa Tenggara Barat,,,B,15,217,0,0,217,15
2026-03-20,T1,BUS,B1297,Ginte,Nusa Tenggara Barat,,,B,2,14,0,0,14,2
2026-03-22,T1,BUS,B1297,Ginte,Nusa Tenggara Barat,,,B,22,563,2,53,616,24
2026-03-23,T1,BUS,B1297,Ginte,Nusa Tenggara Barat,,,B,36,902,3,97,999,39
2026-03-24,T1,BUS,B1297,Ginte,Nusa Tenggara Barat,,,B,34,808,3,96,904,37
2026-03-25,T1,BUS,B1297,Ginte,Nusa Tenggara Barat,,,B,40,993,3,96,1089,43
2026-03-26,T1,BUS,B1297,Ginte,Nusa Tenggara Barat,,,B,33,771,3,94,865,36
2026-03-27,T1,BUS,B1297,Ginte,Nusa Tenggara Barat,,,B,37,868,5,165,1033,42
2026-03-28,T1,BUS,B1297,Ginte,Nusa Tenggara Barat,,,B,28,741,7,202,943,35
2026-03-29,T1,BUS,B1297,Ginte,Nusa Tenggara Barat,,,B,36,889,5,155,1044,41
2026-03-30,T1,BUS,B1297,Ginte,Nusa Tenggara Barat,,,B,37,902,5,160,1062,42
2026-03-31,T1,BUS,B1297,Ginte,Nusa Tenggara Barat,,,B,36,759,3,90,849,39
2026-04-01,T1,BUS,B1297,Ginte,Nusa Tenggara Barat,,,B,27,521,2,47,568,29
2026-04-02,T1,BUS,B1297,Ginte,Nusa Tenggara Barat,,,B,27,580,2,56,636,29
2026-04-03,T1,BUS,B1297,Ginte,Nusa Tenggara Barat,,,B,15,212,2,46,258,17
2026-04-04,T1,BUS,B1297,Ginte,Nusa Tenggara Barat,,,B,35,719,2,58,777,37
2026-04-05,T1,BUS,B1297,Ginte,Nusa Tenggara Barat,,,B,27,537,3,80,617,30
2026-04-06,T1,BUS,B1297,Ginte,Nusa Tenggara Barat,,,B,25,508,2,59,567,27
2026-04-07,T1,BUS,B1297,Ginte,Nusa Tenggara Barat,,,B,24,448,2,38,486,26
2026-04-08,T1,BUS,B1297,Ginte,Nusa Tenggara Barat,,,B,25,469,1,17,486,26
2026-04-09,T1,BUS,B1297,Ginte,Nusa Tenggara Barat,,,B,27,532,1,16,548,28
2026-04-10,T1,BUS,B1297,Ginte,Nusa Tenggara Barat,,,B,29,538,0,0,538,29
2026-04-11,T1,BUS,B1297,Ginte,Nusa Tenggara Barat,,,B,25,486,2,52,538,27
2026-04-12,T1,BUS,B1297,Ginte,Nusa Tenggara Barat,,,B,24,550,3,76,626,27
2026-04-13,T1,BUS,B1297,Ginte,Nusa Tenggara Barat,,,B,29,572,2,51,623,31
2026-04-14,T1,BUS,B1297,Ginte,Nusa Tenggara Barat,,,B,26,529,2,45,574,28
2026-04-15,T1,BUS,B1297,Ginte,Nusa Tenggara Barat,,,B,30,556,2,47,603,32
2026-04-16,T1,BUS,B1297,Ginte,Nusa Tenggara Barat,,,B,25,541,2,51,592,27
2026-04-17,T1,BUS,B1297,Ginte,Nusa Tenggara Barat,,,B,27,553,2,47,600,29
2026-04-18,T1,BUS,B1297,Ginte,Nusa Tenggara Barat,,,B,27,559,3,94,653,30
2026-04-19,T1,BUS,B1297,Ginte,Nusa Tenggara Barat,,,B,26,556,2,55,611,28
2026-04-20,T1,BUS,B1297,Ginte,Nusa Tenggara Barat,,,B,26,801,3,70,871,29
2026-04-21,T1,BUS,B1297,Ginte,Nusa Tenggara Barat,,,B,29,621,2,38,659,31
2026-04-22,T1,BUS,B1297,Ginte,Nusa Tenggara Barat,,,B,32,722,2,46,768,34
2026-04-23,T1,BUS,B1297,Ginte,Nusa Tenggara Barat,,,B,29,619,2,51,670,31
2026-04-24,T1,BUS,B1297,Ginte,Nusa Tenggara Barat,,,B,21,467,2,59,526,23
2026-04-26,T1,BUS,B1297,Ginte,Nusa Tenggara Barat,,,B,25,601,2,40,641,27
2026-04-27,T1,BUS,B1297,Ginte,Nusa Tenggara Barat,,,B,28,593,2,38,631,30
2026-04-28,T1,BUS,B1297,Ginte,Nusa Tenggara Barat,,,B,22,389,2,37,426,24
2026-04-29,T1,BUS,B1297,Ginte,Nusa Tenggara Barat,,,B,14,184,0,0,184,14
2026-04-30,T1,BUS,B1297,Ginte,Nusa Tenggara Barat,,,B,1,15,0,0,15,1
2026-05-01,T2,BUS,B1297,Ginte,Nusa Tenggara Barat,,,B,28,649,2,52,701,30
2026-05-02,T2,BUS,B1297,Ginte,Nusa Tenggara Barat,,,B,33,620,2,51,671,35
2026-05-03,T2,BUS,B1297,Ginte,Nusa Tenggara Barat,,,B,15,211,0,0,211,15
2026-05-04,T2,BUS,B1297,Ginte,Nusa Tenggara Barat,,,B,30,623,2,32,655,32
2026-05-05,T2,BUS,B1297,Ginte,Nusa Tenggara Barat,,,B,27,586,2,43,629,29
2026-05-06,T2,BUS,B1297,Ginte,Nusa Tenggara Barat,,,B,28,610,2,31,641,30
2026-05-07,T2,BUS,B1297,Ginte,Nusa Tenggara Barat,,,B,30,650,2,38,688,32
2026-05-08,T2,BUS,B1297,Ginte,Nusa Tenggara Barat,,,B,23,455,2,42,497,25
2026-05-09,T2,BUS,B1297,Ginte,Nusa Tenggara Barat,,,B,33,742,0,0,742,33
2026-05-10,T2,BUS,B1297,Ginte,Nusa Tenggara Barat,,,B,26,609,2,37,646,28
2026-05-11,T2,BUS,B1297,Ginte,Nusa Tenggara Barat,,,B,23,468,2,34,502,25
2026-05-12,T2,BUS,B1297,Ginte,Nusa Tenggara Barat,,,B,24,459,2,25,484,26
2026-05-13,T2,BUS,B1297,Ginte,Nusa Tenggara Barat,,,B,27,591,2,51,642,29
2026-05-14,T2,BUS,B1297,Ginte,Nusa Tenggara Barat,,,B,28,607,2,33,640,30
2026-05-15,T2,BUS,B1297,Ginte,Nusa Tenggara Barat,,,B,20,316,2,29,345,22
2026-05-16,T2,BUS,B1297,Ginte,Nusa Tenggara Barat,,,B,30,627,3,64,691,33
2026-05-17,T2,BUS,B1297,Ginte,Nusa Tenggara Barat,,,B,25,559,2,43,602,27
2026-05-18,T2,BUS,B1297,Ginte,Nusa Tenggara Barat,,,B,26,621,2,63,684,28
2026-05-19,T2,BUS,B1297,Ginte,Nusa Tenggara Barat,,,B,25,499,2,35,534,27
2026-05-20,T2,BUS,B1297,Ginte,Nusa Tenggara Barat,,,B,28,588,3,73,661,31
2026-05-21,T2,BUS,B1297,Ginte,Nusa Tenggara Barat,,,B,27,505,2,35,540,29
2026-05-22,T2,BUS,B1297,Ginte,Nusa Tenggara Barat,,,B,24,340,2,24,364,26
2026-05-23,T2,BUS,B1297,Ginte,Nusa Tenggara Barat,,,B,25,498,2,29,527,27
2026-05-24,T2,BUS,B1297,Ginte,Nusa Tenggara Barat,,,B,27,302,2,33,335,29
2026-05-25,T2,BUS,B1297,Ginte,Nusa Tenggara Barat,,,B,25,399,2,21,420,27
2026-05-26,T2,BUS,B1297,Ginte,Nusa Tenggara Barat,,,B,10,151,0,0,151,10
2026-05-27,T2,BUS,B1297,Ginte,Nusa Tenggara Barat,,,B,7,118,2,22,140,9
2026-05-28,T2,BUS,B1297,Ginte,Nusa Tenggara Barat,,,B,23,484,2,43,527,25
2026-05-29,T2,BUS,B1297,Ginte,Nusa Tenggara Barat,,,B,30,521,2,45,566,32
2026-05-30,T2,BUS,B1297,Ginte,Nusa Tenggara Barat,,,B,28,534,2,44,578,30
2026-05-31,T2,BUS,B1297,Ginte,Nusa Tenggara Barat,,,B,30,657,2,54,711,32
2026-06-01,T2,BUS,B1297,Ginte,Nusa Tenggara Barat,,,B,26,549,2,50,599,28
2026-06-02,T2,BUS,B1297,Ginte,Nusa Tenggara Barat,,,B,12,191,0,0,191,12
2026-06-03,T2,BUS,B1297,Ginte,Nusa Tenggara Barat,,,B,30,548,2,48,596,32
2026-06-04,T2,BUS,B1297,Ginte,Nusa Tenggara Barat,,,B,25,428,2,27,455,27
2026-06-05,T2,BUS,B1297,Ginte,Nusa Tenggara Barat,,,B,28,587,3,82,669,31
2026-06-06,T2,BUS,B1297,Ginte,Nusa Tenggara Barat,,,B,29,608,3,65,673,32
2026-06-07,T2,BUS,B1297,Ginte,Nusa Tenggara Barat,,,B,28,595,2,67,662,30
2026-06-08,T2,BUS,B1297,Ginte,Nusa Tenggara Barat,,,B,33,656,3,58,714,36
2026-06-09,T2,BUS,B1297,Ginte,Nusa Tenggara Barat,,,B,25,551,2,49,600,27
2026-06-10,T2,BUS,B1297,Ginte,Nusa Tenggara Barat,,,B,31,652,2,39,691,33
2026-06-11,T2,BUS,B1297,Ginte,Nusa Tenggara Barat,,,B,28,498,2,48,546,30
2026-06-12,T2,BUS,B1297,Ginte,Nusa Tenggara Barat,,,B,27,492,2,44,536,29
2026-06-13,T2,BUS,B1297,Ginte,Nusa Tenggara Barat,,,B,13,165,0,0,165,13
2026-06-14,T2,BUS,B1297,Ginte,Nusa Tenggara Barat,,,B,27,470,2,32,502,29
2026-06-15,T2,BUS,B1297,Ginte,Nusa Tenggara Barat,,,B,20,260,2,46,306,22
2026-06-16,T2,BUS,B1297,Ginte,Nusa Tenggara Barat,,,B,38,742,2,43,785,40
2026-06-17,T2,BUS,B1297,Ginte,Nusa Tenggara Barat,,,B,14,205,0,0,205,14
2026-06-18,T2,BUS,B1297,Ginte,Nusa Tenggara Barat,,,B,34,701,2,40,741,36
2026-06-19,T2,BUS,B1297,Ginte,Nusa Tenggara Barat,,,B,27,595,2,40,635,29
2026-06-20,T2,BUS,B1297,Ginte,Nusa Tenggara Barat,,,B,33,720,2,65,785,35
2026-06-21,T2,BUS,B1297,Ginte,Nusa Tenggara Barat,,,B,27,589,2,42,631,29
2026-06-22,T2,BUS,B1297,Ginte,Nusa Tenggara Barat,,,B,34,727,2,43,770,36
2026-06-23,T2,BUS,B1297,Ginte,Nusa Tenggara Barat,,,B,27,635,3,50,685,30
2026-06-24,T2,BUS,B1297,Ginte,Nusa Tenggara Barat,,,B,34,746,2,58,804,36
2026-06-25,T2,BUS,B1297,Ginte,Nusa Tenggara Barat,,,B,27,602,2,55,657,29
2026-06-26,T2,BUS,B1297,Ginte,Nusa Tenggara Barat,,,B,31,616,2,50,666,33
2026-06-27,T2,BUS,B1297,Ginte,Nusa Tenggara Barat,,,B,31,586,2,43,629,33
2026-06-28,T2,BUS,B1297,Ginte,Nusa Tenggara Barat,,,B,34,702,4,91,793,38
2026-06-29,T2,BUS,B1297,Ginte,Nusa Tenggara Barat,,,B,31,557,2,55,612,33
2026-06-30,T2,BUS,B1297,Ginte,Nusa Tenggara Barat,,,B,25,444,2,56,500,27
2026-07-01,T2,BUS,B1297,Ginte,Nusa Tenggara Barat,,,B,31,609,2,52,661,33
2026-07-02,T2,BUS,B1297,Ginte,Nusa Tenggara Barat,,,B,30,558,2,52,610,32
2026-07-03,T2,BUS,B1297,Ginte,Nusa Tenggara Barat,,,B,27,471,2,58,529,29
2026-07-04,T2,BUS,B1297,Ginte,Nusa Tenggara Barat,,,B,31,620,2,63,683,33
2026-07-05,T2,BUS,B1297,Ginte,Nusa Tenggara Barat,,,B,33,663,2,54,717,35
2026-07-06,T2,BUS,B1297,Ginte,Nusa Tenggara Barat,,,B,31,596,2,54,650,33
2026-07-07,T2,BUS,B1297,Ginte,Nusa Tenggara Barat,,,B,15,233,2,58,291,17
2026-07-08,T2,BUS,B1297,Ginte,Nusa Tenggara Barat,,,B,31,649,2,61,710,33
2026-07-09,T2,BUS,B1297,Ginte,Nusa Tenggara Barat,,,B,33,715,2,53,768,35
2026-07-10,T2,BUS,B1297,Ginte,Nusa Tenggara Barat,,,B,22,518,2,62,580,24
2026-07-11,T2,BUS,B1297,Ginte,Nusa Tenggara Barat,,,B,24,467,2,60,527,26
2026-07-12,T2,BUS,B1297,Ginte,Nusa Tenggara Barat,,,B,32,703,2,60,763,34
2026-07-13,T2,BUS,B1297,Ginte,Nusa Tenggara Barat,,,B,29,624,2,45,669,31
2026-07-14,T2,BUS,B1297,Ginte,Nusa Tenggara Barat,,,B,29,596,2,46,642,31
2026-07-15,T2,BUS,B1297,Ginte,Nusa Tenggara Barat,,,B,29,563,2,56,619,31
2026-07-16,T2,BUS,B1297,Ginte,Nusa Tenggara Barat,,,B,30,588,2,56,644,32
2026-07-17,T2,BUS,B1297,Ginte,Nusa Tenggara Barat,,,B,29,545,2,41,586,31
2026-07-18,T2,BUS,B1297,Ginte,Nusa Tenggara Barat,,,B,28,564,2,65,629,30
2026-07-19,T2,BUS,B1297,Ginte,Nusa Tenggara Barat,,,B,28,600,2,53,653,30
2026-07-20,T2,BUS,B1297,Ginte,Nusa Tenggara Barat,,,B,27,551,2,53,604,29
2026-07-21,T2,BUS,B1297,Ginte,Nusa Tenggara Barat,,,B,30,503,2,46,549,32
2026-07-22,T2,BUS,B1297,Ginte,Nusa Tenggara Barat,,,B,24,411,2,22,433,26
2026-07-23,T2,BUS,B1297,Ginte,Nusa Tenggara Barat,,,B,31,556,2,55,611,33
2026-07-24,T2,BUS,B1297,Ginte,Nusa Tenggara Barat,,,B,27,490,2,38,528,29
2026-07-25,T2,BUS,B1297,Ginte,Nusa Tenggara Barat,,,B,26,498,2,56,554,28
2026-07-26,T2,BUS,B1297,Ginte,Nusa Tenggara Barat,,,B,27,516,2,31,547,29
2026-07-27,T2,BUS,B1297,Ginte,Nusa Tenggara Barat,,,B,33,531,2,39,570,35
2026-07-28,T2,BUS,B1297,Ginte,Nusa Tenggara Barat,,,B,29,505,2,59,564,31
2026-07-29,T2,BUS,B1297,Ginte,Nusa Tenggara Barat,,,B,31,618,2,56,674,33
2026-07-30,T2,BUS,B1297,Ginte,Nusa Tenggara Barat,,,B,27,546,3,68,614,30
2026-07-31,T2,BUS,B1297,Ginte,Nusa Tenggara Barat,,,B,19,333,2,47,380,21
2026-08-01,T2,BUS,B1297,Ginte,Nusa Tenggara Barat,,,B,21,410,2,43,453,23
2026-08-02,T2,BUS,B1297,Ginte,Nusa Tenggara Barat,,,B,31,588,2,42,630,33
2026-08-03,T2,BUS,B1297,Ginte,Nusa Tenggara Barat,,,B,24,411,3,79,490,27
2026-08-04,T2,BUS,B1297,Ginte,Nusa Tenggara Barat,,,B,25,466,2,56,522,27
2026-08-05,T2,BUS,B1297,Ginte,Nusa Tenggara Barat,,,B,27,571,2,53,624,29
2026-08-06,T2,BUS,B1297,Ginte,Nusa Tenggara Barat,,,B,24,518,2,54,572,26
2026-08-07,T2,BUS,B1297,Ginte,Nusa Tenggara Barat,,,B,23,382,2,42,424,25
2026-08-08,T2,BUS,B1297,Ginte,Nusa Tenggara Barat,,,B,24,453,2,38,491,26
2026-08-09,T2,BUS,B1297,Ginte,Nusa Tenggara Barat,,,B,27,608,2,44,652,29
2026-08-10,T2,BUS,B1297,Ginte,Nusa Tenggara Barat,,,B,29,520,2,43,563,31
2026-08-11,T2,BUS,B1297,Ginte,Nusa Tenggara Barat,,,B,29,548,2,55,603,31
2026-08-12,T2,BUS,B1297,Ginte,Nusa Tenggara Barat,,,B,25,487,2,53,540,27
2026-08-13,T2,BUS,B1297,Ginte,Nusa Tenggara Barat,,,B,28,580,2,50,630,30
2026-08-14,T2,BUS,B1297,Ginte,Nusa Tenggara Barat,,,B,25,546,2,50,596,27
2026-08-15,T2,BUS,B1297,Ginte,Nusa Tenggara Barat,,,B,24,469,2,57,526,26
2026-08-16,T2,BUS,B1297,Ginte,Nusa Tenggara Barat,,,B,28,588,2,38,626,30
2026-08-17,T2,BUS,B1297,Ginte,Nusa Tenggara Barat,,,B,28,514,2,47,561,30
2026-08-18,T2,BUS,B1297,Ginte,Nusa Tenggara Barat,,,B,28,607,4,92,699,32
2026-08-19,T2,BUS,B1297,Ginte,Nusa Tenggara Barat,,,B,30,627,1,28,655,31
2026-08-20,T2,BUS,B1297,Ginte,Nusa Tenggara Barat,,,B,26,508,2,50,558,28
2026-08-21,T2,BUS,B1297,Ginte,Nusa Tenggara Barat,,,B,29,630,2,48,678,31
2026-08-22,T2,BUS,B1297,Ginte,Nusa Tenggara Barat,,,B,26,422,2,59,481,28
2026-08-23,T2,BUS,B1297,Ginte,Nusa Tenggara Barat,,,B,25,462,3,81,543,28
2026-08-24,T2,BUS,B1297,Ginte,Nusa Tenggara Barat,,,B,28,505,2,50,555,30
2026-08-25,T2,BUS,B1297,Ginte,Nusa Tenggara Barat,,,B,27,529,2,54,583,29
2026-08-26,T2,BUS,B1297,Ginte,Nusa Tenggara Barat,,,B,32,623,2,50,673,34
2026-08-27,T2,BUS,B1297,Ginte,Nusa Tenggara Barat,,,B,29,585,2,53,638,31
2026-08-28,T2,BUS,B1297,Ginte,Nusa Tenggara Barat,,,B,25,461,2,51,512,27
2026-08-29,T2,BUS,B1297,Ginte,Nusa Tenggara Barat,,,B,25,512,2,59,571,27
2026-08-30,T2,BUS,B1297,Ginte,Nusa Tenggara Barat,,,B,27,536,2,55,591,29
2026-08-31,T2,BUS,B1297,Ginte,Nusa Tenggara Barat,,,B,23,410,2,44,454,25
2026-09-01,T3,BUS,B1297,Ginte,Nusa Tenggara Barat,,,B,26,557,2,59,616,28
2026-09-02,T3,BUS,B1297,Ginte,Nusa Tenggara Barat,,,B,26,477,2,48,525,28
2026-09-03,T3,BUS,B1297,Ginte,Nusa Tenggara Barat,,,B,23,484,2,61,545,25
2026-09-04,T3,BUS,B1297,Ginte,Nusa Tenggara Barat,,,B,23,509,2,58,567,25
2026-09-05,T3,BUS,B1297,Ginte,Nusa Tenggara Barat,,,B,26,652,2,64,716,28
2026-09-06,T3,BUS,B1297,Ginte,Nusa Tenggara Barat,,,B,28,654,2,54,708,30
2026-09-07,T3,BUS,B1297,Ginte,Nusa Tenggara Barat,,,B,27,542,2,50,592,29
2026-09-08,T3,BUS,B1297,Ginte,Nusa Tenggara Barat,,,B,30,592,2,44,636,32
2026-09-09,T3,BUS,B1297,Ginte,Nusa Tenggara Barat,,,B,25,506,2,39,545,27
2026-09-10,T3,BUS,B1297,Ginte,Nusa Tenggara Barat,,,B,29,667,2,49,716,31
2026-09-11,T3,BUS,B1297,Ginte,Nusa Tenggara Barat,,,B,26,474,2,47,521,28
2026-09-12,T3,BUS,B1297,Ginte,Nusa Tenggara Barat,,,B,28,627,2,60,687,30
2026-09-13,T3,BUS,B1297,Ginte,Nusa Tenggara Barat,,,B,34,657,3,78,735,37
2026-09-14,T3,BUS,B1297,Ginte,Nusa Tenggara Barat,,,B,24,470,2,63,533,26
2026-09-15,T3,BUS,B1297,Ginte,Nusa Tenggara Barat,,,B,28,643,2,55,698,30
2026-09-16,T3,BUS,B1297,Ginte,Nusa Tenggara Barat,,,B,29,520,2,47,567,31
2026-09-17,T3,BUS,B1297,Ginte,Nusa Tenggara Barat,,,B,22,421,2,36,457,24
2026-09-18,T3,BUS,B1297,Ginte,Nusa Tenggara Barat,,,B,19,433,2,59,492,21
2026-09-19,T3,BUS,B1297,Ginte,Nusa Tenggara Barat,,,B,29,653,3,75,728,32
2026-09-20,T3,BUS,B1297,Ginte,Nusa Tenggara Barat,,,B,26,559,2,41,600,28
2026-09-21,T3,BUS,B1297,Ginte,Nusa Tenggara Barat,,,B,30,696,3,64,760,33
2026-09-22,T3,BUS,B1297,Ginte,Nusa Tenggara Barat,,,B,27,475,2,51,526,29
2026-09-23,T3,BUS,B1297,Ginte,Nusa Tenggara Barat,,,B,30,547,2,39,586,32
2026-09-24,T3,BUS,B1297,Ginte,Nusa Tenggara Barat,,,B,25,528,2,59,587,27
2026-09-25,T3,BUS,B1297,Ginte,Nusa Tenggara Barat,,,B,27,488,2,39,527,29
2026-09-26,T3,BUS,B1297,Ginte,Nusa Tenggara Barat,,,B,26,461,2,50,511,28
2026-09-27,T3,BUS,B1297,Ginte,Nusa Tenggara Barat,,,B,27,472,3,72,544,30
2026-09-28,T3,BUS,B1297,Ginte,Nusa Tenggara Barat,,,B,24,461,4,91,552,28
2026-09-29,T3,BUS,B1297,Ginte,Nusa Tenggara Barat,,,B,6,78,0,0,78,6
2026-03-13,T1,BUS,B1300,Hamid Rusdi,Jawa Timur,,,C,2,20,2,22,42,4
2026-03-14,T1,BUS,B1300,Hamid Rusdi,Jawa Timur,,,C,2,14,2,16,30,4
2026-03-15,T1,BUS,B1300,Hamid Rusdi,Jawa Timur,,,C,2,46,2,53,99,4
2026-03-16,T1,BUS,B1300,Hamid Rusdi,Jawa Timur,,,C,2,50,2,50,100,4
2026-03-17,T1,BUS,B1300,Hamid Rusdi,Jawa Timur,,,C,1,26,1,29,55,2
2026-03-18,T1,BUS,B1300,Hamid Rusdi,Jawa Timur,,,C,1,25,1,29,54,2
2026-03-19,T1,BUS,B1300,Hamid Rusdi,Jawa Timur,,,C,2,30,2,34,64,4
2026-03-20,T1,BUS,B1300,Hamid Rusdi,Jawa Timur,,,C,1,25,1,30,55,2
2026-03-21,T1,BUS,B1300,Hamid Rusdi,Jawa Timur,,,C,2,57,2,57,114,4
2026-03-22,T1,BUS,B1300,Hamid Rusdi,Jawa Timur,,,C,2,50,2,45,95,4
2026-03-23,T1,BUS,B1300,Hamid Rusdi,Jawa Timur,,,C,1,24,1,29,53,2
2026-03-24,T1,BUS,B1300,Hamid Rusdi,Jawa Timur,,,C,1,25,2,58,83,3
2026-03-25,T1,BUS,B1300,Hamid Rusdi,Jawa Timur,,,C,2,25,2,34,59,4
2026-03-26,T1,BUS,B1300,Hamid Rusdi,Jawa Timur,,,C,2,20,2,34,54,4
2026-03-27,T1,BUS,B1300,Hamid Rusdi,Jawa Timur,,,C,3,75,3,75,150,6
2026-03-28,T1,BUS,B1300,Hamid Rusdi,Jawa Timur,,,C,2,42,2,42,84,4
2026-03-29,T1,BUS,B1300,Hamid Rusdi,Jawa Timur,,,C,1,25,1,29,54,2
2026-03-30,T1,BUS,B1300,Hamid Rusdi,Jawa Timur,,,C,1,18,1,28,46,2
2026-03-31,T1,BUS,B1300,Hamid Rusdi,Jawa Timur,,,C,2,20,2,34,54,4
2026-02-19,T1,BUS,B1438,Induk Mulyojati,Lampung,,,B,7,70,7,58,128,14
2026-03-01,T1,BUS,B1438,Induk Mulyojati,Lampung,,,B,10,97,9,92,189,19
2026-03-02,T1,BUS,B1438,Induk Mulyojati,Lampung,,,B,9,65,9,68,133,18
2026-03-03,T1,BUS,B1438,Induk Mulyojati,Lampung,,,B,1,6,1,3,9,2
2026-03-04,T1,BUS,B1438,Induk Mulyojati,Lampung,,,B,1,9,1,9,18,2
2026-03-05,T1,BUS,B1438,Induk Mulyojati,Lampung,,,B,1,6,1,9,15,2
2026-03-06,T1,BUS,B1438,Induk Mulyojati,Lampung,,,B,1,6,1,6,12,2
2026-03-07,T1,BUS,B1438,Induk Mulyojati,Lampung,,,B,1,9,1,9,18,2
2026-03-08,T1,BUS,B1438,Induk Mulyojati,Lampung,,,B,1,9,1,9,18,2
2026-03-09,T1,BUS,B1438,Induk Mulyojati,Lampung,,,B,1,9,1,6,15,2
2026-03-10,T1,BUS,B1438,Induk Mulyojati,Lampung,,,B,1,7,1,9,16,2
2026-03-11,T1,BUS,B1438,Induk Mulyojati,Lampung,,,B,0,0,2,9,9,2
2026-03-13,T1,BUS,B1438,Induk Mulyojati,Lampung,,,B,7,62,7,55,117,14
2026-03-14,T1,BUS,B1438,Induk Mulyojati,Lampung,,,B,6,39,7,54,93,13
2026-03-15,T1,BUS,B1438,Induk Mulyojati,Lampung,,,B,10,66,11,64,130,21
2026-03-16,T1,BUS,B1438,Induk Mulyojati,Lampung,,,B,12,37,11,70,107,23
2026-03-17,T1,BUS,B1438,Induk Mulyojati,Lampung,,,B,4,22,13,98,120,17
2026-03-18,T1,BUS,B1438,Induk Mulyojati,Lampung,,,B,0,0,2,26,26,2
2026-03-19,T1,BUS,B1438,Induk Mulyojati,Lampung,,,B,11,64,13,162,226,24
2026-03-20,T1,BUS,B1438,Induk Mulyojati,Lampung,,,B,0,0,3,48,48,3
2026-03-21,T1,BUS,B1438,Induk Mulyojati,Lampung,,,B,0,0,3,43,43,3
2026-03-22,T1,BUS,B1438,Induk Mulyojati,Lampung,,,B,0,0,2,41,41,2
2026-03-23,T1,BUS,B1438,Induk Mulyojati,Lampung,,,B,1,12,2,45,57,3
2026-03-24,T1,BUS,B1438,Induk Mulyojati,Lampung,,,B,2,32,3,50,82,5
2026-03-25,T1,BUS,B1438,Induk Mulyojati,Lampung,,,B,3,66,3,61,127,6
2026-03-26,T1,BUS,B1438,Induk Mulyojati,Lampung,,,B,2,49,3,58,107,5
2026-03-27,T1,BUS,B1438,Induk Mulyojati,Lampung,,,B,1,32,2,34,66,3
2026-01-01,T1,BUS,B1303,Jatisrono,Jawa Tengah,,,B,42,330,41,494,824,83
2026-01-02,T1,BUS,B1303,Jatisrono,Jawa Tengah,,,B,40,320,40,497,817,80
2026-01-03,T1,BUS,B1303,Jatisrono,Jawa Tengah,,,B,41,296,41,499,795,82
2026-01-04,T1,BUS,B1303,Jatisrono,Jawa Tengah,,,B,41,356,42,568,924,83
2026-01-05,T1,BUS,B1303,Jatisrono,Jawa Tengah,,,B,41,314,40,488,802,81
2026-01-06,T1,BUS,B1303,Jatisrono,Jawa Tengah,,,B,40,316,40,476,792,80
2026-01-07,T1,BUS,B1303,Jatisrono,Jawa Tengah,,,B,41,318,41,492,810,82
2026-01-08,T1,BUS,B1303,Jatisrono,Jawa Tengah,,,B,41,324,40,522,846,81
2026-01-09,T1,BUS,B1303,Jatisrono,Jawa Tengah,,,B,39,280,39,434,714,78
2026-01-10,T1,BUS,B1303,Jatisrono,Jawa Tengah,,,B,40,287,40,480,767,80
2026-01-11,T1,BUS,B1303,Jatisrono,Jawa Tengah,,,B,41,283,41,454,737,82
2026-01-12,T1,BUS,B1303,Jatisrono,Jawa Tengah,,,B,40,269,39,565,834,79
2026-01-13,T1,BUS,B1303,Jatisrono,Jawa Tengah,,,B,38,273,38,429,702,76
2026-01-14,T1,BUS,B1303,Jatisrono,Jawa Tengah,,,B,40,280,40,440,720,80
2026-01-17,T1,BUS,B1303,Jatisrono,Jawa Tengah,,,B,40,291,40,468,759,80
2026-01-18,T1,BUS,B1303,Jatisrono,Jawa Tengah,,,B,40,268,40,427,695,80
2026-01-19,T1,BUS,B1303,Jatisrono,Jawa Tengah,,,B,40,276,40,461,737,80
2026-01-20,T1,BUS,B1303,Jatisrono,Jawa Tengah,,,B,40,267,39,417,684,79
2026-01-21,T1,BUS,B1303,Jatisrono,Jawa Tengah,,,B,40,297,40,443,740,80
2026-01-22,T1,BUS,B1303,Jatisrono,Jawa Tengah,,,B,40,281,40,445,726,80
2026-01-23,T1,BUS,B1303,Jatisrono,Jawa Tengah,,,B,39,265,39,417,682,78
2026-01-24,T1,BUS,B1303,Jatisrono,Jawa Tengah,,,B,40,280,40,438,718,80
2026-01-25,T1,BUS,B1303,Jatisrono,Jawa Tengah,,,B,40,276,40,442,718,80
2026-01-26,T1,BUS,B1303,Jatisrono,Jawa Tengah,,,B,40,290,40,451,741,80
2026-01-27,T1,BUS,B1303,Jatisrono,Jawa Tengah,,,B,39,267,39,419,686,78
2026-01-28,T1,BUS,B1303,Jatisrono,Jawa Tengah,,,B,40,277,40,436,713,80
2026-01-29,T1,BUS,B1303,Jatisrono,Jawa Tengah,,,B,40,270,40,426,696,80
2026-01-30,T1,BUS,B1303,Jatisrono,Jawa Tengah,,,B,39,275,39,406,681,78
2026-01-31,T1,BUS,B1303,Jatisrono,Jawa Tengah,,,B,40,283,40,441,724,80
2026-02-01,T1,BUS,B1303,Jatisrono,Jawa Tengah,,,B,40,289,40,464,753,80
2026-02-02,T1,BUS,B1303,Jatisrono,Jawa Tengah,,,B,39,302,38,449,751,77
2026-02-03,T1,BUS,B1303,Jatisrono,Jawa Tengah,,,B,39,277,38,426,703,77
2026-02-04,T1,BUS,B1303,Jatisrono,Jawa Tengah,,,B,40,293,40,461,754,80
2026-02-05,T1,BUS,B1303,Jatisrono,Jawa Tengah,,,B,40,259,40,407,666,80
2026-02-06,T1,BUS,B1303,Jatisrono,Jawa Tengah,,,B,39,292,39,464,756,78
2026-02-07,T1,BUS,B1303,Jatisrono,Jawa Tengah,,,B,40,276,40,421,697,80
2026-02-08,T1,BUS,B1303,Jatisrono,Jawa Tengah,,,B,40,260,40,403,663,80
2026-02-09,T1,BUS,B1303,Jatisrono,Jawa Tengah,,,B,39,274,39,435,709,78
2026-02-10,T1,BUS,B1303,Jatisrono,Jawa Tengah,,,B,39,279,39,422,701,78
2026-02-11,T1,BUS,B1303,Jatisrono,Jawa Tengah,,,B,40,281,40,433,714,80
2026-02-12,T1,BUS,B1303,Jatisrono,Jawa Tengah,,,B,40,287,40,456,743,80
2026-02-13,T1,BUS,B1303,Jatisrono,Jawa Tengah,,,B,40,279,40,448,727,80
2026-02-14,T1,BUS,B1303,Jatisrono,Jawa Tengah,,,B,40,274,40,435,709,80
2026-02-15,T1,BUS,B1303,Jatisrono,Jawa Tengah,,,B,40,279,40,469,748,80
2026-02-16,T1,BUS,B1303,Jatisrono,Jawa Tengah,,,B,40,296,40,477,773,80
2026-02-17,T1,BUS,B1303,Jatisrono,Jawa Tengah,,,B,39,267,39,411,678,78
2026-02-18,T1,BUS,B1303,Jatisrono,Jawa Tengah,,,B,40,284,40,424,708,80
2026-02-19,T1,BUS,B1303,Jatisrono,Jawa Tengah,,,B,40,266,40,414,680,80
2026-02-20,T1,BUS,B1303,Jatisrono,Jawa Tengah,,,B,38,237,40,411,648,78
2026-02-21,T1,BUS,B1303,Jatisrono,Jawa Tengah,,,B,40,274,40,444,718,80
2026-02-22,T1,BUS,B1303,Jatisrono,Jawa Tengah,,,B,40,271,40,409,680,80
2026-02-23,T1,BUS,B1303,Jatisrono,Jawa Tengah,,,B,40,341,40,417,758,80
2026-02-24,T1,BUS,B1303,Jatisrono,Jawa Tengah,,,B,39,272,38,430,702,77
2026-02-25,T1,BUS,B1303,Jatisrono,Jawa Tengah,,,B,50,417,30,281,698,80
2026-02-26,T1,BUS,B1303,Jatisrono,Jawa Tengah,,,B,40,265,37,399,664,77
2026-02-27,T1,BUS,B1303,Jatisrono,Jawa Tengah,,,B,39,246,39,404,650,78
2026-02-28,T1,BUS,B1303,Jatisrono,Jawa Tengah,,,B,40,265,40,452,717,80
2026-03-01,T1,BUS,B1303,Jatisrono,Jawa Tengah,,,B,40,277,40,445,722,80
2026-03-02,T1,BUS,B1303,Jatisrono,Jawa Tengah,,,B,37,278,39,438,716,76
2026-03-03,T1,BUS,B1303,Jatisrono,Jawa Tengah,,,B,39,268,39,419,687,78
2026-03-04,T1,BUS,B1303,Jatisrono,Jawa Tengah,,,B,40,286,40,442,728,80
2026-03-05,T1,BUS,B1303,Jatisrono,Jawa Tengah,,,B,39,251,39,403,654,78
2026-03-06,T1,BUS,B1303,Jatisrono,Jawa Tengah,,,B,39,280,39,424,704,78
2026-03-07,T1,BUS,B1303,Jatisrono,Jawa Tengah,,,B,40,259,40,442,701,80
2026-03-08,T1,BUS,B1303,Jatisrono,Jawa Tengah,,,B,40,275,40,454,729,80
2026-03-09,T1,BUS,B1303,Jatisrono,Jawa Tengah,,,B,39,289,39,458,747,78
2026-03-10,T1,BUS,B1303,Jatisrono,Jawa Tengah,,,B,38,303,38,449,752,76
2026-03-11,T1,BUS,B1303,Jatisrono,Jawa Tengah,,,B,40,270,40,418,688,80
2026-03-12,T1,BUS,B1303,Jatisrono,Jawa Tengah,,,B,41,271,40,447,718,81
2026-03-13,T1,BUS,B1303,Jatisrono,Jawa Tengah,,,B,40,298,39,463,761,79
2026-03-14,T1,BUS,B1303,Jatisrono,Jawa Tengah,,,B,41,316,40,462,778,81
2026-03-15,T1,BUS,B1303,Jatisrono,Jawa Tengah,,,B,40,274,40,436,710,80
2026-03-16,T1,BUS,B1303,Jatisrono,Jawa Tengah,,,B,41,267,42,459,726,83
2026-03-17,T1,BUS,B1303,Jatisrono,Jawa Tengah,,,B,39,305,39,468,773,78
2026-03-18,T1,BUS,B1303,Jatisrono,Jawa Tengah,,,B,40,284,41,499,783,81
2026-03-19,T1,BUS,B1303,Jatisrono,Jawa Tengah,,,B,40,303,40,495,798,80
2026-03-20,T1,BUS,B1303,Jatisrono,Jawa Tengah,,,B,39,278,39,412,690,78
2026-03-21,T1,BUS,B1303,Jatisrono,Jawa Tengah,,,B,39,251,39,390,641,78
2026-03-22,T1,BUS,B1303,Jatisrono,Jawa Tengah,,,B,42,363,42,585,948,84
2026-03-23,T1,BUS,B1303,Jatisrono,Jawa Tengah,,,B,42,325,42,584,909,84
2026-03-24,T1,BUS,B1303,Jatisrono,Jawa Tengah,,,B,42,334,43,590,924,85
2026-03-25,T1,BUS,B1303,Jatisrono,Jawa Tengah,,,B,43,372,43,665,1037,86
2026-03-26,T1,BUS,B1303,Jatisrono,Jawa Tengah,,,B,43,392,43,651,1043,86
2026-03-27,T1,BUS,B1303,Jatisrono,Jawa Tengah,,,B,42,348,42,628,976,84
2026-03-28,T1,BUS,B1303,Jatisrono,Jawa Tengah,,,B,43,379,44,686,1065,87
2026-03-29,T1,BUS,B1303,Jatisrono,Jawa Tengah,,,B,44,452,43,750,1202,87
2026-03-30,T1,BUS,B1303,Jatisrono,Jawa Tengah,,,B,43,346,42,578,924,85
2026-03-31,T1,BUS,B1303,Jatisrono,Jawa Tengah,,,B,42,328,42,545,873,84
2026-04-01,T1,BUS,B1303,Jatisrono,Jawa Tengah,,,B,42,259,42,445,704,84
2026-04-02,T1,BUS,B1303,Jatisrono,Jawa Tengah,,,B,42,291,42,487,778,84
2026-04-03,T1,BUS,B1303,Jatisrono,Jawa Tengah,,,B,41,291,41,519,810,82
2026-04-04,T1,BUS,B1303,Jatisrono,Jawa Tengah,,,B,41,307,41,537,844,82
2026-04-05,T1,BUS,B1303,Jatisrono,Jawa Tengah,,,B,42,296,42,511,807,84
2026-04-06,T1,BUS,B1303,Jatisrono,Jawa Tengah,,,B,41,288,41,488,776,82
2026-04-07,T1,BUS,B1303,Jatisrono,Jawa Tengah,,,B,41,292,41,464,756,82
2026-04-08,T1,BUS,B1303,Jatisrono,Jawa Tengah,,,B,42,299,42,500,799,84
2026-04-09,T1,BUS,B1303,Jatisrono,Jawa Tengah,,,B,41,295,41,479,774,82
2026-04-10,T1,BUS,B1303,Jatisrono,Jawa Tengah,,,B,41,305,29,345,650,70
2026-04-11,T1,BUS,B1303,Jatisrono,Jawa Tengah,,,B,42,346,42,488,834,84
2026-04-12,T1,BUS,B1303,Jatisrono,Jawa Tengah,,,B,42,318,42,518,836,84
2026-04-13,T1,BUS,B1303,Jatisrono,Jawa Tengah,,,B,41,329,41,492,821,82
2026-04-14,T1,BUS,B1303,Jatisrono,Jawa Tengah,,,B,41,291,41,452,743,82
2026-04-15,T1,BUS,B1303,Jatisrono,Jawa Tengah,,,B,42,285,42,445,730,84
2026-04-16,T1,BUS,B1303,Jatisrono,Jawa Tengah,,,B,42,265,42,423,688,84
2026-04-17,T1,BUS,B1303,Jatisrono,Jawa Tengah,,,B,41,248,41,440,688,82
2026-04-18,T1,BUS,B1303,Jatisrono,Jawa Tengah,,,B,42,255,42,442,697,84
2026-04-19,T1,BUS,B1303,Jatisrono,Jawa Tengah,,,B,42,293,42,476,769,84
2026-04-20,T1,BUS,B1303,Jatisrono,Jawa Tengah,,,B,42,278,42,487,765,84
2026-04-21,T1,BUS,B1303,Jatisrono,Jawa Tengah,,,B,41,259,41,486,745,82
2026-04-22,T1,BUS,B1303,Jatisrono,Jawa Tengah,,,B,42,266,42,499,765,84
2026-04-23,T1,BUS,B1303,Jatisrono,Jawa Tengah,,,B,42,271,42,438,709,84
2026-04-24,T1,BUS,B1303,Jatisrono,Jawa Tengah,,,B,41,260,41,433,693,82
2026-04-25,T1,BUS,B1303,Jatisrono,Jawa Tengah,,,B,42,248,42,461,709,84
2026-04-26,T1,BUS,B1303,Jatisrono,Jawa Tengah,,,B,42,274,42,500,774,84
2026-04-27,T1,BUS,B1303,Jatisrono,Jawa Tengah,,,B,41,281,41,433,714,82
2026-04-28,T1,BUS,B1303,Jatisrono,Jawa Tengah,,,B,41,269,41,437,706,82
2026-04-29,T1,BUS,B1303,Jatisrono,Jawa Tengah,,,B,42,262,42,457,719,84
2026-05-03,T2,BUS,B1303,Jatisrono,Jawa Tengah,,,B,42,239,42,441,680,84
2026-05-04,T2,BUS,B1303,Jatisrono,Jawa Tengah,,,B,42,241,42,413,654,84
2026-05-05,T2,BUS,B1303,Jatisrono,Jawa Tengah,,,B,40,273,40,411,684,80
2026-05-06,T2,BUS,B1303,Jatisrono,Jawa Tengah,,,B,41,264,42,442,706,83
2026-05-07,T2,BUS,B1303,Jatisrono,Jawa Tengah,,,B,40,257,41,445,702,81
2026-05-08,T2,BUS,B1303,Jatisrono,Jawa Tengah,,,B,42,243,42,457,700,84
2026-05-09,T2,BUS,B1303,Jatisrono,Jawa Tengah,,,B,41,269,41,423,692,82
2026-05-11,T2,BUS,B1303,Jatisrono,Jawa Tengah,,,B,42,276,42,430,706,84
2026-05-12,T2,BUS,B1303,Jatisrono,Jawa Tengah,,,B,41,274,41,492,766,82
2026-05-13,T2,BUS,B1303,Jatisrono,Jawa Tengah,,,B,41,274,41,430,704,82
2026-05-14,T2,BUS,B1303,Jatisrono,Jawa Tengah,,,B,41,265,41,429,694,82
2026-05-15,T2,BUS,B1303,Jatisrono,Jawa Tengah,,,B,41,225,41,406,631,82
2026-05-16,T2,BUS,B1303,Jatisrono,Jawa Tengah,,,B,41,242,41,395,637,82
2026-05-17,T2,BUS,B1303,Jatisrono,Jawa Tengah,,,B,41,266,41,471,737,82
2026-05-18,T2,BUS,B1303,Jatisrono,Jawa Tengah,,,B,41,234,41,407,641,82
2026-05-19,T2,BUS,B1303,Jatisrono,Jawa Tengah,,,B,41,229,41,394,623,82
2026-05-25,T2,BUS,B1303,Jatisrono,Jawa Tengah,,,B,40,238,41,416,654,81
2026-05-26,T2,BUS,B1303,Jatisrono,Jawa Tengah,,,B,20,107,41,393,500,61
2026-05-27,T2,BUS,B1303,Jatisrono,Jawa Tengah,,,B,41,286,41,454,740,82
2026-05-28,T2,BUS,B1303,Jatisrono,Jawa Tengah,,,B,41,227,41,416,643,82
2026-05-29,T2,BUS,B1303,Jatisrono,Jawa Tengah,,,B,42,285,42,464,749,84
2026-05-30,T2,BUS,B1303,Jatisrono,Jawa Tengah,,,B,42,273,42,469,742,84
2026-05-31,T2,BUS,B1303,Jatisrono,Jawa Tengah,,,B,42,262,42,464,726,84
2026-06-01,T2,BUS,B1303,Jatisrono,Jawa Tengah,,,B,42,262,42,484,746,84
2026-06-02,T2,BUS,B1303,Jatisrono,Jawa Tengah,,,B,41,286,41,460,746,82
2026-06-03,T2,BUS,B1303,Jatisrono,Jawa Tengah,,,B,41,255,41,435,690,82
2026-06-04,T2,BUS,B1303,Jatisrono,Jawa Tengah,,,B,41,214,41,417,631,82
2026-06-05,T2,BUS,B1303,Jatisrono,Jawa Tengah,,,B,40,203,40,406,609,80
2026-06-06,T2,BUS,B1303,Jatisrono,Jawa Tengah,,,B,41,270,41,480,750,82
2026-06-07,T2,BUS,B1303,Jatisrono,Jawa Tengah,,,B,42,247,42,461,708,84
2026-06-11,T2,BUS,B1303,Jatisrono,Jawa Tengah,,,B,42,258,42,448,706,84
2026-06-12,T2,BUS,B1303,Jatisrono,Jawa Tengah,,,B,41,217,41,382,599,82
2026-06-13,T2,BUS,B1303,Jatisrono,Jawa Tengah,,,B,41,209,41,380,589,82
2026-06-14,T2,BUS,B1303,Jatisrono,Jawa Tengah,,,B,42,225,42,399,624,84
2026-06-15,T2,BUS,B1303,Jatisrono,Jawa Tengah,,,B,42,231,42,440,671,84
2026-06-16,T2,BUS,B1303,Jatisrono,Jawa Tengah,,,B,41,261,41,439,700,82
2026-06-17,T2,BUS,B1303,Jatisrono,Jawa Tengah,,,B,42,228,42,400,628,84
2026-06-18,T2,BUS,B1303,Jatisrono,Jawa Tengah,,,B,41,272,41,434,706,82
2026-06-19,T2,BUS,B1303,Jatisrono,Jawa Tengah,,,B,41,242,41,414,656,82
2026-06-20,T2,BUS,B1303,Jatisrono,Jawa Tengah,,,B,42,225,42,433,658,84
2026-06-21,T2,BUS,B1303,Jatisrono,Jawa Tengah,,,B,42,253,42,462,715,84
2026-06-22,T2,BUS,B1303,Jatisrono,Jawa Tengah,,,B,41,224,41,406,630,82
2026-06-23,T2,BUS,B1303,Jatisrono,Jawa Tengah,,,B,41,226,41,407,633,82
2026-06-24,T2,BUS,B1303,Jatisrono,Jawa Tengah,,,B,42,243,42,425,668,84
2026-06-25,T2,BUS,B1303,Jatisrono,Jawa Tengah,,,B,43,246,42,431,677,85
2026-06-26,T2,BUS,B1303,Jatisrono,Jawa Tengah,,,B,41,274,41,429,703,82
2026-06-27,T2,BUS,B1303,Jatisrono,Jawa Tengah,,,B,41,257,41,428,685,82
2026-06-28,T2,BUS,B1303,Jatisrono,Jawa Tengah,,,B,42,245,42,438,683,84
2026-06-29,T2,BUS,B1303,Jatisrono,Jawa Tengah,,,B,6,22,10,69,91,16
2026-06-30,T2,BUS,B1303,Jatisrono,Jawa Tengah,,,B,41,212,41,389,601,82
2026-07-01,T2,BUS,B1303,Jatisrono,Jawa Tengah,,,B,42,250,42,445,695,84
2026-07-02,T2,BUS,B1303,Jatisrono,Jawa Tengah,,,B,42,252,42,451,703,84
2026-07-03,T2,BUS,B1303,Jatisrono,Jawa Tengah,,,B,22,108,22,204,312,44
2026-07-04,T2,BUS,B1303,Jatisrono,Jawa Tengah,,,B,41,262,41,438,700,82
2026-07-05,T2,BUS,B1303,Jatisrono,Jawa Tengah,,,B,42,258,42,445,703,84
2026-07-06,T2,BUS,B1303,Jatisrono,Jawa Tengah,,,B,42,252,43,456,708,85
2026-07-07,T2,BUS,B1303,Jatisrono,Jawa Tengah,,,B,21,133,21,232,365,42
2026-07-08,T2,BUS,B1303,Jatisrono,Jawa Tengah,,,B,41,265,41,416,681,82
2026-07-09,T2,BUS,B1303,Jatisrono,Jawa Tengah,,,B,41,261,41,442,703,82
2026-07-10,T2,BUS,B1303,Jatisrono,Jawa Tengah,,,B,40,247,40,440,687,80
2026-07-11,T2,BUS,B1303,Jatisrono,Jawa Tengah,,,B,42,257,42,478,735,84
2026-07-12,T2,BUS,B1303,Jatisrono,Jawa Tengah,,,B,42,243,42,462,705,84
2026-07-13,T2,BUS,B1303,Jatisrono,Jawa Tengah,,,B,41,229,41,434,663,82
2026-07-14,T2,BUS,B1303,Jatisrono,Jawa Tengah,,,B,41,226,41,404,630,82
2026-07-15,T2,BUS,B1303,Jatisrono,Jawa Tengah,,,B,42,243,43,443,686,85
2026-07-16,T2,BUS,B1303,Jatisrono,Jawa Tengah,,,B,41,234,41,413,647,82
2026-07-17,T2,BUS,B1303,Jatisrono,Jawa Tengah,,,B,39,181,39,357,538,78
2026-07-18,T2,BUS,B1303,Jatisrono,Jawa Tengah,,,B,56,386,56,569,955,112
2026-07-19,T2,BUS,B1303,Jatisrono,Jawa Tengah,,,B,42,267,42,452,719,84
2026-07-20,T2,BUS,B1303,Jatisrono,Jawa Tengah,,,B,40,209,40,373,582,80
2026-07-21,T2,BUS,B1303,Jatisrono,Jawa Tengah,,,B,41,248,41,429,677,82
2026-07-22,T2,BUS,B1303,Jatisrono,Jawa Tengah,,,B,41,217,41,403,620,82
2026-07-23,T2,BUS,B1303,Jatisrono,Jawa Tengah,,,B,42,208,42,402,610,84
2026-07-24,T2,BUS,B1303,Jatisrono,Jawa Tengah,,,B,41,269,41,415,684,82
2026-07-25,T2,BUS,B1303,Jatisrono,Jawa Tengah,,,B,41,254,41,405,659,82
2026-07-26,T2,BUS,B1303,Jatisrono,Jawa Tengah,,,B,41,241,40,410,651,81
2026-07-27,T2,BUS,B1303,Jatisrono,Jawa Tengah,,,B,22,104,42,411,515,64
2026-07-28,T2,BUS,B1303,Jatisrono,Jawa Tengah,,,B,41,218,41,384,602,82
2026-07-29,T2,BUS,B1303,Jatisrono,Jawa Tengah,,,B,24,120,24,208,328,48
2026-07-30,T2,BUS,B1303,Jatisrono,Jawa Tengah,,,B,42,239,42,442,681,84
2026-07-31,T2,BUS,B1303,Jatisrono,Jawa Tengah,,,B,40,239,40,398,637,80
2026-08-01,T2,BUS,B1303,Jatisrono,Jawa Tengah,,,B,12,82,21,199,281,33
2026-08-02,T2,BUS,B1303,Jatisrono,Jawa Tengah,,,B,0,0,41,441,441,41
2026-08-03,T2,BUS,B1303,Jatisrono,Jawa Tengah,,,B,42,249,42,433,682,84
2026-08-04,T2,BUS,B1303,Jatisrono,Jawa Tengah,,,B,40,215,40,379,594,80
2026-08-05,T2,BUS,B1303,Jatisrono,Jawa Tengah,,,B,41,248,42,442,690,83
2026-08-06,T2,BUS,B1303,Jatisrono,Jawa Tengah,,,B,41,226,41,393,619,82
2026-08-07,T2,BUS,B1303,Jatisrono,Jawa Tengah,,,B,41,213,41,418,631,82
2026-08-08,T2,BUS,B1303,Jatisrono,Jawa Tengah,,,B,42,230,42,419,649,84
2026-08-09,T2,BUS,B1303,Jatisrono,Jawa Tengah,,,B,41,285,41,451,736,82
2026-08-10,T2,BUS,B1303,Jatisrono,Jawa Tengah,,,B,42,248,42,431,679,84
2026-08-11,T2,BUS,B1303,Jatisrono,Jawa Tengah,,,B,41,213,40,374,587,81
2026-08-12,T2,BUS,B1303,Jatisrono,Jawa Tengah,,,B,42,229,42,412,641,84
2026-08-13,T2,BUS,B1303,Jatisrono,Jawa Tengah,,,B,42,219,46,436,655,88
2026-08-14,T2,BUS,B1303,Jatisrono,Jawa Tengah,,,B,41,219,41,383,602,82
2026-08-15,T2,BUS,B1303,Jatisrono,Jawa Tengah,,,B,41,236,41,415,651,82
2026-08-16,T2,BUS,B1303,Jatisrono,Jawa Tengah,,,B,42,244,42,443,687,84
2026-08-17,T2,BUS,B1303,Jatisrono,Jawa Tengah,,,B,42,191,42,330,521,84
2026-08-18,T2,BUS,B1303,Jatisrono,Jawa Tengah,,,B,41,252,41,437,689,82
2026-08-19,T2,BUS,B1303,Jatisrono,Jawa Tengah,,,B,41,229,41,401,630,82
2026-08-20,T2,BUS,B1303,Jatisrono,Jawa Tengah,,,B,42,241,42,430,671,84
2026-08-21,T2,BUS,B1303,Jatisrono,Jawa Tengah,,,B,41,201,41,358,559,82
2026-08-22,T2,BUS,B1303,Jatisrono,Jawa Tengah,,,B,40,235,40,423,658,80
2026-08-23,T2,BUS,B1303,Jatisrono,Jawa Tengah,,,B,42,244,42,458,702,84
2026-08-24,T2,BUS,B1303,Jatisrono,Jawa Tengah,,,B,41,224,41,409,633,82
2026-08-25,T2,BUS,B1303,Jatisrono,Jawa Tengah,,,B,42,226,42,402,628,84
2026-08-26,T2,BUS,B1303,Jatisrono,Jawa Tengah,,,B,42,238,42,422,660,84
2026-08-27,T2,BUS,B1303,Jatisrono,Jawa Tengah,,,B,41,234,41,423,657,82
2026-08-28,T2,BUS,B1303,Jatisrono,Jawa Tengah,,,B,42,233,42,417,650,84
2026-08-29,T2,BUS,B1303,Jatisrono,Jawa Tengah,,,B,40,247,40,388,635,80
2026-08-30,T2,BUS,B1303,Jatisrono,Jawa Tengah,,,B,41,238,41,429,667,82
2026-08-31,T2,BUS,B1303,Jatisrono,Jawa Tengah,,,B,42,232,42,432,664,84
2026-09-01,T3,BUS,B1303,Jatisrono,Jawa Tengah,,,B,42,238,42,416,654,84
2026-09-02,T3,BUS,B1303,Jatisrono,Jawa Tengah,,,B,41,228,41,393,621,82
2026-09-03,T3,BUS,B1303,Jatisrono,Jawa Tengah,,,B,41,238,41,428,666,82
2026-09-04,T3,BUS,B1303,Jatisrono,Jawa Tengah,,,B,41,249,41,449,698,82
2026-09-05,T3,BUS,B1303,Jatisrono,Jawa Tengah,,,B,42,233,42,410,643,84
2026-09-06,T3,BUS,B1303,Jatisrono,Jawa Tengah,,,B,42,259,42,442,701,84
2026-09-07,T3,BUS,B1303,Jatisrono,Jawa Tengah,,,B,41,228,41,408,636,82
2026-09-08,T3,BUS,B1303,Jatisrono,Jawa Tengah,,,B,41,210,41,392,602,82
2026-09-09,T3,BUS,B1303,Jatisrono,Jawa Tengah,,,B,42,219,42,388,607,84
2026-09-10,T3,BUS,B1303,Jatisrono,Jawa Tengah,,,B,41,206,41,366,572,82
2026-09-11,T3,BUS,B1303,Jatisrono,Jawa Tengah,,,B,41,198,41,385,583,82
2026-09-12,T3,BUS,B1303,Jatisrono,Jawa Tengah,,,B,42,209,42,382,591,84
2026-09-13,T3,BUS,B1303,Jatisrono,Jawa Tengah,,,B,42,235,42,418,653,84
2026-09-14,T3,BUS,B1303,Jatisrono,Jawa Tengah,,,B,42,233,42,459,692,84
2026-09-15,T3,BUS,B1303,Jatisrono,Jawa Tengah,,,B,41,210,41,382,592,82
2026-09-16,T3,BUS,B1303,Jatisrono,Jawa Tengah,,,B,41,202,41,370,572,82
2026-09-17,T3,BUS,B1303,Jatisrono,Jawa Tengah,,,B,41,224,41,408,632,82
2026-09-18,T3,BUS,B1303,Jatisrono,Jawa Tengah,,,B,41,197,41,357,554,82
2026-09-19,T3,BUS,B1303,Jatisrono,Jawa Tengah,,,B,42,212,42,392,604,84
2026-09-20,T3,BUS,B1303,Jatisrono,Jawa Tengah,,,B,42,231,42,408,639,84
2026-09-21,T3,BUS,B1303,Jatisrono,Jawa Tengah,,,B,41,208,41,385,593,82
2026-09-22,T3,BUS,B1303,Jatisrono,Jawa Tengah,,,B,41,292,41,505,797,82
2026-09-23,T3,BUS,B1303,Jatisrono,Jawa Tengah,,,B,42,220,42,398,618,84
2026-09-24,T3,BUS,B1303,Jatisrono,Jawa Tengah,,,B,42,248,42,413,661,84
2026-09-25,T3,BUS,B1303,Jatisrono,Jawa Tengah,,,B,41,230,41,376,606,82
2026-09-26,T3,BUS,B1303,Jatisrono,Jawa Tengah,,,B,41,202,41,367,569,82
2026-09-27,T3,BUS,B1303,Jatisrono,Jawa Tengah,,,B,42,224,42,440,664,84
2026-09-28,T3,BUS,B1303,Jatisrono,Jawa Tengah,,,B,42,206,42,385,591,84
2026-01-01,T1,BUS,B648,Jombor,D.I Yogyakarta,,,B,0,0,25,238,238,25
2026-01-02,T1,BUS,B648,Jombor,D.I Yogyakarta,,,B,0,0,42,316,316,42
2026-01-03,T1,BUS,B648,Jombor,D.I Yogyakarta,,,B,0,0,61,295,295,61
2026-01-04,T1,BUS,B648,Jombor,D.I Yogyakarta,,,B,0,0,45,245,245,45
2026-01-05,T1,BUS,B648,Jombor,D.I Yogyakarta,,,B,0,0,53,284,284,53
2026-01-06,T1,BUS,B648,Jombor,D.I Yogyakarta,,,B,0,0,19,102,102,19
2026-01-07,T1,BUS,B648,Jombor,D.I Yogyakarta,,,B,0,0,52,313,313,52
2026-01-08,T1,BUS,B648,Jombor,D.I Yogyakarta,,,B,0,0,23,127,127,23
2026-01-09,T1,BUS,B648,Jombor,D.I Yogyakarta,,,B,0,0,27,131,131,27
2026-01-10,T1,BUS,B648,Jombor,D.I Yogyakarta,,,B,0,0,20,131,131,20
2026-01-11,T1,BUS,B648,Jombor,D.I Yogyakarta,,,B,0,0,52,296,296,52
2026-01-12,T1,BUS,B648,Jombor,D.I Yogyakarta,,,B,0,0,74,522,522,74
2026-01-13,T1,BUS,B648,Jombor,D.I Yogyakarta,,,B,0,0,17,84,84,17
2026-01-14,T1,BUS,B648,Jombor,D.I Yogyakarta,,,B,0,0,27,145,145,27
2026-01-16,T1,BUS,B648,Jombor,D.I Yogyakarta,,,B,0,0,27,145,145,27
2026-01-17,T1,BUS,B648,Jombor,D.I Yogyakarta,,,B,0,0,27,127,127,27
2026-01-18,T1,BUS,B648,Jombor,D.I Yogyakarta,,,B,0,0,47,283,283,47
2026-01-19,T1,BUS,B648,Jombor,D.I Yogyakarta,,,B,0,0,14,64,64,14
2026-01-20,T1,BUS,B648,Jombor,D.I Yogyakarta,,,B,0,0,27,140,140,27
2026-01-21,T1,BUS,B648,Jombor,D.I Yogyakarta,,,B,0,0,25,197,197,25
2026-01-22,T1,BUS,B648,Jombor,D.I Yogyakarta,,,B,0,0,34,169,169,34
2026-01-23,T1,BUS,B648,Jombor,D.I Yogyakarta,,,B,0,0,28,137,137,28
2026-01-26,T1,BUS,B648,Jombor,D.I Yogyakarta,,,B,0,0,26,140,140,26
2026-01-27,T1,BUS,B648,Jombor,D.I Yogyakarta,,,B,0,0,22,205,205,22
2026-01-28,T1,BUS,B648,Jombor,D.I Yogyakarta,,,B,0,0,32,186,186,32
2026-01-29,T1,BUS,B648,Jombor,D.I Yogyakarta,,,B,0,0,25,126,126,25
2026-01-30,T1,BUS,B648,Jombor,D.I Yogyakarta,,,B,0,0,31,158,158,31
2026-01-31,T1,BUS,B648,Jombor,D.I Yogyakarta,,,B,0,0,24,88,88,24
2026-02-01,T1,BUS,B648,Jombor,D.I Yogyakarta,,,B,0,0,18,113,113,18
2026-02-02,T1,BUS,B648,Jombor,D.I Yogyakarta,,,B,0,0,23,217,217,23
2026-02-03,T1,BUS,B648,Jombor,D.I Yogyakarta,,,B,0,0,25,204,204,25
2026-02-04,T1,BUS,B648,Jombor,D.I Yogyakarta,,,B,0,0,24,134,134,24
2026-02-05,T1,BUS,B648,Jombor,D.I Yogyakarta,,,B,0,0,25,214,214,25
2026-02-06,T1,BUS,B648,Jombor,D.I Yogyakarta,,,B,0,0,20,96,96,20
2026-02-07,T1,BUS,B648,Jombor,D.I Yogyakarta,,,B,0,0,14,57,57,14
2026-02-08,T1,BUS,B648,Jombor,D.I Yogyakarta,,,B,0,0,26,109,109,26
2026-02-09,T1,BUS,B648,Jombor,D.I Yogyakarta,,,B,0,0,22,97,97,22
2026-02-10,T1,BUS,B648,Jombor,D.I Yogyakarta,,,B,0,0,18,95,95,18
2026-02-11,T1,BUS,B648,Jombor,D.I Yogyakarta,,,B,0,0,23,209,209,23
2026-02-12,T1,BUS,B648,Jombor,D.I Yogyakarta,,,B,0,0,41,307,307,41
2026-02-13,T1,BUS,B648,Jombor,D.I Yogyakarta,,,B,0,0,23,177,177,23
2026-02-14,T1,BUS,B648,Jombor,D.I Yogyakarta,,,B,0,0,33,253,253,33
2026-02-15,T1,BUS,B648,Jombor,D.I Yogyakarta,,,B,0,0,28,200,200,28
2026-02-16,T1,BUS,B648,Jombor,D.I Yogyakarta,,,B,0,0,36,266,266,36
2026-02-17,T1,BUS,B648,Jombor,D.I Yogyakarta,,,B,0,0,31,194,194,31
2026-02-18,T1,BUS,B648,Jombor,D.I Yogyakarta,,,B,0,0,17,99,99,17
2026-02-19,T1,BUS,B648,Jombor,D.I Yogyakarta,,,B,0,0,18,101,101,18
2026-02-20,T1,BUS,B648,Jombor,D.I Yogyakarta,,,B,0,0,18,149,149,18
2026-02-21,T1,BUS,B648,Jombor,D.I Yogyakarta,,,B,0,0,20,203,203,20
2026-02-22,T1,BUS,B648,Jombor,D.I Yogyakarta,,,B,0,0,10,75,75,10
2026-02-23,T1,BUS,B648,Jombor,D.I Yogyakarta,,,B,0,0,13,113,113,13
2026-02-24,T1,BUS,B648,Jombor,D.I Yogyakarta,,,B,0,0,11,103,103,11
2026-02-25,T1,BUS,B648,Jombor,D.I Yogyakarta,,,B,0,0,19,125,125,19
2026-02-26,T1,BUS,B648,Jombor,D.I Yogyakarta,,,B,0,0,19,91,91,19
2026-02-27,T1,BUS,B648,Jombor,D.I Yogyakarta,,,B,0,0,19,152,152,19
2026-03-01,T1,BUS,B648,Jombor,D.I Yogyakarta,,,B,0,0,14,110,110,14
2026-03-02,T1,BUS,B648,Jombor,D.I Yogyakarta,,,B,0,0,16,110,110,16
2026-03-03,T1,BUS,B648,Jombor,D.I Yogyakarta,,,B,0,0,10,60,60,10
2026-03-04,T1,BUS,B648,Jombor,D.I Yogyakarta,,,B,0,0,24,188,188,24
2026-03-05,T1,BUS,B648,Jombor,D.I Yogyakarta,,,B,0,0,16,144,144,16
2026-03-06,T1,BUS,B648,Jombor,D.I Yogyakarta,,,B,0,0,22,155,155,22
2026-03-09,T1,BUS,B648,Jombor,D.I Yogyakarta,,,B,0,0,22,105,105,22
2026-03-10,T1,BUS,B648,Jombor,D.I Yogyakarta,,,B,0,0,2,7,7,2
2026-03-11,T1,BUS,B648,Jombor,D.I Yogyakarta,,,B,0,0,22,149,149,22
2026-03-12,T1,BUS,B648,Jombor,D.I Yogyakarta,,,B,0,0,20,132,132,20
2026-03-13,T1,BUS,B648,Jombor,D.I Yogyakarta,,,B,0,0,52,376,376,52
2026-03-14,T1,BUS,B648,Jombor,D.I Yogyakarta,,,B,0,0,20,180,180,20
2026-03-15,T1,BUS,B648,Jombor,D.I Yogyakarta,,,B,0,0,19,122,122,19
2026-03-16,T1,BUS,B648,Jombor,D.I Yogyakarta,,,B,0,0,28,200,200,28
2026-03-17,T1,BUS,B648,Jombor,D.I Yogyakarta,,,B,0,0,29,194,194,29
2026-03-18,T1,BUS,B648,Jombor,D.I Yogyakarta,,,B,0,0,31,185,185,31
2026-03-19,T1,BUS,B648,Jombor,D.I Yogyakarta,,,B,0,0,15,152,152,15
2026-03-20,T1,BUS,B648,Jombor,D.I Yogyakarta,,,B,0,0,7,62,62,7
2026-03-21,T1,BUS,B648,Jombor,D.I Yogyakarta,,,B,0,0,13,103,103,13
2026-03-22,T1,BUS,B648,Jombor,D.I Yogyakarta,,,B,0,0,24,180,180,24
2026-03-23,T1,BUS,B648,Jombor,D.I Yogyakarta,,,B,0,0,36,257,257,36
2026-03-24,T1,BUS,B648,Jombor,D.I Yogyakarta,,,B,0,0,33,244,244,33
2026-03-25,T1,BUS,B648,Jombor,D.I Yogyakarta,,,B,0,0,27,172,172,27
2026-03-26,T1,BUS,B648,Jombor,D.I Yogyakarta,,,B,0,0,32,179,179,32
2026-03-27,T1,BUS,B648,Jombor,D.I Yogyakarta,,,B,0,0,32,240,240,32
2026-03-28,T1,BUS,B648,Jombor,D.I Yogyakarta,,,B,0,0,43,288,288,43
2026-03-29,T1,BUS,B648,Jombor,D.I Yogyakarta,,,B,0,0,33,221,221,33
2026-03-30,T1,BUS,B648,Jombor,D.I Yogyakarta,,,B,0,0,46,300,300,46
2026-03-31,T1,BUS,B648,Jombor,D.I Yogyakarta,,,B,0,0,31,207,207,31
2026-04-01,T1,BUS,B648,Jombor,D.I Yogyakarta,,,B,0,0,23,182,182,23
2026-04-02,T1,BUS,B648,Jombor,D.I Yogyakarta,,,B,0,0,36,213,213,36
2026-04-03,T1,BUS,B648,Jombor,D.I Yogyakarta,,,B,0,0,25,207,207,25
2026-04-04,T1,BUS,B648,Jombor,D.I Yogyakarta,,,B,0,0,27,168,168,27
2026-04-05,T1,BUS,B648,Jombor,D.I Yogyakarta,,,B,0,0,29,219,219,29
2026-04-06,T1,BUS,B648,Jombor,D.I Yogyakarta,,,B,0,0,39,288,288,39
2026-04-07,T1,BUS,B648,Jombor,D.I Yogyakarta,,,B,0,0,34,187,187,34
2026-04-08,T1,BUS,B648,Jombor,D.I Yogyakarta,,,B,0,0,40,277,277,40
2026-04-09,T1,BUS,B648,Jombor,D.I Yogyakarta,,,B,0,0,38,241,241,38
2026-04-10,T1,BUS,B648,Jombor,D.I Yogyakarta,,,B,0,0,27,243,243,27
2026-04-11,T1,BUS,B648,Jombor,D.I Yogyakarta,,,B,0,0,23,231,231,23
2026-04-12,T1,BUS,B648,Jombor,D.I Yogyakarta,,,B,0,0,21,191,191,21
2026-04-13,T1,BUS,B648,Jombor,D.I Yogyakarta,,,B,0,0,24,145,145,24
2026-04-14,T1,BUS,B648,Jombor,D.I Yogyakarta,,,B,0,0,34,221,221,34
2026-04-15,T1,BUS,B648,Jombor,D.I Yogyakarta,,,B,0,0,27,162,162,27
2026-04-16,T1,BUS,B648,Jombor,D.I Yogyakarta,,,B,0,0,37,306,306,37
2026-04-17,T1,BUS,B648,Jombor,D.I Yogyakarta,,,B,0,0,32,284,284,32
2026-04-18,T1,BUS,B648,Jombor,D.I Yogyakarta,,,B,0,0,26,174,174,26
2026-04-19,T1,BUS,B648,Jombor,D.I Yogyakarta,,,B,0,0,24,119,119,24
2026-04-20,T1,BUS,B648,Jombor,D.I Yogyakarta,,,B,0,0,25,150,150,25
2026-04-21,T1,BUS,B648,Jombor,D.I Yogyakarta,,,B,0,0,17,180,180,17
2026-04-22,T1,BUS,B648,Jombor,D.I Yogyakarta,,,B,0,0,24,156,156,24
2026-04-23,T1,BUS,B648,Jombor,D.I Yogyakarta,,,B,0,0,20,91,91,20
2026-04-24,T1,BUS,B648,Jombor,D.I Yogyakarta,,,B,0,0,32,176,176,32
2026-04-25,T1,BUS,B648,Jombor,D.I Yogyakarta,,,B,0,0,30,146,146,30
2026-04-26,T1,BUS,B648,Jombor,D.I Yogyakarta,,,B,0,0,31,259,259,31
2026-04-27,T1,BUS,B648,Jombor,D.I Yogyakarta,,,B,0,0,22,141,141,22
2026-04-28,T1,BUS,B648,Jombor,D.I Yogyakarta,,,B,0,0,27,165,165,27
2026-05-06,T2,BUS,B648,Jombor,D.I Yogyakarta,,,B,0,0,23,291,291,23
2026-05-07,T2,BUS,B648,Jombor,D.I Yogyakarta,,,B,0,0,3,26,26,3
2026-05-09,T2,BUS,B648,Jombor,D.I Yogyakarta,,,B,0,0,18,154,154,18
2026-05-12,T2,BUS,B648,Jombor,D.I Yogyakarta,,,B,0,0,12,98,98,12
2026-05-18,T2,BUS,B648,Jombor,D.I Yogyakarta,,,B,0,0,11,85,85,11
2026-06-23,T2,BUS,B648,Jombor,D.I Yogyakarta,,,B,0,0,25,266,266,25
2026-07-20,T2,BUS,B648,Jombor,D.I Yogyakarta,,,B,0,0,7,70,70,7
2026-07-21,T2,BUS,B648,Jombor,D.I Yogyakarta,,,B,0,0,12,116,116,12
2026-07-22,T2,BUS,B648,Jombor,D.I Yogyakarta,,,B,0,0,12,111,111,12
2026-07-27,T2,BUS,B648,Jombor,D.I Yogyakarta,,,B,0,0,15,118,118,15
2026-07-28,T2,BUS,B648,Jombor,D.I Yogyakarta,,,B,0,0,17,175,175,17
2026-07-29,T2,BUS,B648,Jombor,D.I Yogyakarta,,,B,0,0,21,208,208,21
2026-08-10,T2,BUS,B648,Jombor,D.I Yogyakarta,,,B,0,0,11,103,103,11
2026-08-12,T2,BUS,B648,Jombor,D.I Yogyakarta,,,B,0,0,17,176,176,17
2026-08-13,T2,BUS,B648,Jombor,D.I Yogyakarta,,,B,0,0,10,110,110,10
2026-03-13,T1,BUS,B1309,KM 32 Indralaya,Sumatera Selatan,,,B,2,33,2,33,66,4
2026-03-14,T1,BUS,B1309,KM 32 Indralaya,Sumatera Selatan,,,B,2,34,2,36,70,4
2026-03-15,T1,BUS,B1309,KM 32 Indralaya,Sumatera Selatan,,,B,2,33,2,28,61,4
2026-03-16,T1,BUS,B1309,KM 32 Indralaya,Sumatera Selatan,,,B,2,27,2,27,54,4
2026-03-17,T1,BUS,B1309,KM 32 Indralaya,Sumatera Selatan,,,B,2,32,2,28,60,4
2026-03-18,T1,BUS,B1309,KM 32 Indralaya,Sumatera Selatan,,,B,2,28,2,29,57,4
2026-03-19,T1,BUS,B1309,KM 32 Indralaya,Sumatera Selatan,,,B,2,32,3,52,84,5
2026-03-20,T1,BUS,B1309,KM 32 Indralaya,Sumatera Selatan,,,B,2,35,3,56,91,5
2026-03-21,T1,BUS,B1309,KM 32 Indralaya,Sumatera Selatan,,,B,3,53,2,28,81,5
2026-03-22,T1,BUS,B1309,KM 32 Indralaya,Sumatera Selatan,,,B,4,69,3,48,117,7
2026-03-23,T1,BUS,B1309,KM 32 Indralaya,Sumatera Selatan,,,B,3,55,2,34,89,5
2026-03-24,T1,BUS,B1309,KM 32 Indralaya,Sumatera Selatan,,,B,1,18,2,38,56,3
2026-03-25,T1,BUS,B1309,KM 32 Indralaya,Sumatera Selatan,,,B,2,31,2,37,68,4
2026-03-26,T1,BUS,B1309,KM 32 Indralaya,Sumatera Selatan,,,B,3,61,2,30,91,5
2026-03-27,T1,BUS,B1309,KM 32 Indralaya,Sumatera Selatan,,,B,2,38,2,37,75,4
2026-03-28,T1,BUS,B1309,KM 32 Indralaya,Sumatera Selatan,,,B,2,31,3,54,85,5
2026-03-29,T1,BUS,B1309,KM 32 Indralaya,Sumatera Selatan,,,B,2,35,2,33,68,4
2026-03-30,T1,BUS,B1309,KM 32 Indralaya,Sumatera Selatan,,,B,2,39,2,42,81,4
2026-03-31,T1,BUS,B1309,KM 32 Indralaya,Sumatera Selatan,,,B,3,56,3,58,114,6
2026-03-16,T1,BUS,B1008,Kajen,Jawa Tengah,,,B,7,2,6,13,15,13
2026-03-17,T1,BUS,B1008,Kajen,Jawa Tengah,,,B,6,7,6,8,15,12
2026-03-18,T1,BUS,B1008,Kajen,Jawa Tengah,,,B,11,27,6,12,39,17
2026-03-19,T1,BUS,B1008,Kajen,Jawa Tengah,,,B,8,40,6,5,45,14
2026-03-20,T1,BUS,B1008,Kajen,Jawa Tengah,,,B,7,39,5,5,44,12
2026-03-21,T1,BUS,B1008,Kajen,Jawa Tengah,,,B,7,0,6,5,5,13
2026-03-22,T1,BUS,B1008,Kajen,Jawa Tengah,,,B,10,0,13,203,203,23
2026-03-23,T1,BUS,B1008,Kajen,Jawa Tengah,,,B,10,8,17,313,321,27
2026-03-24,T1,BUS,B1008,Kajen,Jawa Tengah,,,B,14,6,15,395,401,29
2026-03-25,T1,BUS,B1008,Kajen,Jawa Tengah,,,B,9,2,10,261,263,19
2026-03-26,T1,BUS,B1008,Kajen,Jawa Tengah,,,B,20,0,19,427,427,39
2026-03-27,T1,BUS,B1008,Kajen,Jawa Tengah,,,B,17,0,17,469,469,34
2026-03-28,T1,BUS,B1008,Kajen,Jawa Tengah,,,B,15,0,12,236,236,27
2026-03-29,T1,BUS,B1008,Kajen,Jawa Tengah,,,B,12,0,12,308,308,24
2026-03-30,T1,BUS,B1008,Kajen,Jawa Tengah,,,B,15,0,15,380,380,30
2026-03-31,T1,BUS,B1008,Kajen,Jawa Tengah,,,B,13,0,11,235,235,24
2026-04-01,T1,BUS,B1008,Kajen,Jawa Tengah,,,B,26,0,26,510,510,52
2026-04-02,T1,BUS,B1008,Kajen,Jawa Tengah,,,B,18,0,16,259,259,34
2026-04-03,T1,BUS,B1008,Kajen,Jawa Tengah,,,B,13,0,15,214,214,28
2026-04-04,T1,BUS,B1008,Kajen,Jawa Tengah,,,B,12,0,12,123,123,24
2026-04-05,T1,BUS,B1008,Kajen,Jawa Tengah,,,B,16,0,14,144,144,30
2026-04-06,T1,BUS,B1008,Kajen,Jawa Tengah,,,B,11,0,11,83,83,22
2026-04-07,T1,BUS,B1008,Kajen,Jawa Tengah,,,B,13,2,12,111,113,25
2026-04-08,T1,BUS,B1008,Kajen,Jawa Tengah,,,B,13,0,12,102,102,25
2026-04-09,T1,BUS,B1008,Kajen,Jawa Tengah,,,B,14,0,14,129,129,28
2026-04-10,T1,BUS,B1008,Kajen,Jawa Tengah,,,B,10,0,10,72,72,20
2026-04-11,T1,BUS,B1008,Kajen,Jawa Tengah,,,B,10,0,10,101,101,20
2026-04-12,T1,BUS,B1008,Kajen,Jawa Tengah,,,B,13,0,13,123,123,26
2026-04-13,T1,BUS,B1008,Kajen,Jawa Tengah,,,B,13,0,13,130,130,26
2026-04-14,T1,BUS,B1008,Kajen,Jawa Tengah,,,B,12,0,12,99,99,24
2026-04-15,T1,BUS,B1008,Kajen,Jawa Tengah,,,B,11,0,11,118,118,22
2026-04-16,T1,BUS,B1008,Kajen,Jawa Tengah,,,B,10,0,10,86,86,20
2026-04-17,T1,BUS,B1008,Kajen,Jawa Tengah,,,B,9,0,9,57,57,18
2026-04-18,T1,BUS,B1008,Kajen,Jawa Tengah,,,B,10,0,10,90,90,20
2026-04-19,T1,BUS,B1008,Kajen,Jawa Tengah,,,B,14,0,14,137,137,28
2026-04-20,T1,BUS,B1008,Kajen,Jawa Tengah,,,B,11,0,12,102,102,23
2026-04-21,T1,BUS,B1008,Kajen,Jawa Tengah,,,B,11,0,11,83,83,22
2026-04-22,T1,BUS,B1008,Kajen,Jawa Tengah,,,B,10,0,11,81,81,21
2026-04-23,T1,BUS,B1008,Kajen,Jawa Tengah,,,B,13,0,13,110,110,26
2026-04-24,T1,BUS,B1008,Kajen,Jawa Tengah,,,B,13,0,13,108,108,26
2026-04-25,T1,BUS,B1008,Kajen,Jawa Tengah,,,B,14,0,14,96,96,28
2026-04-26,T1,BUS,B1008,Kajen,Jawa Tengah,,,B,14,0,14,127,127,28
2026-04-27,T1,BUS,B1008,Kajen,Jawa Tengah,,,B,14,0,13,70,70,27
2026-04-28,T1,BUS,B1008,Kajen,Jawa Tengah,,,B,11,0,11,57,57,22
2026-04-29,T1,BUS,B1008,Kajen,Jawa Tengah,,,B,10,0,10,72,72,20
2026-04-30,T1,BUS,B1008,Kajen,Jawa Tengah,,,B,5,0,5,33,33,10
2026-05-01,T2,BUS,B1008,Kajen,Jawa Tengah,,,B,5,0,5,33,33,10
2026-05-02,T2,BUS,B1008,Kajen,Jawa Tengah,,,B,4,0,4,32,32,8
2026-05-03,T2,BUS,B1008,Kajen,Jawa Tengah,,,B,20,0,20,357,357,40
2026-05-04,T2,BUS,B1008,Kajen,Jawa Tengah,,,B,14,0,14,127,127,28
2026-05-05,T2,BUS,B1008,Kajen,Jawa Tengah,,,B,10,0,10,60,60,20
2026-05-06,T2,BUS,B1008,Kajen,Jawa Tengah,,,B,5,0,4,18,18,9
2026-05-07,T2,BUS,B1008,Kajen,Jawa Tengah,,,B,11,0,11,87,87,22
2026-05-08,T2,BUS,B1008,Kajen,Jawa Tengah,,,B,8,0,8,62,62,16
2026-05-09,T2,BUS,B1008,Kajen,Jawa Tengah,,,B,8,0,8,70,70,16
2026-05-10,T2,BUS,B1008,Kajen,Jawa Tengah,,,B,5,0,5,46,46,10
2026-05-11,T2,BUS,B1008,Kajen,Jawa Tengah,,,B,12,0,12,90,90,24
2026-05-12,T2,BUS,B1008,Kajen,Jawa Tengah,,,B,8,0,8,54,54,16
2026-05-13,T2,BUS,B1008,Kajen,Jawa Tengah,,,B,9,0,9,54,54,18
2026-05-14,T2,BUS,B1008,Kajen,Jawa Tengah,,,B,6,0,6,47,47,12
2026-05-15,T2,BUS,B1008,Kajen,Jawa Tengah,,,B,6,0,6,39,39,12
2026-05-16,T2,BUS,B1008,Kajen,Jawa Tengah,,,B,7,0,7,58,58,14
2026-05-17,T2,BUS,B1008,Kajen,Jawa Tengah,,,B,14,0,14,186,186,28
2026-05-18,T2,BUS,B1008,Kajen,Jawa Tengah,,,B,8,0,8,63,63,16
2026-05-19,T2,BUS,B1008,Kajen,Jawa Tengah,,,B,10,0,10,83,83,20
2026-05-25,T2,BUS,B1008,Kajen,Jawa Tengah,,,B,9,0,9,112,112,18
2026-05-26,T2,BUS,B1008,Kajen,Jawa Tengah,,,B,6,0,6,48,48,12
2026-05-27,T2,BUS,B1008,Kajen,Jawa Tengah,,,B,7,0,7,95,95,14
2026-05-28,T2,BUS,B1008,Kajen,Jawa Tengah,,,B,11,0,11,136,136,22
2026-05-29,T2,BUS,B1008,Kajen,Jawa Tengah,,,B,8,0,8,98,98,16
2026-05-30,T2,BUS,B1008,Kajen,Jawa Tengah,,,B,7,0,7,85,85,14
2026-05-31,T2,BUS,B1008,Kajen,Jawa Tengah,,,B,15,0,15,316,316,30
2026-06-01,T2,BUS,B1008,Kajen,Jawa Tengah,,,B,9,0,9,226,226,18
2026-06-02,T2,BUS,B1008,Kajen,Jawa Tengah,,,B,8,0,8,79,79,16
2026-06-03,T2,BUS,B1008,Kajen,Jawa Tengah,,,B,8,0,8,65,65,16
2026-06-04,T2,BUS,B1008,Kajen,Jawa Tengah,,,B,10,0,10,97,97,20
2026-06-05,T2,BUS,B1008,Kajen,Jawa Tengah,,,B,8,0,8,80,80,16
2026-06-06,T2,BUS,B1008,Kajen,Jawa Tengah,,,B,12,0,12,91,91,24
2026-06-07,T2,BUS,B1008,Kajen,Jawa Tengah,,,B,11,0,11,98,98,22
2026-06-08,T2,BUS,B1008,Kajen,Jawa Tengah,,,B,9,0,9,69,69,18
2026-06-11,T2,BUS,B1008,Kajen,Jawa Tengah,,,B,9,0,9,85,85,18
2026-06-12,T2,BUS,B1008,Kajen,Jawa Tengah,,,B,7,0,7,69,69,14
2026-06-13,T2,BUS,B1008,Kajen,Jawa Tengah,,,B,8,0,8,70,70,16
2026-06-14,T2,BUS,B1008,Kajen,Jawa Tengah,,,B,12,0,11,99,99,23
2026-06-15,T2,BUS,B1008,Kajen,Jawa Tengah,,,B,7,0,7,48,48,14
2026-06-16,T2,BUS,B1008,Kajen,Jawa Tengah,,,B,10,0,10,195,195,20
2026-06-17,T2,BUS,B1008,Kajen,Jawa Tengah,,,B,9,0,9,90,90,18
2026-06-18,T2,BUS,B1008,Kajen,Jawa Tengah,,,B,10,0,10,79,79,20
2026-06-19,T2,BUS,B1008,Kajen,Jawa Tengah,,,B,5,0,5,46,46,10
2026-06-20,T2,BUS,B1008,Kajen,Jawa Tengah,,,B,10,0,10,110,110,20
2026-06-21,T2,BUS,B1008,Kajen,Jawa Tengah,,,B,12,0,12,175,175,24
2026-06-22,T2,BUS,B1008,Kajen,Jawa Tengah,,,B,8,0,8,99,99,16
2026-06-23,T2,BUS,B1008,Kajen,Jawa Tengah,,,B,7,0,7,41,41,14
2026-06-24,T2,BUS,B1008,Kajen,Jawa Tengah,,,B,8,0,8,50,50,16
2026-06-25,T2,BUS,B1008,Kajen,Jawa Tengah,,,B,10,0,10,91,91,20
2026-06-26,T2,BUS,B1008,Kajen,Jawa Tengah,,,B,10,0,10,76,76,20
2026-06-27,T2,BUS,B1008,Kajen,Jawa Tengah,,,B,10,0,10,93,93,20
2026-06-28,T2,BUS,B1008,Kajen,Jawa Tengah,,,B,14,0,13,173,173,27
2026-06-29,T2,BUS,B1008,Kajen,Jawa Tengah,,,B,8,0,8,72,72,16
2026-06-30,T2,BUS,B1008,Kajen,Jawa Tengah,,,B,6,0,6,55,55,12
2026-07-01,T2,BUS,B1008,Kajen,Jawa Tengah,,,B,12,0,12,119,119,24
2026-07-02,T2,BUS,B1008,Kajen,Jawa Tengah,,,B,9,0,9,67,67,18
2026-07-03,T2,BUS,B1008,Kajen,Jawa Tengah,,,B,10,0,10,83,83,20
2026-07-04,T2,BUS,B1008,Kajen,Jawa Tengah,,,B,7,0,7,48,48,14
2026-07-05,T2,BUS,B1008,Kajen,Jawa Tengah,,,B,13,0,14,108,108,27
2026-07-06,T2,BUS,B1008,Kajen,Jawa Tengah,,,B,10,0,10,119,119,20
2026-07-07,T2,BUS,B1008,Kajen,Jawa Tengah,,,B,9,0,9,89,89,18
2026-07-08,T2,BUS,B1008,Kajen,Jawa Tengah,,,B,8,0,8,58,58,16
2026-07-09,T2,BUS,B1008,Kajen,Jawa Tengah,,,B,12,0,12,118,118,24
2026-07-10,T2,BUS,B1008,Kajen,Jawa Tengah,,,B,15,0,15,162,162,30
2026-07-11,T2,BUS,B1008,Kajen,Jawa Tengah,,,B,10,0,10,79,79,20
2026-07-12,T2,BUS,B1008,Kajen,Jawa Tengah,,,B,11,0,11,133,133,22
2026-07-13,T2,BUS,B1008,Kajen,Jawa Tengah,,,B,11,0,11,105,105,22
2026-07-14,T2,BUS,B1008,Kajen,Jawa Tengah,,,B,10,0,10,111,111,20
2026-07-15,T2,BUS,B1008,Kajen,Jawa Tengah,,,B,9,0,9,82,82,18
2026-07-16,T2,BUS,B1008,Kajen,Jawa Tengah,,,B,10,0,10,89,89,20
2026-07-17,T2,BUS,B1008,Kajen,Jawa Tengah,,,B,9,0,9,84,84,18
2026-07-18,T2,BUS,B1008,Kajen,Jawa Tengah,,,B,10,0,10,80,80,20
2026-07-19,T2,BUS,B1008,Kajen,Jawa Tengah,,,B,12,0,12,107,107,24
2026-07-20,T2,BUS,B1008,Kajen,Jawa Tengah,,,B,10,0,10,72,72,20
2026-07-21,T2,BUS,B1008,Kajen,Jawa Tengah,,,B,11,0,11,99,99,22
2026-07-22,T2,BUS,B1008,Kajen,Jawa Tengah,,,B,10,0,10,67,67,20
2026-07-23,T2,BUS,B1008,Kajen,Jawa Tengah,,,B,9,0,9,58,58,18
2026-07-24,T2,BUS,B1008,Kajen,Jawa Tengah,,,B,9,0,9,56,56,18
2026-07-25,T2,BUS,B1008,Kajen,Jawa Tengah,,,B,8,0,8,68,68,16
2026-07-26,T2,BUS,B1008,Kajen,Jawa Tengah,,,B,12,0,11,182,182,23
2026-07-27,T2,BUS,B1008,Kajen,Jawa Tengah,,,B,11,0,11,100,100,22
2026-07-28,T2,BUS,B1008,Kajen,Jawa Tengah,,,B,11,0,11,114,114,22
2026-07-29,T2,BUS,B1008,Kajen,Jawa Tengah,,,B,10,0,10,77,77,20
2026-07-30,T2,BUS,B1008,Kajen,Jawa Tengah,,,B,9,0,9,72,72,18
2026-07-31,T2,BUS,B1008,Kajen,Jawa Tengah,,,B,10,0,10,93,93,20
2026-08-01,T2,BUS,B1008,Kajen,Jawa Tengah,,,B,10,0,10,110,110,20
2026-08-02,T2,BUS,B1008,Kajen,Jawa Tengah,,,B,12,0,12,159,159,24
2026-08-03,T2,BUS,B1008,Kajen,Jawa Tengah,,,B,11,0,11,78,78,22
2026-08-04,T2,BUS,B1008,Kajen,Jawa Tengah,,,B,10,0,10,71,71,20
2026-08-05,T2,BUS,B1008,Kajen,Jawa Tengah,,,B,10,0,10,67,67,20
2026-08-06,T2,BUS,B1008,Kajen,Jawa Tengah,,,B,10,0,10,86,86,20
2026-08-07,T2,BUS,B1008,Kajen,Jawa Tengah,,,B,10,0,10,87,87,20
2026-08-08,T2,BUS,B1008,Kajen,Jawa Tengah,,,B,8,0,8,64,64,16
2026-08-09,T2,BUS,B1008,Kajen,Jawa Tengah,,,B,12,0,11,121,121,23
2026-08-10,T2,BUS,B1008,Kajen,Jawa Tengah,,,B,11,0,11,85,85,22
2026-08-11,T2,BUS,B1008,Kajen,Jawa Tengah,,,B,12,0,12,106,106,24
2026-08-12,T2,BUS,B1008,Kajen,Jawa Tengah,,,B,7,0,7,60,60,14
2026-08-13,T2,BUS,B1008,Kajen,Jawa Tengah,,,B,10,0,10,64,64,20
2026-08-14,T2,BUS,B1008,Kajen,Jawa Tengah,,,B,11,0,11,109,109,22
2026-08-15,T2,BUS,B1008,Kajen,Jawa Tengah,,,B,12,0,12,90,90,24
2026-08-16,T2,BUS,B1008,Kajen,Jawa Tengah,,,B,9,0,9,50,50,18
2026-08-17,T2,BUS,B1008,Kajen,Jawa Tengah,,,B,14,0,15,233,233,29
2026-08-18,T2,BUS,B1008,Kajen,Jawa Tengah,,,B,11,0,11,85,85,22
2026-08-19,T2,BUS,B1008,Kajen,Jawa Tengah,,,B,8,0,8,103,103,16
2026-08-20,T2,BUS,B1008,Kajen,Jawa Tengah,,,B,12,0,12,107,107,24
2026-08-21,T2,BUS,B1008,Kajen,Jawa Tengah,,,B,11,0,11,85,85,22
2026-08-22,T2,BUS,B1008,Kajen,Jawa Tengah,,,B,10,0,10,71,71,20
2026-08-23,T2,BUS,B1008,Kajen,Jawa Tengah,,,B,13,0,13,143,143,26
2026-08-24,T2,BUS,B1008,Kajen,Jawa Tengah,,,B,8,0,8,48,48,16
2026-08-25,T2,BUS,B1008,Kajen,Jawa Tengah,,,B,10,0,10,74,74,20
2026-08-26,T2,BUS,B1008,Kajen,Jawa Tengah,,,B,13,0,13,119,119,26
2026-08-27,T2,BUS,B1008,Kajen,Jawa Tengah,,,B,11,0,11,94,94,22
2026-08-28,T2,BUS,B1008,Kajen,Jawa Tengah,,,B,10,0,10,86,86,20
2026-08-29,T2,BUS,B1008,Kajen,Jawa Tengah,,,B,4,0,4,18,18,8
2026-08-30,T2,BUS,B1008,Kajen,Jawa Tengah,,,B,12,0,12,156,156,24
2026-08-31,T2,BUS,B1008,Kajen,Jawa Tengah,,,B,13,0,13,141,141,26
2026-09-01,T3,BUS,B1008,Kajen,Jawa Tengah,,,B,10,0,10,80,80,20
2026-09-02,T3,BUS,B1008,Kajen,Jawa Tengah,,,B,10,0,10,113,113,20
2026-09-03,T3,BUS,B1008,Kajen,Jawa Tengah,,,B,10,0,10,64,64,20
2026-09-04,T3,BUS,B1008,Kajen,Jawa Tengah,,,B,10,0,10,49,49,20
2026-09-05,T3,BUS,B1008,Kajen,Jawa Tengah,,,B,5,0,5,27,27,10
2026-09-06,T3,BUS,B1008,Kajen,Jawa Tengah,,,B,14,0,14,169,169,28
2026-09-07,T3,BUS,B1008,Kajen,Jawa Tengah,,,B,13,0,13,91,91,26
2026-09-08,T3,BUS,B1008,Kajen,Jawa Tengah,,,B,11,0,11,88,88,22
2026-09-09,T3,BUS,B1008,Kajen,Jawa Tengah,,,B,6,0,6,29,29,12
2026-09-10,T3,BUS,B1008,Kajen,Jawa Tengah,,,B,11,0,11,82,82,22
2026-09-11,T3,BUS,B1008,Kajen,Jawa Tengah,,,B,10,0,10,80,80,20
2026-09-12,T3,BUS,B1008,Kajen,Jawa Tengah,,,B,10,0,9,71,71,19
2026-09-13,T3,BUS,B1008,Kajen,Jawa Tengah,,,B,14,0,14,202,202,28
2026-09-14,T3,BUS,B1008,Kajen,Jawa Tengah,,,B,12,0,12,104,104,24
2026-09-15,T3,BUS,B1008,Kajen,Jawa Tengah,,,B,11,0,11,77,77,22
2026-09-16,T3,BUS,B1008,Kajen,Jawa Tengah,,,B,12,0,12,76,76,24
2026-09-17,T3,BUS,B1008,Kajen,Jawa Tengah,,,B,11,0,11,57,57,22
2026-09-18,T3,BUS,B1008,Kajen,Jawa Tengah,,,B,11,0,11,85,85,22
2026-09-19,T3,BUS,B1008,Kajen,Jawa Tengah,,,B,11,0,11,77,77,22
2026-09-20,T3,BUS,B1008,Kajen,Jawa Tengah,,,B,11,0,11,132,132,22
2026-09-21,T3,BUS,B1008,Kajen,Jawa Tengah,,,B,11,0,11,83,83,22
2026-09-22,T3,BUS,B1008,Kajen,Jawa Tengah,,,B,10,0,10,53,53,20
2026-09-23,T3,BUS,B1008,Kajen,Jawa Tengah,,,B,8,0,8,43,43,16
2026-09-24,T3,BUS,B1008,Kajen,Jawa Tengah,,,B,7,0,7,28,28,14
2026-09-25,T3,BUS,B1008,Kajen,Jawa Tengah,,,B,11,0,11,86,86,22
2026-09-26,T3,BUS,B1008,Kajen,Jawa Tengah,,,B,12,0,12,85,85,24
2026-09-27,T3,BUS,B1008,Kajen,Jawa Tengah,,,B,13,0,13,187,187,26
2026-09-28,T3,BUS,B1008,Kajen,Jawa Tengah,,,B,11,0,11,58,58,22
2026-03-18,T1,BUS,B1305,Kartosuro,Jawa Tengah,,,B,0,0,16,182,182,16
2026-03-19,T1,BUS,B1305,Kartosuro,Jawa Tengah,,,B,0,0,22,250,250,22
2026-08-13,T2,BUS,B1618,Kasipute,Sulawesi Tenggara,,,C,1,5,0,0,5,1
2026-03-13,T1,BUS,B1361,Kepuhsari,Jawa Timur,,,B,0,0,1,0,0,1
2026-03-14,T1,BUS,B1361,Kepuhsari,Jawa Timur,,,B,2,9,6,18,27,8
2026-03-15,T1,BUS,B1361,Kepuhsari,Jawa Timur,,,B,2,7,2,50,57,4
2026-03-16,T1,BUS,B1361,Kepuhsari,Jawa Timur,,,B,2,7,2,66,73,4
2026-03-17,T1,BUS,B1361,Kepuhsari,Jawa Timur,,,B,2,1,2,48,49,4
2026-01-21,T1,BUS,B1867,Kongsi,Jawa Tengah,,,C,0,0,2,3,3,2
2026-01-30,T1,BUS,B1867,Kongsi,Jawa Tengah,,,C,0,0,6,29,29,6
2026-01-02,T1,BUS,B1795,Kota Tanah Grogot,Kalimantan Timur,,,B,6,30,2,13,43,8
2026-01-03,T1,BUS,B1795,Kota Tanah Grogot,Kalimantan Timur,,,B,9,40,2,16,56,11
2026-01-04,T1,BUS,B1795,Kota Tanah Grogot,Kalimantan Timur,,,B,3,21,1,6,27,4
2026-01-05,T1,BUS,B1795,Kota Tanah Grogot,Kalimantan Timur,,,B,8,38,2,14,52,10
2026-01-06,T1,BUS,B1795,Kota Tanah Grogot,Kalimantan Timur,,,B,5,35,2,5,40,7
2026-01-07,T1,BUS,B1795,Kota Tanah Grogot,Kalimantan Timur,,,B,6,38,1,3,41,7
2026-01-08,T1,BUS,B1795,Kota Tanah Grogot,Kalimantan Timur,,,B,9,46,3,9,55,12
2026-01-09,T1,BUS,B1795,Kota Tanah Grogot,Kalimantan Timur,,,B,6,33,1,8,41,7
2026-01-10,T1,BUS,B1795,Kota Tanah Grogot,Kalimantan Timur,,,B,5,21,2,6,27,7
2026-01-11,T1,BUS,B1795,Kota Tanah Grogot,Kalimantan Timur,,,B,6,20,0,0,20,6
2026-01-12,T1,BUS,B1795,Kota Tanah Grogot,Kalimantan Timur,,,B,5,34,1,5,39,6
2026-01-13,T1,BUS,B1795,Kota Tanah Grogot,Kalimantan Timur,,,B,8,29,1,2,31,9
2026-01-14,T1,BUS,B1795,Kota Tanah Grogot,Kalimantan Timur,,,B,7,42,3,11,53,10
2026-01-15,T1,BUS,B1795,Kota Tanah Grogot,Kalimantan Timur,,,B,5,30,2,13,43,7
2026-01-16,T1,BUS,B1795,Kota Tanah Grogot,Kalimantan Timur,,,B,8,37,2,7,44,10
2026-01-17,T1,BUS,B1795,Kota Tanah Grogot,Kalimantan Timur,,,B,5,24,1,5,29,6
2026-01-18,T1,BUS,B1795,Kota Tanah Grogot,Kalimantan Timur,,,B,6,28,1,2,30,7
2026-01-19,T1,BUS,B1795,Kota Tanah Grogot,Kalimantan Timur,,,B,6,24,2,8,32,8
2026-01-20,T1,BUS,B1795,Kota Tanah Grogot,Kalimantan Timur,,,B,6,25,1,8,33,7
2026-01-21,T1,BUS,B1795,Kota Tanah Grogot,Kalimantan Timur,,,B,8,35,1,9,44,9
2026-01-22,T1,BUS,B1795,Kota Tanah Grogot,Kalimantan Timur,,,B,6,38,1,4,42,7
2026-01-23,T1,BUS,B1795,Kota Tanah Grogot,Kalimantan Timur,,,B,8,31,0,0,31,8
2026-01-24,T1,BUS,B1795,Kota Tanah Grogot,Kalimantan Timur,,,B,5,29,2,5,34,7
2026-01-25,T1,BUS,B1795,Kota Tanah Grogot,Kalimantan Timur,,,B,6,38,1,5,43,7
2026-01-26,T1,BUS,B1795,Kota Tanah Grogot,Kalimantan Timur,,,B,8,31,2,16,47,10
2026-01-27,T1,BUS,B1795,Kota Tanah Grogot,Kalimantan Timur,,,B,2,21,1,6,27,3
2026-01-28,T1,BUS,B1795,Kota Tanah Grogot,Kalimantan Timur,,,B,7,25,2,7,32,9
2026-01-29,T1,BUS,B1795,Kota Tanah Grogot,Kalimantan Timur,,,B,5,13,2,4,17,7
2026-01-30,T1,BUS,B1795,Kota Tanah Grogot,Kalimantan Timur,,,B,6,16,1,2,18,7
2026-01-31,T1,BUS,B1795,Kota Tanah Grogot,Kalimantan Timur,,,B,4,12,2,9,21,6
2026-02-01,T1,BUS,B1795,Kota Tanah Grogot,Kalimantan Timur,,,B,3,13,0,0,13,3
2026-02-02,T1,BUS,B1795,Kota Tanah Grogot,Kalimantan Timur,,,B,7,25,2,6,31,9
2026-02-03,T1,BUS,B1795,Kota Tanah Grogot,Kalimantan Timur,,,B,4,17,0,0,17,4
2026-02-04,T1,BUS,B1795,Kota Tanah Grogot,Kalimantan Timur,,,B,7,24,2,7,31,9
2026-02-05,T1,BUS,B1795,Kota Tanah Grogot,Kalimantan Timur,,,B,6,37,1,2,39,7
2026-02-06,T1,BUS,B1795,Kota Tanah Grogot,Kalimantan Timur,,,B,4,15,2,5,20,6
2026-02-07,T1,BUS,B1795,Kota Tanah Grogot,Kalimantan Timur,,,B,6,34,1,7,41,7
2026-02-08,T1,BUS,B1795,Kota Tanah Grogot,Kalimantan Timur,,,B,7,38,2,8,46,9
2026-02-09,T1,BUS,B1795,Kota Tanah Grogot,Kalimantan Timur,,,B,8,48,2,6,54,10
2026-02-10,T1,BUS,B1795,Kota Tanah Grogot,Kalimantan Timur,,,B,6,22,2,7,29,8
2026-02-11,T1,BUS,B1795,Kota Tanah Grogot,Kalimantan Timur,,,B,5,37,1,8,45,6
2026-02-12,T1,BUS,B1795,Kota Tanah Grogot,Kalimantan Timur,,,B,6,24,2,3,27,8
2026-02-13,T1,BUS,B1795,Kota Tanah Grogot,Kalimantan Timur,,,B,4,25,1,4,29,5
2026-02-14,T1,BUS,B1795,Kota Tanah Grogot,Kalimantan Timur,,,B,6,32,1,5,37,7
2026-02-15,T1,BUS,B1795,Kota Tanah Grogot,Kalimantan Timur,,,B,8,30,1,4,34,9
2026-02-16,T1,BUS,B1795,Kota Tanah Grogot,Kalimantan Timur,,,B,6,30,0,0,30,6
2026-02-17,T1,BUS,B1795,Kota Tanah Grogot,Kalimantan Timur,,,B,7,41,3,11,52,10
2026-02-18,T1,BUS,B1795,Kota Tanah Grogot,Kalimantan Timur,,,B,8,27,2,4,31,10
2026-02-19,T1,BUS,B1795,Kota Tanah Grogot,Kalimantan Timur,,,B,5,8,1,3,11,6
2026-02-20,T1,BUS,B1795,Kota Tanah Grogot,Kalimantan Timur,,,B,5,31,0,0,31,5
2026-02-21,T1,BUS,B1795,Kota Tanah Grogot,Kalimantan Timur,,,B,6,32,1,7,39,7
2026-02-22,T1,BUS,B1795,Kota Tanah Grogot,Kalimantan Timur,,,B,9,54,1,3,57,10
2026-02-23,T1,BUS,B1795,Kota Tanah Grogot,Kalimantan Timur,,,B,9,40,1,6,46,10
2026-02-24,T1,BUS,B1795,Kota Tanah Grogot,Kalimantan Timur,,,B,5,23,0,0,23,5
2026-02-25,T1,BUS,B1795,Kota Tanah Grogot,Kalimantan Timur,,,B,4,16,1,4,20,5
2026-02-26,T1,BUS,B1795,Kota Tanah Grogot,Kalimantan Timur,,,B,6,24,2,10,34,8
2026-02-27,T1,BUS,B1795,Kota Tanah Grogot,Kalimantan Timur,,,B,4,13,0,0,13,4
2026-02-28,T1,BUS,B1795,Kota Tanah Grogot,Kalimantan Timur,,,B,5,22,1,4,26,6
2026-03-01,T1,BUS,B1795,Kota Tanah Grogot,Kalimantan Timur,,,B,4,10,0,0,10,4
2026-03-02,T1,BUS,B1795,Kota Tanah Grogot,Kalimantan Timur,,,B,5,30,2,3,33,7
2026-03-03,T1,BUS,B1795,Kota Tanah Grogot,Kalimantan Timur,,,B,6,27,1,2,29,7
2026-03-04,T1,BUS,B1795,Kota Tanah Grogot,Kalimantan Timur,,,B,6,16,0,0,16,6
2026-03-05,T1,BUS,B1795,Kota Tanah Grogot,Kalimantan Timur,,,B,7,20,2,12,32,9
2026-03-06,T1,BUS,B1795,Kota Tanah Grogot,Kalimantan Timur,,,B,5,13,0,0,13,5
2026-03-07,T1,BUS,B1795,Kota Tanah Grogot,Kalimantan Timur,,,B,6,36,0,0,36,6
2026-03-08,T1,BUS,B1795,Kota Tanah Grogot,Kalimantan Timur,,,B,7,35,1,3,38,8
2026-03-09,T1,BUS,B1795,Kota Tanah Grogot,Kalimantan Timur,,,B,9,27,2,6,33,11
2026-03-10,T1,BUS,B1795,Kota Tanah Grogot,Kalimantan Timur,,,B,6,26,0,0,26,6
2026-03-11,T1,BUS,B1795,Kota Tanah Grogot,Kalimantan Timur,,,B,8,36,1,5,41,9
2026-03-12,T1,BUS,B1795,Kota Tanah Grogot,Kalimantan Timur,,,B,6,24,0,0,24,6
2026-03-13,T1,BUS,B1795,Kota Tanah Grogot,Kalimantan Timur,,,B,6,32,1,6,38,7
2026-03-14,T1,BUS,B1795,Kota Tanah Grogot,Kalimantan Timur,,,B,4,18,1,5,23,5
2026-03-15,T1,BUS,B1795,Kota Tanah Grogot,Kalimantan Timur,,,B,6,28,1,3,31,7
2026-03-16,T1,BUS,B1795,Kota Tanah Grogot,Kalimantan Timur,,,B,6,24,1,0,24,7
2026-03-17,T1,BUS,B1795,Kota Tanah Grogot,Kalimantan Timur,,,B,9,44,4,9,53,13
2026-03-18,T1,BUS,B1795,Kota Tanah Grogot,Kalimantan Timur,,,B,9,43,4,9,52,13
2026-03-19,T1,BUS,B1795,Kota Tanah Grogot,Kalimantan Timur,,,B,7,40,2,7,47,9
2026-03-20,T1,BUS,B1795,Kota Tanah Grogot,Kalimantan Timur,,,B,1,1,0,0,1,1
2026-03-22,T1,BUS,B1795,Kota Tanah Grogot,Kalimantan Timur,,,B,4,36,3,9,45,7
2026-03-23,T1,BUS,B1795,Kota Tanah Grogot,Kalimantan Timur,,,B,5,21,1,4,25,6
2026-03-24,T1,BUS,B1795,Kota Tanah Grogot,Kalimantan Timur,,,B,6,43,1,4,47,7
2026-03-25,T1,BUS,B1795,Kota Tanah Grogot,Kalimantan Timur,,,B,5,39,2,13,52,7
2026-03-26,T1,BUS,B1795,Kota Tanah Grogot,Kalimantan Timur,,,B,10,71,2,15,86,12
2026-03-27,T1,BUS,B1795,Kota Tanah Grogot,Kalimantan Timur,,,B,6,43,2,6,49,8
2026-03-28,T1,BUS,B1795,Kota Tanah Grogot,Kalimantan Timur,,,B,7,57,1,2,59,8
2026-03-29,T1,BUS,B1795,Kota Tanah Grogot,Kalimantan Timur,,,B,6,36,3,13,49,9
2026-03-30,T1,BUS,B1795,Kota Tanah Grogot,Kalimantan Timur,,,B,8,23,5,34,57,13
2026-03-31,T1,BUS,B1795,Kota Tanah Grogot,Kalimantan Timur,,,B,7,26,3,11,37,10
2026-04-01,T1,BUS,B1795,Kota Tanah Grogot,Kalimantan Timur,,,B,7,24,2,15,39,9
2026-04-02,T1,BUS,B1795,Kota Tanah Grogot,Kalimantan Timur,,,B,4,19,0,0,19,4
2026-04-03,T1,BUS,B1795,Kota Tanah Grogot,Kalimantan Timur,,,B,3,15,1,5,20,4
2026-04-04,T1,BUS,B1795,Kota Tanah Grogot,Kalimantan Timur,,,B,6,22,0,0,22,6
2026-04-05,T1,BUS,B1795,Kota Tanah Grogot,Kalimantan Timur,,,B,6,17,2,10,27,8
2026-04-06,T1,BUS,B1795,Kota Tanah Grogot,Kalimantan Timur,,,B,9,37,3,12,49,12
2026-04-07,T1,BUS,B1795,Kota Tanah Grogot,Kalimantan Timur,,,B,4,23,1,9,32,5
2026-04-08,T1,BUS,B1795,Kota Tanah Grogot,Kalimantan Timur,,,B,6,16,0,0,16,6
2026-04-09,T1,BUS,B1795,Kota Tanah Grogot,Kalimantan Timur,,,B,8,57,1,2,59,9
2026-04-10,T1,BUS,B1795,Kota Tanah Grogot,Kalimantan Timur,,,B,8,28,2,5,33,10
2026-04-11,T1,BUS,B1795,Kota Tanah Grogot,Kalimantan Timur,,,B,6,23,1,4,27,7
2026-04-12,T1,BUS,B1795,Kota Tanah Grogot,Kalimantan Timur,,,B,7,27,3,15,42,10
2026-04-13,T1,BUS,B1795,Kota Tanah Grogot,Kalimantan Timur,,,B,6,24,2,14,38,8
2026-04-14,T1,BUS,B1795,Kota Tanah Grogot,Kalimantan Timur,,,B,7,32,1,4,36,8
2026-04-15,T1,BUS,B1795,Kota Tanah Grogot,Kalimantan Timur,,,B,7,38,1,3,41,8
2026-04-16,T1,BUS,B1795,Kota Tanah Grogot,Kalimantan Timur,,,B,6,17,3,7,24,9
2026-04-17,T1,BUS,B1795,Kota Tanah Grogot,Kalimantan Timur,,,B,5,20,0,0,20,5
2026-04-18,T1,BUS,B1795,Kota Tanah Grogot,Kalimantan Timur,,,B,6,25,1,4,29,7
2026-04-19,T1,BUS,B1795,Kota Tanah Grogot,Kalimantan Timur,,,B,9,23,1,7,30,10
2026-04-20,T1,BUS,B1795,Kota Tanah Grogot,Kalimantan Timur,,,B,10,25,1,5,30,11
2026-04-21,T1,BUS,B1795,Kota Tanah Grogot,Kalimantan Timur,,,B,7,28,0,0,28,7
2026-04-22,T1,BUS,B1795,Kota Tanah Grogot,Kalimantan Timur,,,B,7,32,1,4,36,8
2026-04-23,T1,BUS,B1795,Kota Tanah Grogot,Kalimantan Timur,,,B,7,35,2,3,38,9
2026-04-24,T1,BUS,B1795,Kota Tanah Grogot,Kalimantan Timur,,,B,7,25,1,5,30,8
2026-04-25,T1,BUS,B1795,Kota Tanah Grogot,Kalimantan Timur,,,B,6,36,1,6,42,7
2026-04-26,T1,BUS,B1795,Kota Tanah Grogot,Kalimantan Timur,,,B,6,20,0,0,20,6
2026-04-27,T1,BUS,B1795,Kota Tanah Grogot,Kalimantan Timur,,,B,11,62,3,8,70,14
2026-04-28,T1,BUS,B1795,Kota Tanah Grogot,Kalimantan Timur,,,B,7,48,2,5,53,9
2026-04-29,T1,BUS,B1795,Kota Tanah Grogot,Kalimantan Timur,,,B,7,40,5,39,79,12
2026-04-30,T1,BUS,B1795,Kota Tanah Grogot,Kalimantan Timur,,,B,5,14,2,11,25,7
2026-05-02,T2,BUS,B1795,Kota Tanah Grogot,Kalimantan Timur,,,B,8,10,1,8,18,9
2026-05-03,T2,BUS,B1795,Kota Tanah Grogot,Kalimantan Timur,,,B,6,18,1,2,20,7
2026-05-04,T2,BUS,B1795,Kota Tanah Grogot,Kalimantan Timur,,,B,9,29,0,0,29,9
2026-05-05,T2,BUS,B1795,Kota Tanah Grogot,Kalimantan Timur,,,B,4,18,2,6,24,6
2026-05-06,T2,BUS,B1795,Kota Tanah Grogot,Kalimantan Timur,,,B,7,25,2,10,35,9
2026-05-07,T2,BUS,B1795,Kota Tanah Grogot,Kalimantan Timur,,,B,6,22,1,5,27,7
2026-05-08,T2,BUS,B1795,Kota Tanah Grogot,Kalimantan Timur,,,B,3,16,0,0,16,3
2026-05-09,T2,BUS,B1795,Kota Tanah Grogot,Kalimantan Timur,,,B,6,24,2,4,28,8
2026-05-10,T2,BUS,B1795,Kota Tanah Grogot,Kalimantan Timur,,,B,8,28,0,0,28,8
2026-05-11,T2,BUS,B1795,Kota Tanah Grogot,Kalimantan Timur,,,B,7,25,1,3,28,8
2026-05-12,T2,BUS,B1795,Kota Tanah Grogot,Kalimantan Timur,,,B,6,26,1,6,32,7
2026-05-13,T2,BUS,B1795,Kota Tanah Grogot,Kalimantan Timur,,,B,9,29,1,4,33,10
2026-05-14,T2,BUS,B1795,Kota Tanah Grogot,Kalimantan Timur,,,B,4,21,3,11,32,7
2026-05-15,T2,BUS,B1795,Kota Tanah Grogot,Kalimantan Timur,,,B,10,16,0,0,16,10
2026-05-16,T2,BUS,B1795,Kota Tanah Grogot,Kalimantan Timur,,,B,8,35,2,14,49,10
2026-05-17,T2,BUS,B1795,Kota Tanah Grogot,Kalimantan Timur,,,B,7,21,1,2,23,8
2026-05-18,T2,BUS,B1795,Kota Tanah Grogot,Kalimantan Timur,,,B,5,27,3,19,46,8
2026-05-19,T2,BUS,B1795,Kota Tanah Grogot,Kalimantan Timur,,,B,5,24,2,5,29,7
2026-05-20,T2,BUS,B1795,Kota Tanah Grogot,Kalimantan Timur,,,B,6,29,2,6,35,8
2026-05-21,T2,BUS,B1795,Kota Tanah Grogot,Kalimantan Timur,,,B,7,36,1,3,39,8
2026-05-22,T2,BUS,B1795,Kota Tanah Grogot,Kalimantan Timur,,,B,6,27,1,4,31,7
2026-05-23,T2,BUS,B1795,Kota Tanah Grogot,Kalimantan Timur,,,B,8,37,1,2,39,9
2026-05-24,T2,BUS,B1795,Kota Tanah Grogot,Kalimantan Timur,,,B,8,32,1,2,34,9
2026-05-25,T2,BUS,B1795,Kota Tanah Grogot,Kalimantan Timur,,,B,8,47,3,16,63,11
2026-05-26,T2,BUS,B1795,Kota Tanah Grogot,Kalimantan Timur,,,B,10,41,1,3,44,11
2026-05-28,T2,BUS,B1795,Kota Tanah Grogot,Kalimantan Timur,,,B,10,37,3,11,48,13
2026-05-29,T2,BUS,B1795,Kota Tanah Grogot,Kalimantan Timur,,,B,6,31,2,13,44,8
2026-05-30,T2,BUS,B1795,Kota Tanah Grogot,Kalimantan Timur,,,B,6,15,2,8,23,8
2026-05-31,T2,BUS,B1795,Kota Tanah Grogot,Kalimantan Timur,,,B,9,25,1,4,29,10
2026-06-01,T2,BUS,B1795,Kota Tanah Grogot,Kalimantan Timur,,,B,8,40,2,9,49,10
2026-06-02,T2,BUS,B1795,Kota Tanah Grogot,Kalimantan Timur,,,B,6,18,1,7,25,7
2026-06-03,T2,BUS,B1795,Kota Tanah Grogot,Kalimantan Timur,,,B,9,32,1,8,40,10
2026-06-04,T2,BUS,B1795,Kota Tanah Grogot,Kalimantan Timur,,,B,11,33,3,7,40,14
2026-06-05,T2,BUS,B1795,Kota Tanah Grogot,Kalimantan Timur,,,B,5,14,1,6,20,6
2026-06-06,T2,BUS,B1795,Kota Tanah Grogot,Kalimantan Timur,,,B,8,39,2,8,47,10
2026-06-07,T2,BUS,B1795,Kota Tanah Grogot,Kalimantan Timur,,,B,6,30,0,0,30,6
2026-06-08,T2,BUS,B1795,Kota Tanah Grogot,Kalimantan Timur,,,B,8,34,1,5,39,9
2026-06-09,T2,BUS,B1795,Kota Tanah Grogot,Kalimantan Timur,,,B,10,39,3,13,52,13
2026-06-10,T2,BUS,B1795,Kota Tanah Grogot,Kalimantan Timur,,,B,8,46,1,4,50,9
2026-06-11,T2,BUS,B1795,Kota Tanah Grogot,Kalimantan Timur,,,B,7,52,1,5,57,8
2026-06-12,T2,BUS,B1795,Kota Tanah Grogot,Kalimantan Timur,,,B,7,27,1,7,34,8
2026-06-13,T2,BUS,B1795,Kota Tanah Grogot,Kalimantan Timur,,,B,5,12,2,4,16,7
2026-06-14,T2,BUS,B1795,Kota Tanah Grogot,Kalimantan Timur,,,B,6,13,1,4,17,7
2026-06-15,T2,BUS,B1795,Kota Tanah Grogot,Kalimantan Timur,,,B,6,31,2,7,38,8
2026-06-16,T2,BUS,B1795,Kota Tanah Grogot,Kalimantan Timur,,,B,7,31,1,1,32,8
2026-06-17,T2,BUS,B1795,Kota Tanah Grogot,Kalimantan Timur,,,B,5,19,2,3,22,7
2026-06-18,T2,BUS,B1795,Kota Tanah Grogot,Kalimantan Timur,,,B,7,28,1,3,31,8
2026-06-19,T2,BUS,B1795,Kota Tanah Grogot,Kalimantan Timur,,,B,6,37,0,0,37,6
2026-06-20,T2,BUS,B1795,Kota Tanah Grogot,Kalimantan Timur,,,B,9,35,2,11,46,11
2026-06-21,T2,BUS,B1795,Kota Tanah Grogot,Kalimantan Timur,,,B,13,66,1,4,70,14
2026-06-22,T2,BUS,B1795,Kota Tanah Grogot,Kalimantan Timur,,,B,8,37,1,3,40,9
2026-06-23,T2,BUS,B1795,Kota Tanah Grogot,Kalimantan Timur,,,B,8,41,1,5,46,9
2026-06-24,T2,BUS,B1795,Kota Tanah Grogot,Kalimantan Timur,,,B,9,40,1,3,43,10
2026-06-25,T2,BUS,B1795,Kota Tanah Grogot,Kalimantan Timur,,,B,9,56,3,12,68,12
2026-06-26,T2,BUS,B1795,Kota Tanah Grogot,Kalimantan Timur,,,B,5,16,1,7,23,6
2026-06-27,T2,BUS,B1795,Kota Tanah Grogot,Kalimantan Timur,,,B,4,22,1,6,28,5
2026-06-28,T2,BUS,B1795,Kota Tanah Grogot,Kalimantan Timur,,,B,5,28,1,2,30,6
2026-06-29,T2,BUS,B1795,Kota Tanah Grogot,Kalimantan Timur,,,B,3,14,1,6,20,4
2026-06-30,T2,BUS,B1795,Kota Tanah Grogot,Kalimantan Timur,,,B,3,6,1,6,12,4
2026-07-01,T2,BUS,B1795,Kota Tanah Grogot,Kalimantan Timur,,,B,7,15,2,3,18,9
2026-07-02,T2,BUS,B1795,Kota Tanah Grogot,Kalimantan Timur,,,B,8,33,3,12,45,11
2026-07-03,T2,BUS,B1795,Kota Tanah Grogot,Kalimantan Timur,,,B,5,20,2,7,27,7
2026-07-04,T2,BUS,B1795,Kota Tanah Grogot,Kalimantan Timur,,,B,11,50,3,12,62,14
2026-07-05,T2,BUS,B1795,Kota Tanah Grogot,Kalimantan Timur,,,B,7,29,0,0,29,7
2026-07-06,T2,BUS,B1795,Kota Tanah Grogot,Kalimantan Timur,,,B,9,40,2,7,47,11
2026-07-07,T2,BUS,B1795,Kota Tanah Grogot,Kalimantan Timur,,,B,10,35,4,14,49,14
2026-07-08,T2,BUS,B1795,Kota Tanah Grogot,Kalimantan Timur,,,B,7,33,1,8,41,8
2026-07-09,T2,BUS,B1795,Kota Tanah Grogot,Kalimantan Timur,,,B,7,36,2,5,41,9
2026-07-10,T2,BUS,B1795,Kota Tanah Grogot,Kalimantan Timur,,,B,8,40,3,10,50,11
2026-07-11,T2,BUS,B1795,Kota Tanah Grogot,Kalimantan Timur,,,B,8,50,1,1,51,9
2026-07-12,T2,BUS,B1795,Kota Tanah Grogot,Kalimantan Timur,,,B,5,25,2,12,37,7
2026-07-13,T2,BUS,B1795,Kota Tanah Grogot,Kalimantan Timur,,,B,7,28,1,4,32,8
2026-07-14,T2,BUS,B1795,Kota Tanah Grogot,Kalimantan Timur,,,B,9,28,1,5,33,10
2026-07-15,T2,BUS,B1795,Kota Tanah Grogot,Kalimantan Timur,,,B,3,8,1,3,11,4
2026-07-16,T2,BUS,B1795,Kota Tanah Grogot,Kalimantan Timur,,,B,7,24,1,3,27,8
2026-07-17,T2,BUS,B1795,Kota Tanah Grogot,Kalimantan Timur,,,B,6,25,1,4,29,7
2026-07-18,T2,BUS,B1795,Kota Tanah Grogot,Kalimantan Timur,,,B,7,25,1,2,27,8
2026-07-19,T2,BUS,B1795,Kota Tanah Grogot,Kalimantan Timur,,,B,8,33,0,0,33,8
2026-07-20,T2,BUS,B1795,Kota Tanah Grogot,Kalimantan Timur,,,B,6,24,1,1,25,7
2026-07-21,T2,BUS,B1795,Kota Tanah Grogot,Kalimantan Timur,,,B,8,35,2,12,47,10
2026-07-22,T2,BUS,B1795,Kota Tanah Grogot,Kalimantan Timur,,,B,6,19,1,3,22,7
2026-07-23,T2,BUS,B1795,Kota Tanah Grogot,Kalimantan Timur,,,B,7,35,3,11,46,10
2026-07-24,T2,BUS,B1795,Kota Tanah Grogot,Kalimantan Timur,,,B,7,23,1,5,28,8
2026-07-25,T2,BUS,B1795,Kota Tanah Grogot,Kalimantan Timur,,,B,7,25,2,8,33,9
2026-07-26,T2,BUS,B1795,Kota Tanah Grogot,Kalimantan Timur,,,B,5,22,0,0,22,5
2026-07-27,T2,BUS,B1795,Kota Tanah Grogot,Kalimantan Timur,,,B,7,21,1,3,24,8
2026-07-28,T2,BUS,B1795,Kota Tanah Grogot,Kalimantan Timur,,,B,6,29,1,1,30,7
2026-07-29,T2,BUS,B1795,Kota Tanah Grogot,Kalimantan Timur,,,B,4,18,1,3,21,5
2026-07-30,T2,BUS,B1795,Kota Tanah Grogot,Kalimantan Timur,,,B,7,12,1,4,16,8
2026-07-31,T2,BUS,B1795,Kota Tanah Grogot,Kalimantan Timur,,,B,3,18,1,4,22,4
2026-08-01,T2,BUS,B1795,Kota Tanah Grogot,Kalimantan Timur,,,B,4,20,1,3,23,5
2026-08-02,T2,BUS,B1795,Kota Tanah Grogot,Kalimantan Timur,,,B,5,25,1,2,27,6
2026-08-03,T2,BUS,B1795,Kota Tanah Grogot,Kalimantan Timur,,,B,10,43,1,4,47,11
2026-08-04,T2,BUS,B1795,Kota Tanah Grogot,Kalimantan Timur,,,B,7,25,0,0,25,7
2026-08-05,T2,BUS,B1795,Kota Tanah Grogot,Kalimantan Timur,,,B,8,29,1,6,35,9
2026-08-06,T2,BUS,B1795,Kota Tanah Grogot,Kalimantan Timur,,,B,8,29,0,0,29,8
2026-08-07,T2,BUS,B1795,Kota Tanah Grogot,Kalimantan Timur,,,B,6,25,1,5,30,7
2026-08-08,T2,BUS,B1795,Kota Tanah Grogot,Kalimantan Timur,,,B,4,13,1,1,14,5
2026-08-09,T2,BUS,B1795,Kota Tanah Grogot,Kalimantan Timur,,,B,6,20,1,2,22,7
2026-08-10,T2,BUS,B1795,Kota Tanah Grogot,Kalimantan Timur,,,B,7,26,1,5,31,8
2026-08-11,T2,BUS,B1795,Kota Tanah Grogot,Kalimantan Timur,,,B,3,9,2,5,14,5
2026-08-12,T2,BUS,B1795,Kota Tanah Grogot,Kalimantan Timur,,,B,6,12,1,6,18,7
2026-08-13,T2,BUS,B1795,Kota Tanah Grogot,Kalimantan Timur,,,B,8,27,2,7,34,10
2026-08-14,T2,BUS,B1795,Kota Tanah Grogot,Kalimantan Timur,,,B,5,16,0,0,16,5
2026-08-15,T2,BUS,B1795,Kota Tanah Grogot,Kalimantan Timur,,,B,5,19,1,5,24,6
2026-08-16,T2,BUS,B1795,Kota Tanah Grogot,Kalimantan Timur,,,B,8,23,0,0,23,8
2026-08-17,T2,BUS,B1795,Kota Tanah Grogot,Kalimantan Timur,,,B,7,20,0,0,20,7
2026-08-18,T2,BUS,B1795,Kota Tanah Grogot,Kalimantan Timur,,,B,7,37,0,0,37,7
2026-08-19,T2,BUS,B1795,Kota Tanah Grogot,Kalimantan Timur,,,B,10,30,2,8,38,12
2026-08-20,T2,BUS,B1795,Kota Tanah Grogot,Kalimantan Timur,,,B,5,21,2,8,29,7
2026-08-21,T2,BUS,B1795,Kota Tanah Grogot,Kalimantan Timur,,,B,6,33,1,4,37,7
2026-08-22,T2,BUS,B1795,Kota Tanah Grogot,Kalimantan Timur,,,B,7,33,0,0,33,7
2026-08-23,T2,BUS,B1795,Kota Tanah Grogot,Kalimantan Timur,,,B,7,40,0,0,40,7
2026-08-24,T2,BUS,B1795,Kota Tanah Grogot,Kalimantan Timur,,,B,5,19,0,0,19,5
2026-08-25,T2,BUS,B1795,Kota Tanah Grogot,Kalimantan Timur,,,B,7,16,1,6,22,8
2026-08-26,T2,BUS,B1795,Kota Tanah Grogot,Kalimantan Timur,,,B,9,28,1,4,32,10
2026-08-27,T2,BUS,B1795,Kota Tanah Grogot,Kalimantan Timur,,,B,8,38,1,5,43,9
2026-08-28,T2,BUS,B1795,Kota Tanah Grogot,Kalimantan Timur,,,B,7,29,0,0,29,7
2026-08-29,T2,BUS,B1795,Kota Tanah Grogot,Kalimantan Timur,,,B,4,29,0,0,29,4
2026-08-30,T2,BUS,B1795,Kota Tanah Grogot,Kalimantan Timur,,,B,7,33,1,2,35,8
2026-08-31,T2,BUS,B1795,Kota Tanah Grogot,Kalimantan Timur,,,B,6,29,1,5,34,7
2026-09-01,T3,BUS,B1795,Kota Tanah Grogot,Kalimantan Timur,,,B,6,26,1,5,31,7
2026-09-02,T3,BUS,B1795,Kota Tanah Grogot,Kalimantan Timur,,,B,6,33,1,2,35,7
2026-09-03,T3,BUS,B1795,Kota Tanah Grogot,Kalimantan Timur,,,B,7,27,2,7,34,9
2026-09-04,T3,BUS,B1795,Kota Tanah Grogot,Kalimantan Timur,,,B,4,24,1,6,30,5
2026-09-05,T3,BUS,B1795,Kota Tanah Grogot,Kalimantan Timur,,,B,4,16,1,5,21,5
2026-09-06,T3,BUS,B1795,Kota Tanah Grogot,Kalimantan Timur,,,B,8,42,0,0,42,8
2026-09-07,T3,BUS,B1795,Kota Tanah Grogot,Kalimantan Timur,,,B,6,22,2,9,31,8
2026-09-08,T3,BUS,B1795,Kota Tanah Grogot,Kalimantan Timur,,,B,5,11,1,4,15,6
2026-09-09,T3,BUS,B1795,Kota Tanah Grogot,Kalimantan Timur,,,B,5,17,1,5,22,6
2026-09-10,T3,BUS,B1795,Kota Tanah Grogot,Kalimantan Timur,,,B,7,32,1,3,35,8
2026-09-11,T3,BUS,B1795,Kota Tanah Grogot,Kalimantan Timur,,,B,8,46,0,0,46,8
2026-09-12,T3,BUS,B1795,Kota Tanah Grogot,Kalimantan Timur,,,B,6,24,0,0,24,6
2026-09-13,T3,BUS,B1795,Kota Tanah Grogot,Kalimantan Timur,,,B,6,24,1,5,29,7
2026-09-14,T3,BUS,B1795,Kota Tanah Grogot,Kalimantan Timur,,,B,8,32,2,4,36,10
2026-09-15,T3,BUS,B1795,Kota Tanah Grogot,Kalimantan Timur,,,B,5,17,2,6,23,7
2026-09-16,T3,BUS,B1795,Kota Tanah Grogot,Kalimantan Timur,,,B,6,26,1,3,29,7
2026-09-17,T3,BUS,B1795,Kota Tanah Grogot,Kalimantan Timur,,,B,6,29,0,0,29,6
2026-09-18,T3,BUS,B1795,Kota Tanah Grogot,Kalimantan Timur,,,B,7,37,0,0,37,7
2026-09-19,T3,BUS,B1795,Kota Tanah Grogot,Kalimantan Timur,,,B,6,25,1,2,27,7
2026-09-20,T3,BUS,B1795,Kota Tanah Grogot,Kalimantan Timur,,,B,4,14,2,7,21,6
2026-09-21,T3,BUS,B1795,Kota Tanah Grogot,Kalimantan Timur,,,B,7,22,1,6,28,8
2026-09-22,T3,BUS,B1795,Kota Tanah Grogot,Kalimantan Timur,,,B,4,10,2,7,17,6
2026-09-23,T3,BUS,B1795,Kota Tanah Grogot,Kalimantan Timur,,,B,6,45,1,2,47,7
2026-09-24,T3,BUS,B1795,Kota Tanah Grogot,Kalimantan Timur,,,B,4,12,1,8,20,5
2026-09-25,T3,BUS,B1795,Kota Tanah Grogot,Kalimantan Timur,,,B,9,37,0,0,37,9
2026-09-26,T3,BUS,B1795,Kota Tanah Grogot,Kalimantan Timur,,,B,8,23,1,8,31,9
2026-09-27,T3,BUS,B1795,Kota Tanah Grogot,Kalimantan Timur,,,B,7,24,0,0,24,7
2026-09-28,T3,BUS,B1795,Kota Tanah Grogot,Kalimantan Timur,,,B,3,19,0,0,19,3
2026-03-13,T1,BUS,B1311,Koto Nan Ampek,Sumatera Barat,,,B,0,0,6,46,46,6
2026-03-14,T1,BUS,B1311,Koto Nan Ampek,Sumatera Barat,,,B,0,0,6,32,32,6
2026-03-15,T1,BUS,B1311,Koto Nan Ampek,Sumatera Barat,,,B,0,0,8,34,34,8
2026-03-16,T1,BUS,B1311,Koto Nan Ampek,Sumatera Barat,,,B,2,25,4,6,31,6
2026-03-17,T1,BUS,B1311,Koto Nan Ampek,Sumatera Barat,,,B,0,0,6,16,16,6
2026-03-18,T1,BUS,B1311,Koto Nan Ampek,Sumatera Barat,,,B,1,0,5,12,12,6
2026-03-19,T1,BUS,B1311,Koto Nan Ampek,Sumatera Barat,,,B,0,0,5,9,9,5
2026-03-20,T1,BUS,B1311,Koto Nan Ampek,Sumatera Barat,,,B,0,0,2,2,2,2
2026-03-21,T1,BUS,B1311,Koto Nan Ampek,Sumatera Barat,,,B,0,0,1,1,1,1
2026-03-22,T1,BUS,B1311,Koto Nan Ampek,Sumatera Barat,,,B,0,0,4,2,2,4
2026-03-23,T1,BUS,B1311,Koto Nan Ampek,Sumatera Barat,,,B,0,0,3,4,4,3
2026-03-24,T1,BUS,B1311,Koto Nan Ampek,Sumatera Barat,,,B,0,0,12,59,59,12
2026-03-25,T1,BUS,B1311,Koto Nan Ampek,Sumatera Barat,,,B,0,0,8,44,44,8
2026-03-26,T1,BUS,B1311,Koto Nan Ampek,Sumatera Barat,,,B,0,0,7,43,43,7
2026-01-03,T1,BUS,B1312,Kutoarjo (TTB),Jawa Tengah,,,B,0,0,28,234,234,28
2026-01-26,T1,BUS,B1312,Kutoarjo (TTB),Jawa Tengah,,,B,0,0,1,8,8,1
2026-03-13,T1,BUS,B1312,Kutoarjo (TTB),Jawa Tengah,,,B,0,0,26,126,126,26
2026-03-14,T1,BUS,B1312,Kutoarjo (TTB),Jawa Tengah,,,B,0,0,22,148,148,22
2026-03-15,T1,BUS,B1312,Kutoarjo (TTB),Jawa Tengah,,,B,0,0,32,214,214,32
2026-03-16,T1,BUS,B1312,Kutoarjo (TTB),Jawa Tengah,,,B,0,0,2,12,12,2
2026-03-17,T1,BUS,B1312,Kutoarjo (TTB),Jawa Tengah,,,B,0,0,20,169,169,20
2026-01-01,T1,BUS,B1316,Lempake,Kalimantan Timur,,,B,1,25,7,137,162,8
2026-01-02,T1,BUS,B1316,Lempake,Kalimantan Timur,,,B,4,84,8,195,279,12
2026-01-04,T1,BUS,B1316,Lempake,Kalimantan Timur,,,B,0,0,1,20,20,1
2026-01-05,T1,BUS,B1316,Lempake,Kalimantan Timur,,,B,3,65,6,143,208,9
2026-01-07,T1,BUS,B1316,Lempake,Kalimantan Timur,,,B,4,85,7,101,186,11
2026-01-08,T1,BUS,B1316,Lempake,Kalimantan Timur,,,B,2,40,6,97,137,8
2026-01-09,T1,BUS,B1316,Lempake,Kalimantan Timur,,,B,2,40,6,109,149,8
2026-01-10,T1,BUS,B1316,Lempake,Kalimantan Timur,,,B,1,15,3,49,64,4
2026-01-11,T1,BUS,B1316,Lempake,Kalimantan Timur,,,B,5,95,7,123,218,12
2026-01-12,T1,BUS,B1316,Lempake,Kalimantan Timur,,,B,0,0,8,136,136,8
2026-01-13,T1,BUS,B1316,Lempake,Kalimantan Timur,,,B,1,25,6,93,118,7
2026-01-14,T1,BUS,B1316,Lempake,Kalimantan Timur,,,B,3,55,6,95,150,9
2026-01-15,T1,BUS,B1316,Lempake,Kalimantan Timur,,,B,4,70,5,75,145,9
2026-01-16,T1,BUS,B1316,Lempake,Kalimantan Timur,,,B,5,100,6,121,221,11
2026-01-17,T1,BUS,B1316,Lempake,Kalimantan Timur,,,B,3,55,7,112,167,10
2026-01-18,T1,BUS,B1316,Lempake,Kalimantan Timur,,,B,0,0,8,150,150,8
2026-01-19,T1,BUS,B1316,Lempake,Kalimantan Timur,,,B,5,88,7,115,203,12
2026-01-20,T1,BUS,B1316,Lempake,Kalimantan Timur,,,B,0,0,6,119,119,6
2026-01-21,T1,BUS,B1316,Lempake,Kalimantan Timur,,,B,2,45,7,125,170,9
2026-01-22,T1,BUS,B1316,Lempake,Kalimantan Timur,,,B,3,40,6,77,117,9
2026-01-23,T1,BUS,B1316,Lempake,Kalimantan Timur,,,B,2,50,7,96,146,9
2026-01-24,T1,BUS,B1316,Lempake,Kalimantan Timur,,,B,0,0,7,104,104,7
2026-01-25,T1,BUS,B1316,Lempake,Kalimantan Timur,,,B,5,88,7,154,242,12
2026-01-26,T1,BUS,B1316,Lempake,Kalimantan Timur,,,B,0,0,6,92,92,6
2026-01-27,T1,BUS,B1316,Lempake,Kalimantan Timur,,,B,3,47,6,88,135,9
2026-01-28,T1,BUS,B1316,Lempake,Kalimantan Timur,,,B,0,0,4,82,82,4
2026-01-29,T1,BUS,B1316,Lempake,Kalimantan Timur,,,B,4,70,7,93,163,11
2026-01-30,T1,BUS,B1316,Lempake,Kalimantan Timur,,,B,0,0,2,27,27,2
2026-01-31,T1,BUS,B1316,Lempake,Kalimantan Timur,,,B,4,78,12,183,261,16
2026-02-01,T1,BUS,B1316,Lempake,Kalimantan Timur,,,B,0,0,8,133,133,8
2026-02-02,T1,BUS,B1316,Lempake,Kalimantan Timur,,,B,4,64,5,96,160,9
2026-02-04,T1,BUS,B1316,Lempake,Kalimantan Timur,,,B,4,75,5,80,155,9
2026-02-05,T1,BUS,B1316,Lempake,Kalimantan Timur,,,B,0,0,4,63,63,4
2026-02-06,T1,BUS,B1316,Lempake,Kalimantan Timur,,,B,4,72,7,110,182,11
2026-02-07,T1,BUS,B1316,Lempake,Kalimantan Timur,,,B,0,0,6,93,93,6
2026-02-08,T1,BUS,B1316,Lempake,Kalimantan Timur,,,B,3,80,7,124,204,10
2026-02-09,T1,BUS,B1316,Lempake,Kalimantan Timur,,,B,0,0,7,113,113,7
2026-02-10,T1,BUS,B1316,Lempake,Kalimantan Timur,,,B,3,50,7,106,156,10
2026-02-11,T1,BUS,B1316,Lempake,Kalimantan Timur,,,B,0,0,6,109,109,6
2026-02-12,T1,BUS,B1316,Lempake,Kalimantan Timur,,,B,0,0,7,91,91,7
2026-02-13,T1,BUS,B1316,Lempake,Kalimantan Timur,,,B,0,0,8,186,186,8
2026-02-14,T1,BUS,B1316,Lempake,Kalimantan Timur,,,B,5,110,10,255,365,15
2026-02-15,T1,BUS,B1316,Lempake,Kalimantan Timur,,,B,0,0,10,219,219,10
2026-02-16,T1,BUS,B1316,Lempake,Kalimantan Timur,,,B,2,35,7,143,178,9
2026-02-17,T1,BUS,B1316,Lempake,Kalimantan Timur,,,B,0,0,8,168,168,8
2026-02-18,T1,BUS,B1316,Lempake,Kalimantan Timur,,,B,4,83,7,113,196,11
2026-02-19,T1,BUS,B1316,Lempake,Kalimantan Timur,,,B,0,0,5,71,71,5
2026-02-20,T1,BUS,B1316,Lempake,Kalimantan Timur,,,B,4,52,7,72,124,11
2026-02-21,T1,BUS,B1316,Lempake,Kalimantan Timur,,,B,0,0,4,56,56,4
2026-02-22,T1,BUS,B1316,Lempake,Kalimantan Timur,,,B,0,0,7,118,118,7
2026-02-23,T1,BUS,B1316,Lempake,Kalimantan Timur,,,B,0,0,5,58,58,5
2026-02-24,T1,BUS,B1316,Lempake,Kalimantan Timur,,,B,0,0,6,42,42,6
2026-02-25,T1,BUS,B1316,Lempake,Kalimantan Timur,,,B,0,0,5,55,55,5
2026-02-26,T1,BUS,B1316,Lempake,Kalimantan Timur,,,B,1,15,5,52,67,6
2026-02-28,T1,BUS,B1316,Lempake,Kalimantan Timur,,,B,0,0,10,129,129,10
2026-03-02,T1,BUS,B1316,Lempake,Kalimantan Timur,,,B,0,0,5,71,71,5
2026-03-04,T1,BUS,B1316,Lempake,Kalimantan Timur,,,B,2,45,7,84,129,9
2026-03-06,T1,BUS,B1316,Lempake,Kalimantan Timur,,,B,0,0,8,108,108,8
2026-03-08,T1,BUS,B1316,Lempake,Kalimantan Timur,,,B,0,0,9,162,162,9
2026-03-10,T1,BUS,B1316,Lempake,Kalimantan Timur,,,B,0,0,8,138,138,8
2026-03-12,T1,BUS,B1316,Lempake,Kalimantan Timur,,,B,4,55,7,97,152,11
2026-03-13,T1,BUS,B1316,Lempake,Kalimantan Timur,,,B,7,101,8,171,272,15
2026-03-14,T1,BUS,B1316,Lempake,Kalimantan Timur,,,B,7,169,10,257,426,17
2026-03-15,T1,BUS,B1316,Lempake,Kalimantan Timur,,,B,4,75,6,129,204,10
2026-03-16,T1,BUS,B1316,Lempake,Kalimantan Timur,,,B,8,153,8,177,330,16
2026-03-17,T1,BUS,B1316,Lempake,Kalimantan Timur,,,B,4,44,7,114,158,11
2026-03-18,T1,BUS,B1316,Lempake,Kalimantan Timur,,,B,10,211,11,221,432,21
2026-03-19,T1,BUS,B1316,Lempake,Kalimantan Timur,,,B,0,0,7,199,199,7
2026-03-20,T1,BUS,B1316,Lempake,Kalimantan Timur,,,B,4,70,5,88,158,9
2026-03-22,T1,BUS,B1316,Lempake,Kalimantan Timur,,,B,5,130,10,229,359,15
2026-03-24,T1,BUS,B1316,Lempake,Kalimantan Timur,,,B,5,120,15,345,465,20
2026-03-25,T1,BUS,B1316,Lempake,Kalimantan Timur,,,B,0,0,8,200,200,8
2026-03-26,T1,BUS,B1316,Lempake,Kalimantan Timur,,,B,10,190,12,240,430,22
2026-03-27,T1,BUS,B1316,Lempake,Kalimantan Timur,,,B,7,142,8,143,285,15
2026-03-28,T1,BUS,B1316,Lempake,Kalimantan Timur,,,B,11,252,15,278,530,26
2026-03-30,T1,BUS,B1316,Lempake,Kalimantan Timur,,,B,7,155,9,163,318,16
2026-04-01,T1,BUS,B1316,Lempake,Kalimantan Timur,,,B,2,45,14,218,263,16
2026-04-02,T1,BUS,B1316,Lempake,Kalimantan Timur,,,B,0,0,8,181,181,8
2026-04-03,T1,BUS,B1316,Lempake,Kalimantan Timur,,,B,7,115,8,190,305,15
2026-04-04,T1,BUS,B1316,Lempake,Kalimantan Timur,,,B,0,0,7,121,121,7
2026-04-05,T1,BUS,B1316,Lempake,Kalimantan Timur,,,B,6,130,9,201,331,15
2026-04-06,T1,BUS,B1316,Lempake,Kalimantan Timur,,,B,0,0,7,117,117,7
2026-04-07,T1,BUS,B1316,Lempake,Kalimantan Timur,,,B,4,59,8,107,166,12
2026-04-08,T1,BUS,B1316,Lempake,Kalimantan Timur,,,B,0,0,4,58,58,4
2026-04-09,T1,BUS,B1316,Lempake,Kalimantan Timur,,,B,0,0,6,104,104,6
2026-04-11,T1,BUS,B1316,Lempake,Kalimantan Timur,,,B,5,86,8,109,195,13
2026-04-13,T1,BUS,B1316,Lempake,Kalimantan Timur,,,B,4,75,7,142,217,11
2026-04-15,T1,BUS,B1316,Lempake,Kalimantan Timur,,,B,5,75,7,88,163,12
2026-04-17,T1,BUS,B1316,Lempake,Kalimantan Timur,,,B,3,65,8,127,192,11
2026-04-19,T1,BUS,B1316,Lempake,Kalimantan Timur,,,B,0,0,5,119,119,5
2026-04-21,T1,BUS,B1316,Lempake,Kalimantan Timur,,,B,3,55,7,108,163,10
2026-04-22,T1,BUS,B1316,Lempake,Kalimantan Timur,,,B,0,0,1,12,12,1
2026-04-25,T1,BUS,B1316,Lempake,Kalimantan Timur,,,B,6,115,8,121,236,14
2026-04-27,T1,BUS,B1316,Lempake,Kalimantan Timur,,,B,4,70,6,103,173,10
2026-04-29,T1,BUS,B1316,Lempake,Kalimantan Timur,,,B,3,65,8,166,231,11
2026-05-01,T2,BUS,B1316,Lempake,Kalimantan Timur,,,B,5,109,14,306,415,19
2026-05-02,T2,BUS,B1316,Lempake,Kalimantan Timur,,,B,0,0,6,102,102,6
2026-05-03,T2,BUS,B1316,Lempake,Kalimantan Timur,,,B,0,0,4,73,73,4
2026-05-04,T2,BUS,B1316,Lempake,Kalimantan Timur,,,B,0,0,6,109,109,6
2026-05-06,T2,BUS,B1316,Lempake,Kalimantan Timur,,,B,0,0,7,139,139,7
2026-05-07,T2,BUS,B1316,Lempake,Kalimantan Timur,,,B,4,75,7,101,176,11
2026-05-08,T2,BUS,B1316,Lempake,Kalimantan Timur,,,B,0,0,7,121,121,7
2026-05-09,T2,BUS,B1316,Lempake,Kalimantan Timur,,,B,5,104,7,133,237,12
2026-05-10,T2,BUS,B1316,Lempake,Kalimantan Timur,,,B,0,0,6,121,121,6
2026-05-11,T2,BUS,B1316,Lempake,Kalimantan Timur,,,B,3,60,5,117,177,8
2026-05-13,T2,BUS,B1316,Lempake,Kalimantan Timur,,,B,6,106,8,172,278,14
2026-05-14,T2,BUS,B1316,Lempake,Kalimantan Timur,,,B,0,0,10,251,251,10
2026-05-15,T2,BUS,B1316,Lempake,Kalimantan Timur,,,B,2,45,6,116,161,8
2026-05-16,T2,BUS,B1316,Lempake,Kalimantan Timur,,,B,0,0,6,145,145,6
2026-05-17,T2,BUS,B1316,Lempake,Kalimantan Timur,,,B,4,99,11,258,357,15
2026-05-18,T2,BUS,B1316,Lempake,Kalimantan Timur,,,B,0,0,7,109,109,7
2026-05-19,T2,BUS,B1316,Lempake,Kalimantan Timur,,,B,3,65,6,89,154,9
2026-05-20,T2,BUS,B1316,Lempake,Kalimantan Timur,,,B,0,0,6,109,109,6
2026-05-21,T2,BUS,B1316,Lempake,Kalimantan Timur,,,B,4,65,8,93,158,12
2026-05-22,T2,BUS,B1316,Lempake,Kalimantan Timur,,,B,0,0,5,101,101,5
2026-05-23,T2,BUS,B1316,Lempake,Kalimantan Timur,,,B,1,20,8,164,184,9
2026-05-24,T2,BUS,B1316,Lempake,Kalimantan Timur,,,B,0,0,9,216,216,9
2026-05-25,T2,BUS,B1316,Lempake,Kalimantan Timur,,,B,6,95,8,179,274,14
2026-05-26,T2,BUS,B1316,Lempake,Kalimantan Timur,,,B,0,0,4,110,110,4
2026-05-27,T2,BUS,B1316,Lempake,Kalimantan Timur,,,B,0,0,3,65,65,3
2026-05-29,T2,BUS,B1316,Lempake,Kalimantan Timur,,,B,4,79,2,32,111,6
2026-05-30,T2,BUS,B1316,Lempake,Kalimantan Timur,,,B,0,0,12,257,257,12
2026-05-31,T2,BUS,B1316,Lempake,Kalimantan Timur,,,B,6,120,11,198,318,17
2026-06-02,T2,BUS,B1316,Lempake,Kalimantan Timur,,,B,4,72,7,111,183,11
2026-06-04,T2,BUS,B1316,Lempake,Kalimantan Timur,,,B,5,93,8,143,236,13
2026-06-06,T2,BUS,B1316,Lempake,Kalimantan Timur,,,B,7,132,8,149,281,15
2026-06-08,T2,BUS,B1316,Lempake,Kalimantan Timur,,,B,2,40,7,123,163,9
2026-06-10,T2,BUS,B1316,Lempake,Kalimantan Timur,,,B,3,48,8,158,206,11
2026-06-12,T2,BUS,B1316,Lempake,Kalimantan Timur,,,B,4,87,9,186,273,13
2026-06-14,T2,BUS,B1316,Lempake,Kalimantan Timur,,,B,5,92,10,230,322,15
2026-06-16,T2,BUS,B1316,Lempake,Kalimantan Timur,,,B,7,141,8,165,306,15
2026-06-18,T2,BUS,B1316,Lempake,Kalimantan Timur,,,B,4,76,9,154,230,13
2026-06-20,T2,BUS,B1316,Lempake,Kalimantan Timur,,,B,4,64,7,171,235,11
2026-06-22,T2,BUS,B1316,Lempake,Kalimantan Timur,,,B,6,125,8,198,323,14
2026-06-24,T2,BUS,B1316,Lempake,Kalimantan Timur,,,B,6,115,7,141,256,13
2026-06-26,T2,BUS,B1316,Lempake,Kalimantan Timur,,,B,4,90,6,151,241,10
2026-06-28,T2,BUS,B1316,Lempake,Kalimantan Timur,,,B,6,137,10,274,411,16
2026-06-30,T2,BUS,B1316,Lempake,Kalimantan Timur,,,B,7,130,2,34,164,9
2026-07-02,T2,BUS,B1316,Lempake,Kalimantan Timur,,,B,3,70,9,171,241,12
2026-07-04,T2,BUS,B1316,Lempake,Kalimantan Timur,,,B,6,107,8,179,286,14
2026-07-06,T2,BUS,B1316,Lempake,Kalimantan Timur,,,B,6,121,8,195,316,14
2026-07-08,T2,BUS,B1316,Lempake,Kalimantan Timur,,,B,6,133,8,173,306,14
2026-07-10,T2,BUS,B1316,Lempake,Kalimantan Timur,,,B,3,80,11,195,275,14
2026-07-12,T2,BUS,B1316,Lempake,Kalimantan Timur,,,B,7,150,12,295,445,19
2026-07-14,T2,BUS,B1316,Lempake,Kalimantan Timur,,,B,5,81,8,146,227,13
2026-07-16,T2,BUS,B1316,Lempake,Kalimantan Timur,,,B,4,69,7,108,177,11
2026-07-18,T2,BUS,B1316,Lempake,Kalimantan Timur,,,B,4,80,9,107,187,13
2026-07-20,T2,BUS,B1316,Lempake,Kalimantan Timur,,,B,6,64,7,97,161,13
2026-07-22,T2,BUS,B1316,Lempake,Kalimantan Timur,,,B,3,50,8,96,146,11
2026-07-24,T2,BUS,B1316,Lempake,Kalimantan Timur,,,B,4,70,8,163,233,12
2026-07-26,T2,BUS,B1316,Lempake,Kalimantan Timur,,,B,7,109,8,148,257,15
2026-07-28,T2,BUS,B1316,Lempake,Kalimantan Timur,,,B,4,70,6,87,157,10
2026-07-30,T2,BUS,B1316,Lempake,Kalimantan Timur,,,B,0,0,7,115,115,7
2026-08-01,T2,BUS,B1316,Lempake,Kalimantan Timur,,,B,7,117,12,187,304,19
2026-08-02,T2,BUS,B1316,Lempake,Kalimantan Timur,,,B,0,0,8,156,156,8
2026-08-03,T2,BUS,B1316,Lempake,Kalimantan Timur,,,B,5,81,7,122,203,12
2026-08-04,T2,BUS,B1316,Lempake,Kalimantan Timur,,,B,0,0,7,102,102,7
2026-08-05,T2,BUS,B1316,Lempake,Kalimantan Timur,,,B,5,87,9,121,208,14
2026-08-06,T2,BUS,B1316,Lempake,Kalimantan Timur,,,B,0,0,8,130,130,8
2026-08-07,T2,BUS,B1316,Lempake,Kalimantan Timur,,,B,7,104,8,137,241,15
2026-08-08,T2,BUS,B1316,Lempake,Kalimantan Timur,,,B,0,0,7,102,102,7
2026-08-09,T2,BUS,B1316,Lempake,Kalimantan Timur,,,B,6,97,8,175,272,14
2026-08-10,T2,BUS,B1316,Lempake,Kalimantan Timur,,,B,0,0,9,149,149,9
2026-08-11,T2,BUS,B1316,Lempake,Kalimantan Timur,,,B,4,65,6,101,166,10
2026-08-12,T2,BUS,B1316,Lempake,Kalimantan Timur,,,B,0,0,6,95,95,6
2026-08-13,T2,BUS,B1316,Lempake,Kalimantan Timur,,,B,2,30,6,106,136,8
2026-08-14,T2,BUS,B1316,Lempake,Kalimantan Timur,,,B,0,0,2,42,42,2
2026-08-15,T2,BUS,B1316,Lempake,Kalimantan Timur,,,B,7,106,8,192,298,15
2026-08-17,T2,BUS,B1316,Lempake,Kalimantan Timur,,,B,0,0,9,187,187,9
2026-08-19,T2,BUS,B1316,Lempake,Kalimantan Timur,,,B,0,0,7,115,115,7
2026-08-21,T2,BUS,B1316,Lempake,Kalimantan Timur,,,B,0,0,8,152,152,8
2026-08-23,T2,BUS,B1316,Lempake,Kalimantan Timur,,,B,4,70,8,160,230,12
2026-08-25,T2,BUS,B1316,Lempake,Kalimantan Timur,,,B,4,68,6,112,180,10
2026-08-26,T2,BUS,B1316,Lempake,Kalimantan Timur,,,B,0,0,6,105,105,6
2026-08-27,T2,BUS,B1316,Lempake,Kalimantan Timur,,,B,4,65,8,119,184,12
2026-08-28,T2,BUS,B1316,Lempake,Kalimantan Timur,,,B,0,0,1,20,20,1
2026-08-29,T2,BUS,B1316,Lempake,Kalimantan Timur,,,B,5,89,7,108,197,12
2026-08-31,T2,BUS,B1316,Lempake,Kalimantan Timur,,,B,5,66,2,34,100,7
2026-01-06,T1,BUS,B1035,Limboto,Gorontalo,,,B,0,0,2,15,15,2
2026-01-21,T1,BUS,B1035,Limboto,Gorontalo,,,B,1,6,3,17,23,4
2026-01-26,T1,BUS,B1035,Limboto,Gorontalo,,,B,0,0,1,4,4,1
2026-01-28,T1,BUS,B1035,Limboto,Gorontalo,,,B,1,3,0,0,3,1
2026-03-08,T1,BUS,B1035,Limboto,Gorontalo,,,B,0,0,1,7,7,1
2026-03-09,T1,BUS,B1035,Limboto,Gorontalo,,,B,0,0,1,5,5,1
2026-03-10,T1,BUS,B1035,Limboto,Gorontalo,,,B,0,0,1,8,8,1
2026-03-11,T1,BUS,B1035,Limboto,Gorontalo,,,B,0,0,1,7,7,1
2026-03-12,T1,BUS,B1035,Limboto,Gorontalo,,,B,0,0,1,3,3,1
2026-03-13,T1,BUS,B1035,Limboto,Gorontalo,,,B,0,0,2,13,13,2
2026-03-14,T1,BUS,B1035,Limboto,Gorontalo,,,B,2,10,2,17,27,4
2026-03-15,T1,BUS,B1035,Limboto,Gorontalo,,,B,1,9,1,3,12,2
2026-09-29,T3,BUS,B1035,Limboto,Gorontalo,,,B,4,7,4,4,11,8
2026-01-01,T1,BUS,B1321,Madureso,Jawa Tengah,,,B,26,351,22,316,667,48
2026-01-02,T1,BUS,B1321,Madureso,Jawa Tengah,,,B,38,480,36,547,1027,74
2026-02-23,T1,BUS,B1321,Madureso,Jawa Tengah,,,B,0,0,1,17,17,1
2026-03-13,T1,BUS,B1321,Madureso,Jawa Tengah,,,B,19,127,0,0,127,19
2026-03-14,T1,BUS,B1321,Madureso,Jawa Tengah,,,B,20,122,30,189,311,50
2026-03-16,T1,BUS,B1321,Madureso,Jawa Tengah,,,B,19,51,20,70,121,39
2026-03-17,T1,BUS,B1321,Madureso,Jawa Tengah,,,B,10,53,13,69,122,23
2026-03-18,T1,BUS,B1321,Madureso,Jawa Tengah,,,B,20,65,20,92,157,40
2026-03-21,T1,BUS,B1321,Madureso,Jawa Tengah,,,B,6,22,6,22,44,12
2026-03-22,T1,BUS,B1321,Madureso,Jawa Tengah,,,B,16,97,16,138,235,32
2026-03-23,T1,BUS,B1321,Madureso,Jawa Tengah,,,B,20,205,20,220,425,40
2026-03-28,T1,BUS,B1321,Madureso,Jawa Tengah,,,B,20,178,20,221,399,40
2026-03-29,T1,BUS,B1321,Madureso,Jawa Tengah,,,B,21,192,20,234,426,41
2026-04-29,T1,BUS,B465,Malang,Jawa Timur,,,C,0,0,1,22,22,1
2026-01-01,T1,BUS,B1323,Ngadirajo,Jawa Timur,,,B,1,3,1,1,4,2
2026-01-02,T1,BUS,B1323,Ngadirajo,Jawa Timur,,,B,1,2,1,1,3,2
2026-01-03,T1,BUS,B1323,Ngadirajo,Jawa Timur,,,B,1,1,1,0,1,2
2026-01-04,T1,BUS,B1323,Ngadirajo,Jawa Timur,,,B,1,3,1,2,5,2
2026-01-05,T1,BUS,B1323,Ngadirajo,Jawa Timur,,,B,2,5,2,3,8,4
2026-01-06,T1,BUS,B1323,Ngadirajo,Jawa Timur,,,B,1,0,1,2,2,2
2026-01-07,T1,BUS,B1323,Ngadirajo,Jawa Timur,,,B,1,2,1,1,3,2
2026-01-08,T1,BUS,B1323,Ngadirajo,Jawa Timur,,,B,1,1,1,2,3,2
2026-01-09,T1,BUS,B1323,Ngadirajo,Jawa Timur,,,B,1,1,1,1,2,2
2026-01-10,T1,BUS,B1323,Ngadirajo,Jawa Timur,,,B,2,8,2,5,13,4
2026-01-11,T1,BUS,B1323,Ngadirajo,Jawa Timur,,,B,1,5,1,0,5,2
2026-01-12,T1,BUS,B1323,Ngadirajo,Jawa Timur,,,B,1,1,1,1,2,2
2026-01-13,T1,BUS,B1323,Ngadirajo,Jawa Timur,,,B,1,4,1,0,4,2
2026-01-14,T1,BUS,B1323,Ngadirajo,Jawa Timur,,,B,1,2,1,0,2,2
2026-01-15,T1,BUS,B1323,Ngadirajo,Jawa Timur,,,B,5,17,5,10,27,10
2026-01-16,T1,BUS,B1323,Ngadirajo,Jawa Timur,,,B,3,19,3,14,33,6
2026-01-17,T1,BUS,B1323,Ngadirajo,Jawa Timur,,,B,3,14,3,16,30,6
2026-01-18,T1,BUS,B1323,Ngadirajo,Jawa Timur,,,B,3,11,3,14,25,6
2026-01-20,T1,BUS,B1323,Ngadirajo,Jawa Timur,,,B,2,11,2,11,22,4
2026-01-21,T1,BUS,B1323,Ngadirajo,Jawa Timur,,,B,3,14,3,15,29,6
2026-01-22,T1,BUS,B1323,Ngadirajo,Jawa Timur,,,B,3,12,3,12,24,6
2026-01-23,T1,BUS,B1323,Ngadirajo,Jawa Timur,,,B,3,14,3,16,30,6
2026-01-24,T1,BUS,B1323,Ngadirajo,Jawa Timur,,,B,3,19,3,14,33,6
2026-01-25,T1,BUS,B1323,Ngadirajo,Jawa Timur,,,B,4,19,4,18,37,8
2026-01-26,T1,BUS,B1323,Ngadirajo,Jawa Timur,,,B,3,17,3,19,36,6
2026-01-27,T1,BUS,B1323,Ngadirajo,Jawa Timur,,,B,3,12,3,15,27,6
2026-01-28,T1,BUS,B1323,Ngadirajo,Jawa Timur,,,B,3,18,3,15,33,6
2026-01-29,T1,BUS,B1323,Ngadirajo,Jawa Timur,,,B,3,12,3,10,22,6
2026-01-30,T1,BUS,B1323,Ngadirajo,Jawa Timur,,,B,4,19,4,18,37,8
2026-02-01,T1,BUS,B1323,Ngadirajo,Jawa Timur,,,B,3,16,3,13,29,6
2026-02-02,T1,BUS,B1323,Ngadirajo,Jawa Timur,,,B,3,16,3,14,30,6
2026-02-03,T1,BUS,B1323,Ngadirajo,Jawa Timur,,,B,1,9,1,7,16,2
2026-02-05,T1,BUS,B1323,Ngadirajo,Jawa Timur,,,B,3,15,3,17,32,6
2026-02-06,T1,BUS,B1323,Ngadirajo,Jawa Timur,,,B,3,15,3,16,31,6
2026-02-07,T1,BUS,B1323,Ngadirajo,Jawa Timur,,,B,3,19,3,18,37,6
2026-02-09,T1,BUS,B1323,Ngadirajo,Jawa Timur,,,B,1,7,1,5,12,2
2026-02-10,T1,BUS,B1323,Ngadirajo,Jawa Timur,,,B,3,15,3,18,33,6
2026-02-11,T1,BUS,B1323,Ngadirajo,Jawa Timur,,,B,2,11,2,13,24,4
2026-02-12,T1,BUS,B1323,Ngadirajo,Jawa Timur,,,B,3,16,3,15,31,6
2026-02-13,T1,BUS,B1323,Ngadirajo,Jawa Timur,,,B,3,15,3,16,31,6
2026-02-14,T1,BUS,B1323,Ngadirajo,Jawa Timur,,,B,4,23,4,21,44,8
2026-02-15,T1,BUS,B1323,Ngadirajo,Jawa Timur,,,B,3,19,3,20,39,6
2026-02-16,T1,BUS,B1323,Ngadirajo,Jawa Timur,,,B,2,13,2,8,21,4
2026-02-17,T1,BUS,B1323,Ngadirajo,Jawa Timur,,,B,3,18,3,14,32,6
2026-02-18,T1,BUS,B1323,Ngadirajo,Jawa Timur,,,B,3,17,3,15,32,6
2026-02-19,T1,BUS,B1323,Ngadirajo,Jawa Timur,,,B,3,17,1,6,23,4
2026-02-20,T1,BUS,B1323,Ngadirajo,Jawa Timur,,,B,3,11,3,11,22,6
2026-02-21,T1,BUS,B1323,Ngadirajo,Jawa Timur,,,B,3,16,3,15,31,6
2026-02-22,T1,BUS,B1323,Ngadirajo,Jawa Timur,,,B,3,16,3,14,30,6
2026-02-23,T1,BUS,B1323,Ngadirajo,Jawa Timur,,,B,1,11,0,0,11,1
2026-02-25,T1,BUS,B1323,Ngadirajo,Jawa Timur,,,B,2,11,3,16,27,5
2026-02-26,T1,BUS,B1323,Ngadirajo,Jawa Timur,,,B,3,18,3,15,33,6
2026-02-27,T1,BUS,B1323,Ngadirajo,Jawa Timur,,,B,2,7,2,7,14,4
2026-02-28,T1,BUS,B1323,Ngadirajo,Jawa Timur,,,B,1,6,1,8,14,2
2026-03-01,T1,BUS,B1323,Ngadirajo,Jawa Timur,,,B,4,24,4,21,45,8
2026-03-02,T1,BUS,B1323,Ngadirajo,Jawa Timur,,,B,3,14,3,13,27,6
2026-03-03,T1,BUS,B1323,Ngadirajo,Jawa Timur,,,B,3,11,3,12,23,6
2026-03-04,T1,BUS,B1323,Ngadirajo,Jawa Timur,,,B,2,13,2,15,28,4
2026-03-05,T1,BUS,B1323,Ngadirajo,Jawa Timur,,,B,3,17,3,16,33,6
2026-03-06,T1,BUS,B1323,Ngadirajo,Jawa Timur,,,B,3,18,3,17,35,6
2026-03-07,T1,BUS,B1323,Ngadirajo,Jawa Timur,,,B,3,14,3,15,29,6
2026-03-09,T1,BUS,B1323,Ngadirajo,Jawa Timur,,,B,3,15,3,14,29,6
2026-03-10,T1,BUS,B1323,Ngadirajo,Jawa Timur,,,B,3,14,3,12,26,6
2026-03-11,T1,BUS,B1323,Ngadirajo,Jawa Timur,,,B,1,3,0,0,3,1
2026-03-12,T1,BUS,B1323,Ngadirajo,Jawa Timur,,,B,1,5,1,5,10,2
2026-03-13,T1,BUS,B1323,Ngadirajo,Jawa Timur,,,B,3,80,3,17,97,6
2026-03-14,T1,BUS,B1323,Ngadirajo,Jawa Timur,,,B,3,20,3,18,38,6
2026-03-15,T1,BUS,B1323,Ngadirajo,Jawa Timur,,,B,3,21,3,16,37,6
2026-03-16,T1,BUS,B1323,Ngadirajo,Jawa Timur,,,B,4,31,4,26,57,8
2026-03-17,T1,BUS,B1323,Ngadirajo,Jawa Timur,,,B,3,25,3,20,45,6
2026-03-18,T1,BUS,B1323,Ngadirajo,Jawa Timur,,,B,3,20,3,18,38,6
2026-03-19,T1,BUS,B1323,Ngadirajo,Jawa Timur,,,B,4,27,4,20,47,8
2026-03-20,T1,BUS,B1323,Ngadirajo,Jawa Timur,,,B,3,17,3,12,29,6
2026-03-21,T1,BUS,B1323,Ngadirajo,Jawa Timur,,,B,2,11,2,4,15,4
2026-03-22,T1,BUS,B1323,Ngadirajo,Jawa Timur,,,B,3,16,3,19,35,6
2026-03-23,T1,BUS,B1323,Ngadirajo,Jawa Timur,,,B,3,18,3,19,37,6
2026-03-24,T1,BUS,B1323,Ngadirajo,Jawa Timur,,,B,3,15,3,14,29,6
2026-03-25,T1,BUS,B1323,Ngadirajo,Jawa Timur,,,B,3,20,2,9,29,5
2026-03-26,T1,BUS,B1323,Ngadirajo,Jawa Timur,,,B,4,16,4,21,37,8
2026-03-27,T1,BUS,B1323,Ngadirajo,Jawa Timur,,,B,3,9,3,10,19,6
2026-03-28,T1,BUS,B1323,Ngadirajo,Jawa Timur,,,B,3,12,3,17,29,6
2026-03-29,T1,BUS,B1323,Ngadirajo,Jawa Timur,,,B,3,16,3,17,33,6
2026-03-30,T1,BUS,B1323,Ngadirajo,Jawa Timur,,,B,3,9,3,9,18,6
2026-03-31,T1,BUS,B1323,Ngadirajo,Jawa Timur,,,B,4,25,4,24,49,8
2026-04-01,T1,BUS,B1323,Ngadirajo,Jawa Timur,,,B,2,2,2,2,4,4
2026-04-02,T1,BUS,B1323,Ngadirajo,Jawa Timur,,,B,3,13,3,15,28,6
2026-04-03,T1,BUS,B1323,Ngadirajo,Jawa Timur,,,B,3,14,3,17,31,6
2026-04-04,T1,BUS,B1323,Ngadirajo,Jawa Timur,,,B,3,16,3,14,30,6
2026-04-05,T1,BUS,B1323,Ngadirajo,Jawa Timur,,,B,5,21,5,19,40,10
2026-04-06,T1,BUS,B1323,Ngadirajo,Jawa Timur,,,B,3,17,3,12,29,6
2026-04-07,T1,BUS,B1323,Ngadirajo,Jawa Timur,,,B,3,12,3,9,21,6
2026-04-08,T1,BUS,B1323,Ngadirajo,Jawa Timur,,,B,3,15,3,12,27,6
2026-04-09,T1,BUS,B1323,Ngadirajo,Jawa Timur,,,B,2,11,2,9,20,4
2026-04-10,T1,BUS,B1323,Ngadirajo,Jawa Timur,,,B,5,19,5,16,35,10
2026-04-11,T1,BUS,B1323,Ngadirajo,Jawa Timur,,,B,3,18,3,14,32,6
2026-04-12,T1,BUS,B1323,Ngadirajo,Jawa Timur,,,B,3,15,3,15,30,6
2026-04-13,T1,BUS,B1323,Ngadirajo,Jawa Timur,,,B,2,10,2,7,17,4
2026-04-14,T1,BUS,B1323,Ngadirajo,Jawa Timur,,,B,3,14,3,13,27,6
2026-04-15,T1,BUS,B1323,Ngadirajo,Jawa Timur,,,B,3,17,3,16,33,6
2026-04-16,T1,BUS,B1323,Ngadirajo,Jawa Timur,,,B,3,21,3,19,40,6
2026-04-17,T1,BUS,B1323,Ngadirajo,Jawa Timur,,,B,3,16,3,21,37,6
2026-04-18,T1,BUS,B1323,Ngadirajo,Jawa Timur,,,B,3,22,3,18,40,6
2026-04-19,T1,BUS,B1323,Ngadirajo,Jawa Timur,,,B,3,18,2,9,27,5
2026-04-20,T1,BUS,B1323,Ngadirajo,Jawa Timur,,,B,3,13,3,17,30,6
2026-04-21,T1,BUS,B1323,Ngadirajo,Jawa Timur,,,B,3,13,3,12,25,6
2026-04-22,T1,BUS,B1323,Ngadirajo,Jawa Timur,,,B,3,19,3,17,36,6
2026-04-23,T1,BUS,B1323,Ngadirajo,Jawa Timur,,,B,3,21,3,19,40,6
2026-04-24,T1,BUS,B1323,Ngadirajo,Jawa Timur,,,B,3,17,3,13,30,6
2026-04-25,T1,BUS,B1323,Ngadirajo,Jawa Timur,,,B,4,19,4,18,37,8
2026-04-26,T1,BUS,B1323,Ngadirajo,Jawa Timur,,,B,3,19,3,18,37,6
2026-04-27,T1,BUS,B1323,Ngadirajo,Jawa Timur,,,B,3,12,3,13,25,6
2026-04-28,T1,BUS,B1323,Ngadirajo,Jawa Timur,,,B,3,12,3,13,25,6
2026-05-03,T2,BUS,B1323,Ngadirajo,Jawa Timur,,,B,2,14,1,7,21,3
2026-05-04,T2,BUS,B1323,Ngadirajo,Jawa Timur,,,B,3,17,3,14,31,6
2026-05-05,T2,BUS,B1323,Ngadirajo,Jawa Timur,,,B,2,10,1,5,15,3
2026-05-06,T2,BUS,B1323,Ngadirajo,Jawa Timur,,,B,3,14,3,15,29,6
2026-05-07,T2,BUS,B1323,Ngadirajo,Jawa Timur,,,B,3,11,3,12,23,6
2026-05-08,T2,BUS,B1323,Ngadirajo,Jawa Timur,,,B,3,15,3,14,29,6
2026-05-09,T2,BUS,B1323,Ngadirajo,Jawa Timur,,,B,3,17,3,16,33,6
2026-05-11,T2,BUS,B1323,Ngadirajo,Jawa Timur,,,B,3,13,3,16,29,6
2026-05-12,T2,BUS,B1323,Ngadirajo,Jawa Timur,,,B,3,11,3,11,22,6
2026-05-13,T2,BUS,B1323,Ngadirajo,Jawa Timur,,,B,3,13,3,15,28,6
2026-05-14,T2,BUS,B1323,Ngadirajo,Jawa Timur,,,B,3,18,3,15,33,6
2026-05-15,T2,BUS,B1323,Ngadirajo,Jawa Timur,,,B,4,23,4,18,41,8
2026-05-16,T2,BUS,B1323,Ngadirajo,Jawa Timur,,,B,3,18,3,18,36,6
2026-05-17,T2,BUS,B1323,Ngadirajo,Jawa Timur,,,B,3,18,3,18,36,6
2026-05-18,T2,BUS,B1323,Ngadirajo,Jawa Timur,,,B,3,14,3,12,26,6
2026-05-19,T2,BUS,B1323,Ngadirajo,Jawa Timur,,,B,3,11,3,14,25,6
2026-05-28,T2,BUS,B1323,Ngadirajo,Jawa Timur,,,B,3,17,3,15,32,6
2026-05-29,T2,BUS,B1323,Ngadirajo,Jawa Timur,,,B,3,11,3,13,24,6
2026-06-02,T2,BUS,B1323,Ngadirajo,Jawa Timur,,,B,3,15,3,14,29,6
2026-06-03,T2,BUS,B1323,Ngadirajo,Jawa Timur,,,B,3,20,3,16,36,6
2026-06-04,T2,BUS,B1323,Ngadirajo,Jawa Timur,,,B,4,22,4,23,45,8
2026-06-05,T2,BUS,B1323,Ngadirajo,Jawa Timur,,,B,3,19,3,18,37,6
2026-06-06,T2,BUS,B1323,Ngadirajo,Jawa Timur,,,B,3,16,3,15,31,6
2026-06-07,T2,BUS,B1323,Ngadirajo,Jawa Timur,,,B,3,10,3,11,21,6
2026-06-08,T2,BUS,B1323,Ngadirajo,Jawa Timur,,,B,3,20,3,19,39,6
2026-06-12,T2,BUS,B1323,Ngadirajo,Jawa Timur,,,B,3,13,3,12,25,6
2026-06-13,T2,BUS,B1323,Ngadirajo,Jawa Timur,,,B,3,15,3,16,31,6
2026-06-14,T2,BUS,B1323,Ngadirajo,Jawa Timur,,,B,4,19,4,14,33,8
2026-06-15,T2,BUS,B1323,Ngadirajo,Jawa Timur,,,B,3,17,3,13,30,6
2026-06-16,T2,BUS,B1323,Ngadirajo,Jawa Timur,,,B,3,15,3,14,29,6
2026-06-17,T2,BUS,B1323,Ngadirajo,Jawa Timur,,,B,3,18,3,16,34,6
2026-06-18,T2,BUS,B1323,Ngadirajo,Jawa Timur,,,B,3,19,3,14,33,6
2026-06-19,T2,BUS,B1323,Ngadirajo,Jawa Timur,,,B,3,17,3,13,30,6
2026-06-20,T2,BUS,B1323,Ngadirajo,Jawa Timur,,,B,1,6,1,4,10,2
2026-06-21,T2,BUS,B1323,Ngadirajo,Jawa Timur,,,B,3,17,3,16,33,6
2026-06-22,T2,BUS,B1323,Ngadirajo,Jawa Timur,,,B,3,15,3,15,30,6
2026-06-23,T2,BUS,B1323,Ngadirajo,Jawa Timur,,,B,3,15,3,15,30,6
2026-06-25,T2,BUS,B1323,Ngadirajo,Jawa Timur,,,B,3,20,3,18,38,6
2026-06-26,T2,BUS,B1323,Ngadirajo,Jawa Timur,,,B,3,17,3,16,33,6
2026-06-27,T2,BUS,B1323,Ngadirajo,Jawa Timur,,,B,3,21,3,19,40,6
2026-06-28,T2,BUS,B1323,Ngadirajo,Jawa Timur,,,B,3,22,3,17,39,6
2026-06-29,T2,BUS,B1323,Ngadirajo,Jawa Timur,,,B,2,18,2,17,35,4
2026-06-30,T2,BUS,B1323,Ngadirajo,Jawa Timur,,,B,3,16,3,18,34,6
2026-07-02,T2,BUS,B1323,Ngadirajo,Jawa Timur,,,B,2,6,2,9,15,4
2026-07-03,T2,BUS,B1323,Ngadirajo,Jawa Timur,,,B,3,24,3,17,41,6
2026-07-04,T2,BUS,B1323,Ngadirajo,Jawa Timur,,,B,4,26,4,20,46,8
2026-07-05,T2,BUS,B1323,Ngadirajo,Jawa Timur,,,B,3,14,3,16,30,6
2026-07-06,T2,BUS,B1323,Ngadirajo,Jawa Timur,,,B,3,17,3,15,32,6
2026-07-07,T2,BUS,B1323,Ngadirajo,Jawa Timur,,,B,3,18,3,18,36,6
2026-07-08,T2,BUS,B1323,Ngadirajo,Jawa Timur,,,B,3,17,3,15,32,6
2026-07-09,T2,BUS,B1323,Ngadirajo,Jawa Timur,,,B,4,29,4,28,57,8
2026-07-10,T2,BUS,B1323,Ngadirajo,Jawa Timur,,,B,3,18,3,24,42,6
2026-07-11,T2,BUS,B1323,Ngadirajo,Jawa Timur,,,B,3,17,3,18,35,6
2026-07-12,T2,BUS,B1323,Ngadirajo,Jawa Timur,,,B,3,20,3,18,38,6
2026-07-13,T2,BUS,B1323,Ngadirajo,Jawa Timur,,,B,2,16,2,19,35,4
2026-07-15,T2,BUS,B1323,Ngadirajo,Jawa Timur,,,B,3,17,3,17,34,6
2026-07-16,T2,BUS,B1323,Ngadirajo,Jawa Timur,,,B,3,15,3,16,31,6
2026-07-17,T2,BUS,B1323,Ngadirajo,Jawa Timur,,,B,2,14,2,13,27,4
2026-07-18,T2,BUS,B1323,Ngadirajo,Jawa Timur,,,B,3,15,3,14,29,6
2026-07-19,T2,BUS,B1323,Ngadirajo,Jawa Timur,,,B,3,21,3,19,40,6
2026-07-20,T2,BUS,B1323,Ngadirajo,Jawa Timur,,,B,3,15,3,16,31,6
2026-07-21,T2,BUS,B1323,Ngadirajo,Jawa Timur,,,B,4,26,4,20,46,8
2026-07-22,T2,BUS,B1323,Ngadirajo,Jawa Timur,,,B,3,16,3,14,30,6
2026-07-23,T2,BUS,B1323,Ngadirajo,Jawa Timur,,,B,3,15,3,16,31,6
2026-07-24,T2,BUS,B1323,Ngadirajo,Jawa Timur,,,B,3,18,3,15,33,6
2026-07-25,T2,BUS,B1323,Ngadirajo,Jawa Timur,,,B,3,17,3,17,34,6
2026-07-26,T2,BUS,B1323,Ngadirajo,Jawa Timur,,,B,3,14,3,15,29,6
2026-07-27,T2,BUS,B1323,Ngadirajo,Jawa Timur,,,B,3,17,3,15,32,6
2026-07-28,T2,BUS,B1323,Ngadirajo,Jawa Timur,,,B,3,12,3,11,23,6
2026-07-29,T2,BUS,B1323,Ngadirajo,Jawa Timur,,,B,4,22,4,18,40,8
2026-07-31,T2,BUS,B1323,Ngadirajo,Jawa Timur,,,B,3,17,3,18,35,6
2026-08-01,T2,BUS,B1323,Ngadirajo,Jawa Timur,,,B,3,19,3,17,36,6
2026-08-02,T2,BUS,B1323,Ngadirajo,Jawa Timur,,,B,3,14,3,14,28,6
2026-08-03,T2,BUS,B1323,Ngadirajo,Jawa Timur,,,B,3,19,3,19,38,6
2026-08-04,T2,BUS,B1323,Ngadirajo,Jawa Timur,,,B,3,18,3,16,34,6
2026-08-05,T2,BUS,B1323,Ngadirajo,Jawa Timur,,,B,1,6,1,5,11,2
2026-08-06,T2,BUS,B1323,Ngadirajo,Jawa Timur,,,B,2,7,2,6,13,4
2026-08-07,T2,BUS,B1323,Ngadirajo,Jawa Timur,,,B,3,11,3,15,26,6
2026-08-08,T2,BUS,B1323,Ngadirajo,Jawa Timur,,,B,4,21,4,17,38,8
2026-08-09,T2,BUS,B1323,Ngadirajo,Jawa Timur,,,B,3,25,3,15,40,6
2026-08-10,T2,BUS,B1323,Ngadirajo,Jawa Timur,,,B,3,16,3,13,29,6
2026-08-11,T2,BUS,B1323,Ngadirajo,Jawa Timur,,,B,3,13,3,13,26,6
2026-08-12,T2,BUS,B1323,Ngadirajo,Jawa Timur,,,B,1,3,1,0,3,2
2026-08-13,T2,BUS,B1323,Ngadirajo,Jawa Timur,,,B,4,20,4,17,37,8
2026-08-14,T2,BUS,B1323,Ngadirajo,Jawa Timur,,,B,3,14,3,13,27,6
2026-08-15,T2,BUS,B1323,Ngadirajo,Jawa Timur,,,B,3,16,3,12,28,6
2026-08-16,T2,BUS,B1323,Ngadirajo,Jawa Timur,,,B,3,15,3,11,26,6
2026-08-17,T2,BUS,B1323,Ngadirajo,Jawa Timur,,,B,3,18,3,13,31,6
2026-08-18,T2,BUS,B1323,Ngadirajo,Jawa Timur,,,B,4,24,4,21,45,8
2026-08-20,T2,BUS,B1323,Ngadirajo,Jawa Timur,,,B,2,7,2,8,15,4
2026-08-21,T2,BUS,B1323,Ngadirajo,Jawa Timur,,,B,3,19,3,15,34,6
2026-08-22,T2,BUS,B1323,Ngadirajo,Jawa Timur,,,B,3,14,3,19,33,6
2026-08-23,T2,BUS,B1323,Ngadirajo,Jawa Timur,,,B,4,20,4,20,40,8
2026-08-24,T2,BUS,B1323,Ngadirajo,Jawa Timur,,,B,3,18,3,14,32,6
2026-08-25,T2,BUS,B1323,Ngadirajo,Jawa Timur,,,B,3,19,3,14,33,6
2026-08-26,T2,BUS,B1323,Ngadirajo,Jawa Timur,,,B,2,14,2,13,27,4
2026-08-27,T2,BUS,B1323,Ngadirajo,Jawa Timur,,,B,3,14,3,12,26,6
2026-08-28,T2,BUS,B1323,Ngadirajo,Jawa Timur,,,B,4,20,4,19,39,8
2026-08-29,T2,BUS,B1323,Ngadirajo,Jawa Timur,,,B,3,17,3,14,31,6
2026-08-30,T2,BUS,B1323,Ngadirajo,Jawa Timur,,,B,3,16,3,13,29,6
2026-08-31,T2,BUS,B1323,Ngadirajo,Jawa Timur,,,B,3,18,3,17,35,6
2026-09-01,T3,BUS,B1323,Ngadirajo,Jawa Timur,,,B,3,14,3,15,29,6
2026-09-02,T3,BUS,B1323,Ngadirajo,Jawa Timur,,,B,1,9,1,8,17,2
2026-09-03,T3,BUS,B1323,Ngadirajo,Jawa Timur,,,B,3,11,3,17,28,6
2026-09-04,T3,BUS,B1323,Ngadirajo,Jawa Timur,,,B,3,15,3,16,31,6
2026-09-05,T3,BUS,B1323,Ngadirajo,Jawa Timur,,,B,3,16,3,14,30,6
2026-09-06,T3,BUS,B1323,Ngadirajo,Jawa Timur,,,B,3,18,3,15,33,6
2026-09-07,T3,BUS,B1323,Ngadirajo,Jawa Timur,,,B,4,21,4,18,39,8
2026-09-08,T3,BUS,B1323,Ngadirajo,Jawa Timur,,,B,3,14,3,14,28,6
2026-09-09,T3,BUS,B1323,Ngadirajo,Jawa Timur,,,B,1,2,1,1,3,2
2026-09-10,T3,BUS,B1323,Ngadirajo,Jawa Timur,,,B,3,17,3,15,32,6
2026-09-11,T3,BUS,B1323,Ngadirajo,Jawa Timur,,,B,3,16,3,14,30,6
2026-09-12,T3,BUS,B1323,Ngadirajo,Jawa Timur,,,B,3,21,3,20,41,6
2026-09-13,T3,BUS,B1323,Ngadirajo,Jawa Timur,,,B,3,19,3,15,34,6
2026-09-14,T3,BUS,B1323,Ngadirajo,Jawa Timur,,,B,3,15,3,13,28,6
2026-09-15,T3,BUS,B1323,Ngadirajo,Jawa Timur,,,B,3,14,3,15,29,6
2026-09-16,T3,BUS,B1323,Ngadirajo,Jawa Timur,,,B,3,15,3,17,32,6
2026-09-17,T3,BUS,B1323,Ngadirajo,Jawa Timur,,,B,4,22,4,19,41,8
2026-09-18,T3,BUS,B1323,Ngadirajo,Jawa Timur,,,B,3,15,3,16,31,6
2026-09-19,T3,BUS,B1323,Ngadirajo,Jawa Timur,,,B,3,17,3,17,34,6
2026-09-20,T3,BUS,B1323,Ngadirajo,Jawa Timur,,,B,2,9,2,11,20,4
2026-09-21,T3,BUS,B1323,Ngadirajo,Jawa Timur,,,B,3,14,4,18,32,7
2026-09-22,T3,BUS,B1323,Ngadirajo,Jawa Timur,,,B,1,6,1,6,12,2
2026-09-23,T3,BUS,B1323,Ngadirajo,Jawa Timur,,,B,2,7,2,8,15,4
2026-09-24,T3,BUS,B1323,Ngadirajo,Jawa Timur,,,B,2,11,2,15,26,4
2026-09-25,T3,BUS,B1323,Ngadirajo,Jawa Timur,,,B,3,12,3,16,28,6
2026-09-26,T3,BUS,B1323,Ngadirajo,Jawa Timur,,,B,3,20,3,16,36,6
2026-09-27,T3,BUS,B1323,Ngadirajo,Jawa Timur,,,B,4,21,4,19,40,8
2026-09-28,T3,BUS,B1323,Ngadirajo,Jawa Timur,,,B,3,16,3,15,31,6
2026-09-29,T3,BUS,B1323,Ngadirajo,Jawa Timur,,,B,1,7,0,0,7,1
2026-01-18,T1,BUS,B1325,Palabuhanratu,Jawa Barat,,,B,36,124,37,85,209,73
2026-01-19,T1,BUS,B1325,Palabuhanratu,Jawa Barat,,,B,33,137,35,73,210,68
2026-01-20,T1,BUS,B1325,Palabuhanratu,Jawa Barat,,,B,36,136,39,88,224,75
2026-01-21,T1,BUS,B1325,Palabuhanratu,Jawa Barat,,,B,0,0,10,7,7,10
2026-02-01,T1,BUS,B1325,Palabuhanratu,Jawa Barat,,,B,0,0,18,19,19,18
2026-03-11,T1,BUS,B1325,Palabuhanratu,Jawa Barat,,,B,0,0,26,48,48,26
2026-04-08,T1,BUS,B1325,Palabuhanratu,Jawa Barat,,,B,32,119,34,118,237,66
2026-04-09,T1,BUS,B1325,Palabuhanratu,Jawa Barat,,,B,16,57,36,121,178,52
2026-03-10,T1,BUS,B1328,Penggaron,Jawa Tengah,,,B,6,7,3,5,12,9
2026-03-11,T1,BUS,B1328,Penggaron,Jawa Tengah,,,B,5,0,5,0,0,10
2026-03-12,T1,BUS,B1328,Penggaron,Jawa Tengah,,,B,2,0,0,0,0,2
2026-03-13,T1,BUS,B1328,Penggaron,Jawa Tengah,,,B,5,0,5,0,0,10
2026-03-14,T1,BUS,B1328,Penggaron,Jawa Tengah,,,B,3,0,3,0,0,6
2026-03-15,T1,BUS,B1328,Penggaron,Jawa Tengah,,,B,2,0,4,0,0,6
2026-03-16,T1,BUS,B1328,Penggaron,Jawa Tengah,,,B,0,0,4,0,0,4
2026-03-17,T1,BUS,B1328,Penggaron,Jawa Tengah,,,B,0,0,3,0,0,3
2026-01-01,T1,BUS,B1329,Penggung,Jawa Tengah,,,B,0,0,20,312,312,20
2026-01-02,T1,BUS,B1329,Penggung,Jawa Tengah,,,B,0,0,20,344,344,20
2026-01-03,T1,BUS,B1329,Penggung,Jawa Tengah,,,B,0,0,23,427,427,23
2026-01-04,T1,BUS,B1329,Penggung,Jawa Tengah,,,B,0,0,28,584,584,28
2026-01-05,T1,BUS,B1329,Penggung,Jawa Tengah,,,B,0,0,20,359,359,20
2026-01-06,T1,BUS,B1329,Penggung,Jawa Tengah,,,B,0,0,21,351,351,21
2026-01-08,T1,BUS,B1329,Penggung,Jawa Tengah,,,B,0,0,17,271,271,17
2026-01-09,T1,BUS,B1329,Penggung,Jawa Tengah,,,B,0,0,17,273,273,17
2026-01-10,T1,BUS,B1329,Penggung,Jawa Tengah,,,B,0,0,19,310,310,19
2026-01-11,T1,BUS,B1329,Penggung,Jawa Tengah,,,B,0,0,20,318,318,20
2026-01-12,T1,BUS,B1329,Penggung,Jawa Tengah,,,B,0,0,20,317,317,20
2026-01-13,T1,BUS,B1329,Penggung,Jawa Tengah,,,B,0,0,12,164,164,12
2026-01-14,T1,BUS,B1329,Penggung,Jawa Tengah,,,B,0,0,18,279,279,18
2026-01-16,T1,BUS,B1329,Penggung,Jawa Tengah,,,B,0,0,14,218,218,14
2026-01-17,T1,BUS,B1329,Penggung,Jawa Tengah,,,B,0,0,18,270,270,18
2026-01-18,T1,BUS,B1329,Penggung,Jawa Tengah,,,B,0,0,20,323,323,20
2026-01-19,T1,BUS,B1329,Penggung,Jawa Tengah,,,B,0,0,19,283,283,19
2026-01-20,T1,BUS,B1329,Penggung,Jawa Tengah,,,B,0,0,12,198,198,12
2026-01-21,T1,BUS,B1329,Penggung,Jawa Tengah,,,B,0,0,11,142,142,11
2026-01-22,T1,BUS,B1329,Penggung,Jawa Tengah,,,B,0,0,14,195,195,14
2026-01-23,T1,BUS,B1329,Penggung,Jawa Tengah,,,B,0,0,15,202,202,15
2026-01-24,T1,BUS,B1329,Penggung,Jawa Tengah,,,B,0,0,14,211,211,14
2026-01-25,T1,BUS,B1329,Penggung,Jawa Tengah,,,B,0,0,17,233,233,17
2026-01-26,T1,BUS,B1329,Penggung,Jawa Tengah,,,B,0,0,17,263,263,17
2026-01-27,T1,BUS,B1329,Penggung,Jawa Tengah,,,B,0,0,13,201,201,13
2026-01-28,T1,BUS,B1329,Penggung,Jawa Tengah,,,B,0,0,8,106,106,8
2026-01-29,T1,BUS,B1329,Penggung,Jawa Tengah,,,B,0,0,13,179,179,13
2026-01-30,T1,BUS,B1329,Penggung,Jawa Tengah,,,B,0,0,14,214,214,14
2026-01-31,T1,BUS,B1329,Penggung,Jawa Tengah,,,B,0,0,16,213,213,16
2026-02-01,T1,BUS,B1329,Penggung,Jawa Tengah,,,B,0,0,20,255,255,20
2026-02-02,T1,BUS,B1329,Penggung,Jawa Tengah,,,B,0,0,12,150,150,12
2026-02-04,T1,BUS,B1329,Penggung,Jawa Tengah,,,B,0,0,17,230,230,17
2026-02-05,T1,BUS,B1329,Penggung,Jawa Tengah,,,B,0,0,16,226,226,16
2026-02-06,T1,BUS,B1329,Penggung,Jawa Tengah,,,B,0,0,19,282,282,19
2026-02-07,T1,BUS,B1329,Penggung,Jawa Tengah,,,B,0,0,19,286,286,19
2026-02-08,T1,BUS,B1329,Penggung,Jawa Tengah,,,B,0,0,20,346,346,20
2026-02-09,T1,BUS,B1329,Penggung,Jawa Tengah,,,B,0,0,22,378,378,22
2026-02-10,T1,BUS,B1329,Penggung,Jawa Tengah,,,B,0,0,18,273,273,18
2026-02-11,T1,BUS,B1329,Penggung,Jawa Tengah,,,B,0,0,19,308,308,19
2026-02-12,T1,BUS,B1329,Penggung,Jawa Tengah,,,B,0,0,17,287,287,17
2026-02-13,T1,BUS,B1329,Penggung,Jawa Tengah,,,B,0,0,16,271,271,16
2026-02-14,T1,BUS,B1329,Penggung,Jawa Tengah,,,B,0,0,14,215,215,14
2026-02-15,T1,BUS,B1329,Penggung,Jawa Tengah,,,B,0,0,25,410,410,25
2026-02-16,T1,BUS,B1329,Penggung,Jawa Tengah,,,B,0,0,19,282,282,19
2026-02-17,T1,BUS,B1329,Penggung,Jawa Tengah,,,B,0,0,23,422,422,23
2026-02-18,T1,BUS,B1329,Penggung,Jawa Tengah,,,B,0,0,14,194,194,14
2026-02-19,T1,BUS,B1329,Penggung,Jawa Tengah,,,B,0,0,16,223,223,16
2026-02-20,T1,BUS,B1329,Penggung,Jawa Tengah,,,B,0,0,11,115,115,11
2026-02-21,T1,BUS,B1329,Penggung,Jawa Tengah,,,B,0,0,15,208,208,15
2026-02-22,T1,BUS,B1329,Penggung,Jawa Tengah,,,B,0,0,13,139,139,13
2026-02-23,T1,BUS,B1329,Penggung,Jawa Tengah,,,B,0,0,13,169,169,13
2026-02-24,T1,BUS,B1329,Penggung,Jawa Tengah,,,B,0,0,8,95,95,8
2026-02-25,T1,BUS,B1329,Penggung,Jawa Tengah,,,B,0,0,9,115,115,9
2026-02-26,T1,BUS,B1329,Penggung,Jawa Tengah,,,B,0,0,9,96,96,9
2026-02-27,T1,BUS,B1329,Penggung,Jawa Tengah,,,B,0,0,11,137,137,11
2026-02-28,T1,BUS,B1329,Penggung,Jawa Tengah,,,B,0,0,11,134,134,11
2026-03-01,T1,BUS,B1329,Penggung,Jawa Tengah,,,B,0,0,15,223,223,15
2026-03-02,T1,BUS,B1329,Penggung,Jawa Tengah,,,B,0,0,9,73,73,9
2026-03-03,T1,BUS,B1329,Penggung,Jawa Tengah,,,B,0,0,11,139,139,11
2026-03-04,T1,BUS,B1329,Penggung,Jawa Tengah,,,B,0,0,9,87,87,9
2026-03-05,T1,BUS,B1329,Penggung,Jawa Tengah,,,B,0,0,11,128,128,11
2026-03-06,T1,BUS,B1329,Penggung,Jawa Tengah,,,B,0,0,7,83,83,7
2026-03-07,T1,BUS,B1329,Penggung,Jawa Tengah,,,B,0,0,10,124,124,10
2026-03-08,T1,BUS,B1329,Penggung,Jawa Tengah,,,B,0,0,13,131,131,13
2026-03-09,T1,BUS,B1329,Penggung,Jawa Tengah,,,B,0,0,12,142,142,12
2026-03-10,T1,BUS,B1329,Penggung,Jawa Tengah,,,B,0,0,13,136,136,13
2026-03-11,T1,BUS,B1329,Penggung,Jawa Tengah,,,B,0,0,12,117,117,12
2026-03-12,T1,BUS,B1329,Penggung,Jawa Tengah,,,B,0,0,8,59,59,8
2026-03-13,T1,BUS,B1329,Penggung,Jawa Tengah,,,B,0,0,11,140,140,11
2026-03-14,T1,BUS,B1329,Penggung,Jawa Tengah,,,B,0,0,14,164,164,14
2026-03-15,T1,BUS,B1329,Penggung,Jawa Tengah,,,B,1,44,18,240,284,19
2026-03-16,T1,BUS,B1329,Penggung,Jawa Tengah,,,B,3,138,14,136,274,17
2026-03-17,T1,BUS,B1329,Penggung,Jawa Tengah,,,B,3,148,14,164,312,17
2026-03-18,T1,BUS,B1329,Penggung,Jawa Tengah,,,B,2,69,19,198,267,21
2026-03-19,T1,BUS,B1329,Penggung,Jawa Tengah,,,B,0,0,13,128,128,13
2026-03-20,T1,BUS,B1329,Penggung,Jawa Tengah,,,B,0,0,6,43,43,6
2026-03-21,T1,BUS,B1329,Penggung,Jawa Tengah,,,B,0,0,4,21,21,4
2026-03-22,T1,BUS,B1329,Penggung,Jawa Tengah,,,B,0,0,11,159,159,11
2026-03-23,T1,BUS,B1329,Penggung,Jawa Tengah,,,B,0,0,29,562,562,29
2026-03-24,T1,BUS,B1329,Penggung,Jawa Tengah,,,B,0,0,28,663,663,28
2026-03-25,T1,BUS,B1329,Penggung,Jawa Tengah,,,B,0,0,27,710,710,27
2026-03-26,T1,BUS,B1329,Penggung,Jawa Tengah,,,B,0,0,28,636,636,28
2026-03-27,T1,BUS,B1329,Penggung,Jawa Tengah,,,B,0,0,27,643,643,27
2026-03-28,T1,BUS,B1329,Penggung,Jawa Tengah,,,B,0,0,29,797,797,29
2026-03-29,T1,BUS,B1329,Penggung,Jawa Tengah,,,B,0,0,27,711,711,27
2026-03-30,T1,BUS,B1329,Penggung,Jawa Tengah,,,B,0,0,29,600,600,29
2026-03-31,T1,BUS,B1329,Penggung,Jawa Tengah,,,B,0,0,25,720,720,25
2026-04-01,T1,BUS,B1329,Penggung,Jawa Tengah,,,B,0,0,23,646,646,23
2026-04-02,T1,BUS,B1329,Penggung,Jawa Tengah,,,B,0,0,22,422,422,22
2026-04-03,T1,BUS,B1329,Penggung,Jawa Tengah,,,B,0,0,24,380,380,24
2026-04-04,T1,BUS,B1329,Penggung,Jawa Tengah,,,B,0,0,20,355,355,20
2026-04-05,T1,BUS,B1329,Penggung,Jawa Tengah,,,B,0,0,20,385,385,20
2026-04-06,T1,BUS,B1329,Penggung,Jawa Tengah,,,B,0,0,21,385,385,21
2026-04-07,T1,BUS,B1329,Penggung,Jawa Tengah,,,B,0,0,20,312,312,20
2026-04-08,T1,BUS,B1329,Penggung,Jawa Tengah,,,B,0,0,21,337,337,21
2026-04-09,T1,BUS,B1329,Penggung,Jawa Tengah,,,B,0,0,16,220,220,16
2026-04-10,T1,BUS,B1329,Penggung,Jawa Tengah,,,B,0,0,20,270,270,20
2026-04-11,T1,BUS,B1329,Penggung,Jawa Tengah,,,B,0,0,20,290,290,20
2026-04-12,T1,BUS,B1329,Penggung,Jawa Tengah,,,B,0,0,22,340,340,22
2026-04-13,T1,BUS,B1329,Penggung,Jawa Tengah,,,B,0,0,19,271,271,19
2026-04-14,T1,BUS,B1329,Penggung,Jawa Tengah,,,B,0,0,18,256,256,18
2026-04-15,T1,BUS,B1329,Penggung,Jawa Tengah,,,B,0,0,16,261,261,16
2026-04-16,T1,BUS,B1329,Penggung,Jawa Tengah,,,B,0,0,15,205,205,15
2026-04-17,T1,BUS,B1329,Penggung,Jawa Tengah,,,B,0,0,14,183,183,14
2026-04-18,T1,BUS,B1329,Penggung,Jawa Tengah,,,B,0,0,13,168,168,13
2026-04-19,T1,BUS,B1329,Penggung,Jawa Tengah,,,B,0,0,18,237,237,18
2026-04-20,T1,BUS,B1329,Penggung,Jawa Tengah,,,B,0,0,20,292,292,20
2026-04-21,T1,BUS,B1329,Penggung,Jawa Tengah,,,B,0,0,13,172,172,13
2026-04-22,T1,BUS,B1329,Penggung,Jawa Tengah,,,B,0,0,19,217,217,19
2026-04-23,T1,BUS,B1329,Penggung,Jawa Tengah,,,B,0,0,12,153,153,12
2026-04-24,T1,BUS,B1329,Penggung,Jawa Tengah,,,B,0,0,10,130,130,10
2026-04-25,T1,BUS,B1329,Penggung,Jawa Tengah,,,B,0,0,12,156,156,12
2026-04-26,T1,BUS,B1329,Penggung,Jawa Tengah,,,B,0,0,20,276,276,20
2026-04-27,T1,BUS,B1329,Penggung,Jawa Tengah,,,B,0,0,13,160,160,13
2026-04-28,T1,BUS,B1329,Penggung,Jawa Tengah,,,B,0,0,11,147,147,11
2026-04-29,T1,BUS,B1329,Penggung,Jawa Tengah,,,B,0,0,13,143,143,13
2026-05-03,T2,BUS,B1329,Penggung,Jawa Tengah,,,B,0,0,23,320,320,23
2026-05-04,T2,BUS,B1329,Penggung,Jawa Tengah,,,B,0,0,16,236,236,16
2026-05-05,T2,BUS,B1329,Penggung,Jawa Tengah,,,B,0,0,16,216,216,16
2026-05-06,T2,BUS,B1329,Penggung,Jawa Tengah,,,B,0,0,13,168,168,13
2026-05-07,T2,BUS,B1329,Penggung,Jawa Tengah,,,B,0,0,12,171,171,12
2026-05-08,T2,BUS,B1329,Penggung,Jawa Tengah,,,B,0,0,18,236,236,18
2026-05-09,T2,BUS,B1329,Penggung,Jawa Tengah,,,B,0,0,18,251,251,18
2026-05-10,T2,BUS,B1329,Penggung,Jawa Tengah,,,B,0,0,15,249,249,15
2026-05-11,T2,BUS,B1329,Penggung,Jawa Tengah,,,B,0,0,19,240,240,19
2026-05-12,T2,BUS,B1329,Penggung,Jawa Tengah,,,B,0,0,17,205,205,17
2026-05-13,T2,BUS,B1329,Penggung,Jawa Tengah,,,B,0,0,18,259,259,18
2026-05-14,T2,BUS,B1329,Penggung,Jawa Tengah,,,B,0,0,18,261,261,18
2026-05-15,T2,BUS,B1329,Penggung,Jawa Tengah,,,B,0,0,15,185,185,15
2026-05-16,T2,BUS,B1329,Penggung,Jawa Tengah,,,B,0,0,19,275,275,19
2026-05-17,T2,BUS,B1329,Penggung,Jawa Tengah,,,B,0,0,22,381,381,22
2026-05-18,T2,BUS,B1329,Penggung,Jawa Tengah,,,B,0,0,20,288,288,20
2026-05-19,T2,BUS,B1329,Penggung,Jawa Tengah,,,B,0,0,15,164,164,15
2026-05-25,T2,BUS,B1329,Penggung,Jawa Tengah,,,B,0,0,20,226,226,20
2026-05-26,T2,BUS,B1329,Penggung,Jawa Tengah,,,B,0,0,14,174,174,14
2026-05-27,T2,BUS,B1329,Penggung,Jawa Tengah,,,B,0,0,10,97,97,10
2026-05-28,T2,BUS,B1329,Penggung,Jawa Tengah,,,B,0,0,19,218,218,19
2026-05-29,T2,BUS,B1329,Penggung,Jawa Tengah,,,B,0,0,16,208,208,16
2026-05-30,T2,BUS,B1329,Penggung,Jawa Tengah,,,B,0,0,23,406,406,23
2026-05-31,T2,BUS,B1329,Penggung,Jawa Tengah,,,B,0,0,22,447,447,22
2026-06-01,T2,BUS,B1329,Penggung,Jawa Tengah,,,B,0,0,29,570,570,29
2026-06-02,T2,BUS,B1329,Penggung,Jawa Tengah,,,B,0,0,24,484,484,24
2026-06-03,T2,BUS,B1329,Penggung,Jawa Tengah,,,B,0,0,23,439,439,23
2026-06-04,T2,BUS,B1329,Penggung,Jawa Tengah,,,B,0,0,21,329,329,21
2026-06-05,T2,BUS,B1329,Penggung,Jawa Tengah,,,B,0,0,18,293,293,18
2026-06-06,T2,BUS,B1329,Penggung,Jawa Tengah,,,B,0,0,16,249,249,16
2026-06-07,T2,BUS,B1329,Penggung,Jawa Tengah,,,B,0,0,21,341,341,21
2026-06-11,T2,BUS,B1329,Penggung,Jawa Tengah,,,B,0,0,19,289,289,19
2026-06-12,T2,BUS,B1329,Penggung,Jawa Tengah,,,B,0,0,20,299,299,20
2026-06-13,T2,BUS,B1329,Penggung,Jawa Tengah,,,B,0,0,22,318,318,22
2026-06-14,T2,BUS,B1329,Penggung,Jawa Tengah,,,B,0,0,24,402,402,24
2026-06-15,T2,BUS,B1329,Penggung,Jawa Tengah,,,B,0,0,18,294,294,18
2026-06-16,T2,BUS,B1329,Penggung,Jawa Tengah,,,B,0,0,23,375,375,23
2026-06-17,T2,BUS,B1329,Penggung,Jawa Tengah,,,B,0,0,18,344,344,18
2026-06-18,T2,BUS,B1329,Penggung,Jawa Tengah,,,B,0,0,13,195,195,13
2026-06-19,T2,BUS,B1329,Penggung,Jawa Tengah,,,B,0,0,15,256,256,15
2026-06-20,T2,BUS,B1329,Penggung,Jawa Tengah,,,B,0,0,19,312,312,19
2026-06-21,T2,BUS,B1329,Penggung,Jawa Tengah,,,B,0,0,24,472,472,24
2026-06-22,T2,BUS,B1329,Penggung,Jawa Tengah,,,B,0,0,17,297,297,17
2026-06-23,T2,BUS,B1329,Penggung,Jawa Tengah,,,B,0,0,24,402,402,24
2026-06-24,T2,BUS,B1329,Penggung,Jawa Tengah,,,B,0,0,19,289,289,19
2026-06-25,T2,BUS,B1329,Penggung,Jawa Tengah,,,B,0,0,21,369,369,21
2026-06-26,T2,BUS,B1329,Penggung,Jawa Tengah,,,B,0,0,16,248,248,16
2026-06-27,T2,BUS,B1329,Penggung,Jawa Tengah,,,B,0,0,21,388,388,21
2026-06-28,T2,BUS,B1329,Penggung,Jawa Tengah,,,B,0,0,21,349,349,21
2026-06-29,T2,BUS,B1329,Penggung,Jawa Tengah,,,B,0,0,18,295,295,18
2026-06-30,T2,BUS,B1329,Penggung,Jawa Tengah,,,B,0,0,18,259,259,18
2026-07-01,T2,BUS,B1329,Penggung,Jawa Tengah,,,B,0,0,20,318,318,20
2026-07-02,T2,BUS,B1329,Penggung,Jawa Tengah,,,B,0,0,17,231,231,17
2026-07-03,T2,BUS,B1329,Penggung,Jawa Tengah,,,B,0,0,18,266,266,18
2026-07-04,T2,BUS,B1329,Penggung,Jawa Tengah,,,B,0,0,21,353,353,21
2026-07-05,T2,BUS,B1329,Penggung,Jawa Tengah,,,B,0,0,22,386,386,22
2026-07-06,T2,BUS,B1329,Penggung,Jawa Tengah,,,B,0,0,20,326,326,20
2026-07-07,T2,BUS,B1329,Penggung,Jawa Tengah,,,B,0,0,20,347,347,20
2026-07-08,T2,BUS,B1329,Penggung,Jawa Tengah,,,B,0,0,23,394,394,23
2026-07-09,T2,BUS,B1329,Penggung,Jawa Tengah,,,B,0,0,19,302,302,19
2026-07-10,T2,BUS,B1329,Penggung,Jawa Tengah,,,B,0,0,15,276,276,15
2026-07-11,T2,BUS,B1329,Penggung,Jawa Tengah,,,B,0,0,21,362,362,21
2026-07-12,T2,BUS,B1329,Penggung,Jawa Tengah,,,B,0,0,24,467,467,24
2026-07-13,T2,BUS,B1329,Penggung,Jawa Tengah,,,B,0,0,20,342,342,20
2026-07-14,T2,BUS,B1329,Penggung,Jawa Tengah,,,B,0,0,15,181,181,15
2026-07-15,T2,BUS,B1329,Penggung,Jawa Tengah,,,B,0,0,13,195,195,13
2026-07-16,T2,BUS,B1329,Penggung,Jawa Tengah,,,B,0,0,16,236,236,16
2026-07-17,T2,BUS,B1329,Penggung,Jawa Tengah,,,B,0,0,14,193,193,14
2026-07-18,T2,BUS,B1329,Penggung,Jawa Tengah,,,B,0,0,14,181,181,14
2026-07-19,T2,BUS,B1329,Penggung,Jawa Tengah,,,B,0,0,20,352,352,20
2026-07-20,T2,BUS,B1329,Penggung,Jawa Tengah,,,B,0,0,16,232,232,16
2026-07-21,T2,BUS,B1329,Penggung,Jawa Tengah,,,B,0,0,13,162,162,13
2026-07-22,T2,BUS,B1329,Penggung,Jawa Tengah,,,B,0,0,14,194,194,14
2026-07-23,T2,BUS,B1329,Penggung,Jawa Tengah,,,B,0,0,13,167,167,13
2026-07-24,T2,BUS,B1329,Penggung,Jawa Tengah,,,B,0,0,15,186,186,15
2026-07-25,T2,BUS,B1329,Penggung,Jawa Tengah,,,B,0,0,13,207,207,13
2026-07-26,T2,BUS,B1329,Penggung,Jawa Tengah,,,B,0,0,17,242,242,17
2026-07-27,T2,BUS,B1329,Penggung,Jawa Tengah,,,B,0,0,17,203,203,17
2026-07-28,T2,BUS,B1329,Penggung,Jawa Tengah,,,B,0,0,10,112,112,10
2026-07-29,T2,BUS,B1329,Penggung,Jawa Tengah,,,B,0,0,13,196,196,13
2026-07-30,T2,BUS,B1329,Penggung,Jawa Tengah,,,B,0,0,12,150,150,12
2026-07-31,T2,BUS,B1329,Penggung,Jawa Tengah,,,B,0,0,12,153,153,12
2026-08-01,T2,BUS,B1329,Penggung,Jawa Tengah,,,B,0,0,16,253,253,16
2026-08-02,T2,BUS,B1329,Penggung,Jawa Tengah,,,B,0,0,18,295,295,18
2026-08-03,T2,BUS,B1329,Penggung,Jawa Tengah,,,B,0,0,13,181,181,13
2026-08-04,T2,BUS,B1329,Penggung,Jawa Tengah,,,B,0,0,13,169,169,13
2026-08-05,T2,BUS,B1329,Penggung,Jawa Tengah,,,B,0,0,16,259,259,16
2026-08-06,T2,BUS,B1329,Penggung,Jawa Tengah,,,B,0,0,14,225,225,14
2026-08-07,T2,BUS,B1329,Penggung,Jawa Tengah,,,B,0,0,15,191,191,15
2026-08-08,T2,BUS,B1329,Penggung,Jawa Tengah,,,B,0,0,12,158,158,12
2026-08-09,T2,BUS,B1329,Penggung,Jawa Tengah,,,B,0,0,20,343,343,20
2026-08-10,T2,BUS,B1329,Penggung,Jawa Tengah,,,B,0,0,18,282,282,18
2026-08-11,T2,BUS,B1329,Penggung,Jawa Tengah,,,B,0,0,16,210,210,16
2026-08-12,T2,BUS,B1329,Penggung,Jawa Tengah,,,B,0,0,18,272,272,18
2026-08-13,T2,BUS,B1329,Penggung,Jawa Tengah,,,B,0,0,13,195,195,13
2026-08-14,T2,BUS,B1329,Penggung,Jawa Tengah,,,B,0,0,15,242,242,15
2026-08-15,T2,BUS,B1329,Penggung,Jawa Tengah,,,B,0,0,16,202,202,16
2026-08-16,T2,BUS,B1329,Penggung,Jawa Tengah,,,B,0,0,15,183,183,15
2026-08-17,T2,BUS,B1329,Penggung,Jawa Tengah,,,B,0,0,21,356,356,21
2026-08-18,T2,BUS,B1329,Penggung,Jawa Tengah,,,B,0,0,19,345,345,19
2026-08-19,T2,BUS,B1329,Penggung,Jawa Tengah,,,B,0,0,17,265,265,17
2026-08-20,T2,BUS,B1329,Penggung,Jawa Tengah,,,B,0,0,19,287,287,19
2026-08-21,T2,BUS,B1329,Penggung,Jawa Tengah,,,B,0,0,14,218,218,14
2026-08-22,T2,BUS,B1329,Penggung,Jawa Tengah,,,B,0,0,16,271,271,16
2026-08-23,T2,BUS,B1329,Penggung,Jawa Tengah,,,B,0,0,18,261,261,18
2026-08-24,T2,BUS,B1329,Penggung,Jawa Tengah,,,B,0,0,14,210,210,14
2026-08-25,T2,BUS,B1329,Penggung,Jawa Tengah,,,B,0,0,17,289,289,17
2026-08-26,T2,BUS,B1329,Penggung,Jawa Tengah,,,B,0,0,17,286,286,17
2026-08-27,T2,BUS,B1329,Penggung,Jawa Tengah,,,B,0,0,13,135,135,13
2026-08-28,T2,BUS,B1329,Penggung,Jawa Tengah,,,B,0,0,16,223,223,16
2026-08-29,T2,BUS,B1329,Penggung,Jawa Tengah,,,B,0,0,16,246,246,16
2026-08-30,T2,BUS,B1329,Penggung,Jawa Tengah,,,B,0,0,24,408,408,24
2026-08-31,T2,BUS,B1329,Penggung,Jawa Tengah,,,B,0,0,17,241,241,17
2026-09-01,T3,BUS,B1329,Penggung,Jawa Tengah,,,B,0,0,13,169,169,13
2026-09-02,T3,BUS,B1329,Penggung,Jawa Tengah,,,B,0,0,16,208,208,16
2026-09-03,T3,BUS,B1329,Penggung,Jawa Tengah,,,B,0,0,12,154,154,12
2026-09-04,T3,BUS,B1329,Penggung,Jawa Tengah,,,B,0,0,15,175,175,15
2026-09-05,T3,BUS,B1329,Penggung,Jawa Tengah,,,B,0,0,14,174,174,14
2026-09-06,T3,BUS,B1329,Penggung,Jawa Tengah,,,B,0,0,18,312,312,18
2026-09-07,T3,BUS,B1329,Penggung,Jawa Tengah,,,B,0,0,14,196,196,14
2026-09-08,T3,BUS,B1329,Penggung,Jawa Tengah,,,B,0,0,13,165,165,13
2026-09-09,T3,BUS,B1329,Penggung,Jawa Tengah,,,B,0,0,16,251,251,16
2026-09-10,T3,BUS,B1329,Penggung,Jawa Tengah,,,B,0,0,12,150,150,12
2026-09-11,T3,BUS,B1329,Penggung,Jawa Tengah,,,B,0,0,12,167,167,12
2026-09-12,T3,BUS,B1329,Penggung,Jawa Tengah,,,B,0,0,12,147,147,12
2026-09-13,T3,BUS,B1329,Penggung,Jawa Tengah,,,B,0,0,17,247,247,17
2026-09-14,T3,BUS,B1329,Penggung,Jawa Tengah,,,B,0,0,16,252,252,16
2026-09-15,T3,BUS,B1329,Penggung,Jawa Tengah,,,B,0,0,12,162,162,12
2026-09-16,T3,BUS,B1329,Penggung,Jawa Tengah,,,B,0,0,13,154,154,13
2026-09-17,T3,BUS,B1329,Penggung,Jawa Tengah,,,B,0,0,17,213,213,17
2026-09-18,T3,BUS,B1329,Penggung,Jawa Tengah,,,B,0,0,15,198,198,15
2026-09-19,T3,BUS,B1329,Penggung,Jawa Tengah,,,B,0,0,17,249,249,17
2026-09-20,T3,BUS,B1329,Penggung,Jawa Tengah,,,B,0,0,15,249,249,15
2026-09-21,T3,BUS,B1329,Penggung,Jawa Tengah,,,B,0,0,18,298,298,18
2026-09-22,T3,BUS,B1329,Penggung,Jawa Tengah,,,B,0,0,12,176,176,12
2026-09-23,T3,BUS,B1329,Penggung,Jawa Tengah,,,B,0,0,13,184,184,13
2026-09-24,T3,BUS,B1329,Penggung,Jawa Tengah,,,B,0,0,12,135,135,12
2026-09-25,T3,BUS,B1329,Penggung,Jawa Tengah,,,B,0,0,12,167,167,12
2026-09-26,T3,BUS,B1329,Penggung,Jawa Tengah,,,B,0,0,12,192,192,12
2026-09-27,T3,BUS,B1329,Penggung,Jawa Tengah,,,B,0,0,16,284,284,16
2026-09-28,T3,BUS,B1329,Penggung,Jawa Tengah,,,B,0,0,15,231,231,15
2026-01-05,T1,BUS,B1330,Petanang,Sumatera Selatan,,,B,1,13,0,0,13,1
2026-01-01,T1,BUS,B1336,Renteng,Nusa Tenggara Barat,,,B,0,0,2,15,15,2
2026-01-02,T1,BUS,B1336,Renteng,Nusa Tenggara Barat,,,B,0,0,1,9,9,1
2026-01-03,T1,BUS,B1336,Renteng,Nusa Tenggara Barat,,,B,0,0,2,28,28,2
2026-01-04,T1,BUS,B1336,Renteng,Nusa Tenggara Barat,,,B,0,0,2,20,20,2
2026-01-05,T1,BUS,B1336,Renteng,Nusa Tenggara Barat,,,B,0,0,2,26,26,2
2026-01-06,T1,BUS,B1336,Renteng,Nusa Tenggara Barat,,,B,0,0,2,25,25,2
2026-01-07,T1,BUS,B1336,Renteng,Nusa Tenggara Barat,,,B,0,0,2,26,26,2
2026-01-08,T1,BUS,B1336,Renteng,Nusa Tenggara Barat,,,B,0,0,2,20,20,2
2026-01-09,T1,BUS,B1336,Renteng,Nusa Tenggara Barat,,,B,0,0,2,19,19,2
2026-01-10,T1,BUS,B1336,Renteng,Nusa Tenggara Barat,,,B,0,0,1,6,6,1
2026-01-11,T1,BUS,B1336,Renteng,Nusa Tenggara Barat,,,B,0,0,2,20,20,2
2026-01-14,T1,BUS,B1336,Renteng,Nusa Tenggara Barat,,,B,0,0,2,20,20,2
2026-01-15,T1,BUS,B1336,Renteng,Nusa Tenggara Barat,,,B,0,0,2,21,21,2
2026-01-17,T1,BUS,B1336,Renteng,Nusa Tenggara Barat,,,B,0,0,2,26,26,2
2026-01-20,T1,BUS,B1336,Renteng,Nusa Tenggara Barat,,,B,0,0,2,35,35,2
2026-01-21,T1,BUS,B1336,Renteng,Nusa Tenggara Barat,,,B,0,0,2,22,22,2
2026-01-22,T1,BUS,B1336,Renteng,Nusa Tenggara Barat,,,B,0,0,2,24,24,2
2026-01-23,T1,BUS,B1336,Renteng,Nusa Tenggara Barat,,,B,0,0,2,26,26,2
2026-01-24,T1,BUS,B1336,Renteng,Nusa Tenggara Barat,,,B,0,0,2,19,19,2
2026-01-25,T1,BUS,B1336,Renteng,Nusa Tenggara Barat,,,B,0,0,2,23,23,2
2026-01-26,T1,BUS,B1336,Renteng,Nusa Tenggara Barat,,,B,0,0,2,26,26,2
2026-01-27,T1,BUS,B1336,Renteng,Nusa Tenggara Barat,,,B,0,0,2,23,23,2
2026-01-28,T1,BUS,B1336,Renteng,Nusa Tenggara Barat,,,B,0,0,2,21,21,2
2026-01-29,T1,BUS,B1336,Renteng,Nusa Tenggara Barat,,,B,0,0,2,19,19,2
2026-01-30,T1,BUS,B1336,Renteng,Nusa Tenggara Barat,,,B,0,0,2,22,22,2
2026-01-31,T1,BUS,B1336,Renteng,Nusa Tenggara Barat,,,B,0,0,2,22,22,2
2026-02-01,T1,BUS,B1336,Renteng,Nusa Tenggara Barat,,,B,0,0,2,26,26,2
2026-02-02,T1,BUS,B1336,Renteng,Nusa Tenggara Barat,,,B,0,0,2,23,23,2
2026-02-04,T1,BUS,B1336,Renteng,Nusa Tenggara Barat,,,B,0,0,2,21,21,2
2026-02-05,T1,BUS,B1336,Renteng,Nusa Tenggara Barat,,,B,0,0,2,20,20,2
2026-02-08,T1,BUS,B1336,Renteng,Nusa Tenggara Barat,,,B,0,0,2,26,26,2
2026-02-09,T1,BUS,B1336,Renteng,Nusa Tenggara Barat,,,B,0,0,2,17,17,2
2026-02-10,T1,BUS,B1336,Renteng,Nusa Tenggara Barat,,,B,0,0,2,19,19,2
2026-02-12,T1,BUS,B1336,Renteng,Nusa Tenggara Barat,,,B,0,0,1,12,12,1
2026-02-13,T1,BUS,B1336,Renteng,Nusa Tenggara Barat,,,B,0,0,2,26,26,2
2026-02-14,T1,BUS,B1336,Renteng,Nusa Tenggara Barat,,,B,0,0,2,24,24,2
2026-02-16,T1,BUS,B1336,Renteng,Nusa Tenggara Barat,,,B,0,0,2,24,24,2
2026-02-17,T1,BUS,B1336,Renteng,Nusa Tenggara Barat,,,B,0,0,2,18,18,2
2026-02-19,T1,BUS,B1336,Renteng,Nusa Tenggara Barat,,,B,0,0,1,10,10,1
2026-02-20,T1,BUS,B1336,Renteng,Nusa Tenggara Barat,,,B,0,0,2,18,18,2
2026-02-22,T1,BUS,B1336,Renteng,Nusa Tenggara Barat,,,B,0,0,2,24,24,2
2026-02-23,T1,BUS,B1336,Renteng,Nusa Tenggara Barat,,,B,0,0,2,28,28,2
2026-02-24,T1,BUS,B1336,Renteng,Nusa Tenggara Barat,,,B,0,0,1,11,11,1
2026-02-25,T1,BUS,B1336,Renteng,Nusa Tenggara Barat,,,B,0,0,2,21,21,2
2026-02-26,T1,BUS,B1336,Renteng,Nusa Tenggara Barat,,,B,0,0,1,12,12,1
2026-02-28,T1,BUS,B1336,Renteng,Nusa Tenggara Barat,,,B,0,0,2,27,27,2
2026-03-01,T1,BUS,B1336,Renteng,Nusa Tenggara Barat,,,B,0,0,2,21,21,2
2026-03-02,T1,BUS,B1336,Renteng,Nusa Tenggara Barat,,,B,0,0,2,21,21,2
2026-03-03,T1,BUS,B1336,Renteng,Nusa Tenggara Barat,,,B,0,0,2,18,18,2
2026-03-04,T1,BUS,B1336,Renteng,Nusa Tenggara Barat,,,B,0,0,2,25,25,2
2026-03-05,T1,BUS,B1336,Renteng,Nusa Tenggara Barat,,,B,0,0,2,29,29,2
2026-03-06,T1,BUS,B1336,Renteng,Nusa Tenggara Barat,,,B,0,0,2,23,23,2
2026-03-08,T1,BUS,B1336,Renteng,Nusa Tenggara Barat,,,B,0,0,2,22,22,2
2026-03-10,T1,BUS,B1336,Renteng,Nusa Tenggara Barat,,,B,0,0,2,27,27,2
2026-03-11,T1,BUS,B1336,Renteng,Nusa Tenggara Barat,,,B,0,0,2,21,21,2
2026-03-12,T1,BUS,B1336,Renteng,Nusa Tenggara Barat,,,B,0,0,2,28,28,2
2026-03-13,T1,BUS,B1336,Renteng,Nusa Tenggara Barat,,,B,0,0,2,25,25,2
2026-03-15,T1,BUS,B1336,Renteng,Nusa Tenggara Barat,,,B,0,0,2,27,27,2
2026-03-16,T1,BUS,B1336,Renteng,Nusa Tenggara Barat,,,B,0,0,2,28,28,2
2026-03-17,T1,BUS,B1336,Renteng,Nusa Tenggara Barat,,,B,0,0,2,23,23,2
2026-03-18,T1,BUS,B1336,Renteng,Nusa Tenggara Barat,,,B,0,0,2,25,25,2
2026-03-19,T1,BUS,B1336,Renteng,Nusa Tenggara Barat,,,B,0,0,2,28,28,2
2026-03-20,T1,BUS,B1336,Renteng,Nusa Tenggara Barat,,,B,0,0,2,21,21,2
2026-03-23,T1,BUS,B1336,Renteng,Nusa Tenggara Barat,,,B,0,0,2,26,26,2
2026-03-24,T1,BUS,B1336,Renteng,Nusa Tenggara Barat,,,B,0,0,3,33,33,3
2026-03-25,T1,BUS,B1336,Renteng,Nusa Tenggara Barat,,,B,0,0,2,27,27,2
2026-03-26,T1,BUS,B1336,Renteng,Nusa Tenggara Barat,,,B,0,0,2,28,28,2
2026-03-27,T1,BUS,B1336,Renteng,Nusa Tenggara Barat,,,B,0,0,2,28,28,2
2026-03-28,T1,BUS,B1336,Renteng,Nusa Tenggara Barat,,,B,0,0,1,8,8,1
2026-03-29,T1,BUS,B1336,Renteng,Nusa Tenggara Barat,,,B,0,0,2,28,28,2
2026-03-30,T1,BUS,B1336,Renteng,Nusa Tenggara Barat,,,B,0,0,2,32,32,2
2026-04-01,T1,BUS,B1336,Renteng,Nusa Tenggara Barat,,,B,0,0,2,23,23,2
2026-01-05,T1,BUS,B1683,Rinding Berau,Kalimantan Timur,,,B,1,0,1,0,0,2
2026-01-06,T1,BUS,B1683,Rinding Berau,Kalimantan Timur,,,B,1,29,1,7,36,2
2026-01-07,T1,BUS,B1683,Rinding Berau,Kalimantan Timur,,,B,1,23,1,13,36,2
2026-01-08,T1,BUS,B1683,Rinding Berau,Kalimantan Timur,,,B,1,29,1,5,34,2
2026-01-09,T1,BUS,B1683,Rinding Berau,Kalimantan Timur,,,B,1,13,1,10,23,2
2026-01-10,T1,BUS,B1683,Rinding Berau,Kalimantan Timur,,,B,1,13,1,9,22,2
2026-01-11,T1,BUS,B1683,Rinding Berau,Kalimantan Timur,,,B,1,9,1,13,22,2
2026-01-12,T1,BUS,B1683,Rinding Berau,Kalimantan Timur,,,B,1,9,1,7,16,2
2026-01-13,T1,BUS,B1683,Rinding Berau,Kalimantan Timur,,,B,1,16,1,9,25,2
2026-01-14,T1,BUS,B1683,Rinding Berau,Kalimantan Timur,,,B,1,8,1,4,12,2
2026-01-15,T1,BUS,B1683,Rinding Berau,Kalimantan Timur,,,B,1,8,1,7,15,2
2026-01-16,T1,BUS,B1683,Rinding Berau,Kalimantan Timur,,,B,1,18,1,9,27,2
2026-01-17,T1,BUS,B1683,Rinding Berau,Kalimantan Timur,,,B,1,13,1,19,32,2
2026-01-18,T1,BUS,B1683,Rinding Berau,Kalimantan Timur,,,B,1,11,1,10,21,2
2026-01-19,T1,BUS,B1683,Rinding Berau,Kalimantan Timur,,,B,1,16,1,14,30,2
2026-01-20,T1,BUS,B1683,Rinding Berau,Kalimantan Timur,,,B,1,9,1,19,28,2
2026-01-21,T1,BUS,B1683,Rinding Berau,Kalimantan Timur,,,B,1,5,1,9,14,2
2026-01-22,T1,BUS,B1683,Rinding Berau,Kalimantan Timur,,,B,1,5,1,19,24,2
2026-01-23,T1,BUS,B1683,Rinding Berau,Kalimantan Timur,,,B,1,8,1,18,26,2
2026-01-24,T1,BUS,B1683,Rinding Berau,Kalimantan Timur,,,B,1,7,1,18,25,2
2026-01-25,T1,BUS,B1683,Rinding Berau,Kalimantan Timur,,,B,1,13,1,24,37,2
2026-01-26,T1,BUS,B1683,Rinding Berau,Kalimantan Timur,,,B,1,23,1,9,32,2
2026-01-27,T1,BUS,B1683,Rinding Berau,Kalimantan Timur,,,B,1,16,1,3,19,2
2026-01-28,T1,BUS,B1683,Rinding Berau,Kalimantan Timur,,,B,1,1,1,13,14,2
2026-01-29,T1,BUS,B1683,Rinding Berau,Kalimantan Timur,,,B,1,12,1,2,14,2
2026-02-19,T1,BUS,B1683,Rinding Berau,Kalimantan Timur,,,B,1,3,1,9,12,2
2026-03-13,T1,BUS,B1683,Rinding Berau,Kalimantan Timur,,,B,1,5,1,18,23,2
2026-03-14,T1,BUS,B1683,Rinding Berau,Kalimantan Timur,,,B,1,5,1,17,22,2
2026-03-15,T1,BUS,B1683,Rinding Berau,Kalimantan Timur,,,B,1,10,1,20,30,2
2026-03-16,T1,BUS,B1683,Rinding Berau,Kalimantan Timur,,,B,1,11,1,18,29,2
2026-03-17,T1,BUS,B1683,Rinding Berau,Kalimantan Timur,,,B,1,12,1,19,31,2
2026-03-18,T1,BUS,B1683,Rinding Berau,Kalimantan Timur,,,B,1,6,1,13,19,2
2026-03-19,T1,BUS,B1683,Rinding Berau,Kalimantan Timur,,,B,1,9,1,17,26,2
2026-03-20,T1,BUS,B1683,Rinding Berau,Kalimantan Timur,,,B,1,4,1,11,15,2
2026-03-21,T1,BUS,B1683,Rinding Berau,Kalimantan Timur,,,B,1,7,1,13,20,2
2026-03-22,T1,BUS,B1683,Rinding Berau,Kalimantan Timur,,,B,1,5,2,20,25,3
2026-03-23,T1,BUS,B1683,Rinding Berau,Kalimantan Timur,,,B,1,9,1,17,26,2
2026-03-24,T1,BUS,B1683,Rinding Berau,Kalimantan Timur,,,B,1,10,1,19,29,2
2026-01-02,T1,BUS,B1338,Ronggo Sukowati,Jawa Timur,,,B,16,196,16,199,395,32
2026-01-03,T1,BUS,B1338,Ronggo Sukowati,Jawa Timur,,,B,7,57,7,97,154,14
2026-03-13,T1,BUS,B1338,Ronggo Sukowati,Jawa Timur,,,B,131,866,131,866,1732,262
2026-03-14,T1,BUS,B1338,Ronggo Sukowati,Jawa Timur,,,B,135,1057,135,1277,2334,270
2026-03-15,T1,BUS,B1338,Ronggo Sukowati,Jawa Timur,,,B,141,1088,141,925,2013,282
2026-03-16,T1,BUS,B1338,Ronggo Sukowati,Jawa Timur,,,B,150,581,150,1076,1657,300
2026-03-17,T1,BUS,B1338,Ronggo Sukowati,Jawa Timur,,,B,158,670,158,1261,1931,316
2026-03-18,T1,BUS,B1338,Ronggo Sukowati,Jawa Timur,,,B,155,790,155,1121,1911,310
2026-03-19,T1,BUS,B1338,Ronggo Sukowati,Jawa Timur,,,B,148,659,148,1297,1956,296
2026-03-20,T1,BUS,B1338,Ronggo Sukowati,Jawa Timur,,,B,100,391,100,574,965,200
2026-03-21,T1,BUS,B1338,Ronggo Sukowati,Jawa Timur,,,B,57,157,57,291,448,114
2026-03-01,T1,BUS,B1372,Sangatta,Kalimantan Timur,,,B,4,79,4,62,141,8
2026-03-13,T1,BUS,B1372,Sangatta,Kalimantan Timur,,,B,5,99,6,89,188,11
2026-03-14,T1,BUS,B1372,Sangatta,Kalimantan Timur,,,B,7,169,4,89,258,11
2026-03-15,T1,BUS,B1372,Sangatta,Kalimantan Timur,,,B,6,140,5,121,261,11
2026-03-16,T1,BUS,B1372,Sangatta,Kalimantan Timur,,,B,4,88,2,60,148,6
2026-03-17,T1,BUS,B1372,Sangatta,Kalimantan Timur,,,B,5,121,5,128,249,10
2026-03-18,T1,BUS,B1372,Sangatta,Kalimantan Timur,,,B,7,185,6,112,297,13
2026-03-19,T1,BUS,B1372,Sangatta,Kalimantan Timur,,,B,6,140,6,135,275,12
2026-03-20,T1,BUS,B1372,Sangatta,Kalimantan Timur,,,B,4,76,6,88,164,10
2026-03-22,T1,BUS,B1372,Sangatta,Kalimantan Timur,,,B,7,144,3,77,221,10
2026-03-23,T1,BUS,B1372,Sangatta,Kalimantan Timur,,,B,8,192,5,100,292,13
2026-03-26,T1,BUS,B1372,Sangatta,Kalimantan Timur,,,B,5,129,6,145,274,11
2026-05-14,T2,BUS,B1372,Sangatta,Kalimantan Timur,,,B,0,0,1,15,15,1
2026-01-02,T1,BUS,B967,Sanggu,Kalimantan Tengah,,,B,1,15,1,3,18,2
2026-01-04,T1,BUS,B967,Sanggu,Kalimantan Tengah,,,B,1,11,1,6,17,2
2026-03-13,T1,BUS,B967,Sanggu,Kalimantan Tengah,,,B,2,8,2,3,11,4
2026-03-14,T1,BUS,B967,Sanggu,Kalimantan Tengah,,,B,1,1,1,1,2,2
2026-03-15,T1,BUS,B967,Sanggu,Kalimantan Tengah,,,B,2,18,2,8,26,4
2026-03-16,T1,BUS,B967,Sanggu,Kalimantan Tengah,,,B,1,1,1,1,2,2
2026-03-17,T1,BUS,B967,Sanggu,Kalimantan Tengah,,,B,2,11,2,9,20,4
2026-03-18,T1,BUS,B967,Sanggu,Kalimantan Tengah,,,B,1,1,1,1,2,2
2026-03-19,T1,BUS,B967,Sanggu,Kalimantan Tengah,,,B,1,4,1,4,8,2
2026-03-20,T1,BUS,B967,Sanggu,Kalimantan Tengah,,,B,1,0,1,1,1,2
2026-03-21,T1,BUS,B967,Sanggu,Kalimantan Tengah,,,B,1,0,1,0,0,2
2026-03-24,T1,BUS,B967,Sanggu,Kalimantan Tengah,,,B,1,8,1,6,14,2
2026-03-27,T1,BUS,B967,Sanggu,Kalimantan Tengah,,,B,1,5,2,10,15,3
2026-03-28,T1,BUS,B967,Sanggu,Kalimantan Tengah,,,B,1,1,1,2,3,2
2026-03-29,T1,BUS,B967,Sanggu,Kalimantan Tengah,,,B,2,10,2,5,15,4
2026-03-30,T1,BUS,B967,Sanggu,Kalimantan Tengah,,,B,1,0,1,1,1,2
2026-03-12,T1,BUS,B1770,Semin,D.I Yogyakarta,,,C,3,9,0,0,9,3
2026-03-13,T1,BUS,B1770,Semin,D.I Yogyakarta,,,C,12,30,11,4,34,23
2026-03-14,T1,BUS,B1770,Semin,D.I Yogyakarta,,,C,10,25,11,5,30,21
2026-03-15,T1,BUS,B1770,Semin,D.I Yogyakarta,,,C,10,36,4,6,42,14
2026-06-29,T2,BUS,B1770,Semin,D.I Yogyakarta,,,C,1,0,0,0,0,1
2026-07-01,T2,BUS,B1770,Semin,D.I Yogyakarta,,,C,1,2,0,0,2,1
2026-08-24,T2,BUS,B1770,Semin,D.I Yogyakarta,,,C,4,2,0,0,2,4
2026-08-25,T2,BUS,B1770,Semin,D.I Yogyakarta,,,C,6,3,10,18,21,16
2026-02-02,T1,BUS,B1891,Serongga,Kalimantan Selatan,,,C,1,2,1,2,4,2
2026-01-12,T1,BUS,B953,Sinabang,D.I Aceh,,,C,1,0,0,0,0,1
2026-01-01,T1,BUS,B1368,Sumber,Jawa Barat,,,B,16,40,19,63,103,35
2026-01-02,T1,BUS,B1368,Sumber,Jawa Barat,,,B,18,0,18,5,5,36
2026-01-03,T1,BUS,B1368,Sumber,Jawa Barat,,,B,18,46,18,67,113,36
2026-01-04,T1,BUS,B1368,Sumber,Jawa Barat,,,B,19,0,24,7,7,43
2026-01-05,T1,BUS,B1368,Sumber,Jawa Barat,,,B,19,41,18,63,104,37
2026-01-06,T1,BUS,B1368,Sumber,Jawa Barat,,,B,24,55,12,35,90,36
2026-01-08,T1,BUS,B1368,Sumber,Jawa Barat,,,B,17,0,17,0,0,34
2026-03-07,T1,BUS,B1368,Sumber,Jawa Barat,,,B,1,0,0,0,0,1
2026-03-13,T1,BUS,B1368,Sumber,Jawa Barat,,,B,16,48,18,61,109,34
2026-03-14,T1,BUS,B1368,Sumber,Jawa Barat,,,B,16,20,16,36,56,32
2026-03-15,T1,BUS,B1368,Sumber,Jawa Barat,,,B,0,0,6,11,11,6
2026-04-01,T1,BUS,B1368,Sumber,Jawa Barat,,,B,17,2,15,14,16,32
2026-04-02,T1,BUS,B1368,Sumber,Jawa Barat,,,B,17,0,18,0,0,35
2026-04-03,T1,BUS,B1368,Sumber,Jawa Barat,,,B,17,0,16,0,0,33
2026-01-01,T1,BUS,B1344,Sungai Kunjang,Kalimantan Timur,,,B,30,448,34,152,600,64
2026-01-02,T1,BUS,B1344,Sungai Kunjang,Kalimantan Timur,,,B,21,356,30,185,541,51
2026-01-03,T1,BUS,B1344,Sungai Kunjang,Kalimantan Timur,,,B,34,551,44,250,801,78
2026-01-04,T1,BUS,B1344,Sungai Kunjang,Kalimantan Timur,,,B,23,390,42,220,610,65
2026-01-05,T1,BUS,B1344,Sungai Kunjang,Kalimantan Timur,,,B,27,374,42,229,603,69
2026-01-06,T1,BUS,B1344,Sungai Kunjang,Kalimantan Timur,,,B,27,326,33,173,499,60
2026-01-07,T1,BUS,B1344,Sungai Kunjang,Kalimantan Timur,,,B,25,378,37,189,567,62
2026-01-08,T1,BUS,B1344,Sungai Kunjang,Kalimantan Timur,,,B,26,304,41,175,479,67
2026-01-09,T1,BUS,B1344,Sungai Kunjang,Kalimantan Timur,,,B,18,255,43,168,423,61
2026-01-10,T1,BUS,B1344,Sungai Kunjang,Kalimantan Timur,,,B,26,334,37,164,498,63
2026-01-11,T1,BUS,B1344,Sungai Kunjang,Kalimantan Timur,,,B,16,210,37,189,399,53
2026-01-12,T1,BUS,B1344,Sungai Kunjang,Kalimantan Timur,,,B,26,312,35,165,477,61
2026-01-13,T1,BUS,B1344,Sungai Kunjang,Kalimantan Timur,,,B,18,236,41,161,397,59
2026-01-14,T1,BUS,B1344,Sungai Kunjang,Kalimantan Timur,,,B,23,252,27,130,382,50
2026-01-15,T1,BUS,B1344,Sungai Kunjang,Kalimantan Timur,,,B,0,0,28,128,128,28
2026-01-16,T1,BUS,B1344,Sungai Kunjang,Kalimantan Timur,,,B,23,290,31,124,414,54
2026-01-17,T1,BUS,B1344,Sungai Kunjang,Kalimantan Timur,,,B,8,126,33,145,271,41
2026-01-18,T1,BUS,B1344,Sungai Kunjang,Kalimantan Timur,,,B,26,344,33,136,480,59
2026-01-19,T1,BUS,B1344,Sungai Kunjang,Kalimantan Timur,,,B,2,29,34,148,177,36
2026-01-20,T1,BUS,B1344,Sungai Kunjang,Kalimantan Timur,,,B,24,313,26,110,423,50
2026-01-21,T1,BUS,B1344,Sungai Kunjang,Kalimantan Timur,,,B,0,0,34,149,149,34
2026-01-22,T1,BUS,B1344,Sungai Kunjang,Kalimantan Timur,,,B,23,272,24,112,384,47
2026-01-23,T1,BUS,B1344,Sungai Kunjang,Kalimantan Timur,,,B,13,157,37,146,303,50
2026-01-24,T1,BUS,B1344,Sungai Kunjang,Kalimantan Timur,,,B,22,271,37,159,430,59
2026-01-25,T1,BUS,B1344,Sungai Kunjang,Kalimantan Timur,,,B,22,303,37,154,457,59
2026-01-26,T1,BUS,B1344,Sungai Kunjang,Kalimantan Timur,,,B,26,325,37,181,506,63
2026-01-27,T1,BUS,B1344,Sungai Kunjang,Kalimantan Timur,,,B,0,0,34,161,161,34
2026-01-28,T1,BUS,B1344,Sungai Kunjang,Kalimantan Timur,,,B,23,265,26,134,399,49
2026-01-29,T1,BUS,B1344,Sungai Kunjang,Kalimantan Timur,,,B,16,242,34,168,410,50
2026-01-30,T1,BUS,B1344,Sungai Kunjang,Kalimantan Timur,,,B,19,214,31,153,367,50
2026-01-31,T1,BUS,B1344,Sungai Kunjang,Kalimantan Timur,,,B,13,195,27,121,316,40
2026-02-01,T1,BUS,B1344,Sungai Kunjang,Kalimantan Timur,,,B,23,366,26,150,516,49
2026-02-02,T1,BUS,B1344,Sungai Kunjang,Kalimantan Timur,,,B,4,61,36,142,203,40
2026-02-03,T1,BUS,B1344,Sungai Kunjang,Kalimantan Timur,,,B,22,266,23,131,397,45
2026-02-04,T1,BUS,B1344,Sungai Kunjang,Kalimantan Timur,,,B,17,211,35,139,350,52
2026-02-05,T1,BUS,B1344,Sungai Kunjang,Kalimantan Timur,,,B,24,308,21,131,439,45
2026-02-06,T1,BUS,B1344,Sungai Kunjang,Kalimantan Timur,,,B,2,34,37,143,177,39
2026-02-07,T1,BUS,B1344,Sungai Kunjang,Kalimantan Timur,,,B,22,359,24,134,493,46
2026-02-08,T1,BUS,B1344,Sungai Kunjang,Kalimantan Timur,,,B,5,80,34,143,223,39
2026-02-09,T1,BUS,B1344,Sungai Kunjang,Kalimantan Timur,,,B,18,330,26,172,502,44
2026-02-10,T1,BUS,B1344,Sungai Kunjang,Kalimantan Timur,,,B,0,0,27,118,118,27
2026-02-11,T1,BUS,B1344,Sungai Kunjang,Kalimantan Timur,,,B,22,330,26,148,478,48
2026-02-12,T1,BUS,B1344,Sungai Kunjang,Kalimantan Timur,,,B,0,0,34,159,159,34
2026-02-13,T1,BUS,B1344,Sungai Kunjang,Kalimantan Timur,,,B,19,231,33,161,392,52
2026-02-14,T1,BUS,B1344,Sungai Kunjang,Kalimantan Timur,,,B,11,179,40,225,404,51
2026-02-15,T1,BUS,B1344,Sungai Kunjang,Kalimantan Timur,,,B,28,417,30,190,607,58
2026-02-16,T1,BUS,B1344,Sungai Kunjang,Kalimantan Timur,,,B,16,238,39,202,440,55
2026-02-17,T1,BUS,B1344,Sungai Kunjang,Kalimantan Timur,,,B,28,495,38,193,688,66
2026-02-18,T1,BUS,B1344,Sungai Kunjang,Kalimantan Timur,,,B,3,37,38,140,177,41
2026-02-19,T1,BUS,B1344,Sungai Kunjang,Kalimantan Timur,,,B,17,263,23,103,366,40
2026-02-20,T1,BUS,B1344,Sungai Kunjang,Kalimantan Timur,,,B,5,70,30,142,212,35
2026-02-21,T1,BUS,B1344,Sungai Kunjang,Kalimantan Timur,,,B,8,123,26,121,244,34
2026-02-22,T1,BUS,B1344,Sungai Kunjang,Kalimantan Timur,,,B,19,280,35,170,450,54
2026-02-23,T1,BUS,B1344,Sungai Kunjang,Kalimantan Timur,,,B,23,333,24,111,444,47
2026-02-24,T1,BUS,B1344,Sungai Kunjang,Kalimantan Timur,,,B,7,105,28,127,232,35
2026-02-25,T1,BUS,B1344,Sungai Kunjang,Kalimantan Timur,,,B,18,223,32,119,342,50
2026-02-26,T1,BUS,B1344,Sungai Kunjang,Kalimantan Timur,,,B,0,0,34,124,124,34
2026-02-27,T1,BUS,B1344,Sungai Kunjang,Kalimantan Timur,,,B,12,113,34,133,246,46
2026-02-28,T1,BUS,B1344,Sungai Kunjang,Kalimantan Timur,,,B,0,0,31,139,139,31
2026-03-01,T1,BUS,B1344,Sungai Kunjang,Kalimantan Timur,,,B,16,214,33,143,357,49
2026-03-02,T1,BUS,B1344,Sungai Kunjang,Kalimantan Timur,,,B,0,0,29,115,115,29
2026-03-03,T1,BUS,B1344,Sungai Kunjang,Kalimantan Timur,,,B,14,147,31,107,254,45
2026-03-04,T1,BUS,B1344,Sungai Kunjang,Kalimantan Timur,,,B,5,79,30,107,186,35
2026-03-05,T1,BUS,B1344,Sungai Kunjang,Kalimantan Timur,,,B,13,157,27,121,278,40
2026-03-06,T1,BUS,B1344,Sungai Kunjang,Kalimantan Timur,,,B,0,0,30,150,150,30
2026-03-07,T1,BUS,B1344,Sungai Kunjang,Kalimantan Timur,,,B,12,156,27,146,302,39
2026-03-08,T1,BUS,B1344,Sungai Kunjang,Kalimantan Timur,,,B,15,220,40,175,395,55
2026-03-09,T1,BUS,B1344,Sungai Kunjang,Kalimantan Timur,,,B,18,269,30,134,403,48
2026-03-10,T1,BUS,B1344,Sungai Kunjang,Kalimantan Timur,,,B,0,0,30,143,143,30
2026-03-11,T1,BUS,B1344,Sungai Kunjang,Kalimantan Timur,,,B,16,190,24,123,313,40
2026-03-12,T1,BUS,B1344,Sungai Kunjang,Kalimantan Timur,,,B,0,0,35,166,166,35
2026-03-13,T1,BUS,B1344,Sungai Kunjang,Kalimantan Timur,,,B,25,298,40,181,479,65
2026-03-14,T1,BUS,B1344,Sungai Kunjang,Kalimantan Timur,,,B,28,384,42,236,620,70
2026-03-15,T1,BUS,B1344,Sungai Kunjang,Kalimantan Timur,,,B,30,378,40,228,606,70
2026-03-16,T1,BUS,B1344,Sungai Kunjang,Kalimantan Timur,,,B,33,571,40,217,788,73
2026-03-17,T1,BUS,B1344,Sungai Kunjang,Kalimantan Timur,,,B,30,388,44,242,630,74
2026-03-18,T1,BUS,B1344,Sungai Kunjang,Kalimantan Timur,,,B,34,527,45,274,801,79
2026-03-19,T1,BUS,B1344,Sungai Kunjang,Kalimantan Timur,,,B,39,665,45,264,929,84
2026-03-20,T1,BUS,B1344,Sungai Kunjang,Kalimantan Timur,,,B,21,308,33,135,443,54
2026-03-21,T1,BUS,B1344,Sungai Kunjang,Kalimantan Timur,,,B,8,95,8,30,125,16
2026-03-22,T1,BUS,B1344,Sungai Kunjang,Kalimantan Timur,,,B,9,132,39,278,410,48
2026-03-23,T1,BUS,B1344,Sungai Kunjang,Kalimantan Timur,,,B,34,734,38,256,990,72
2026-03-24,T1,BUS,B1344,Sungai Kunjang,Kalimantan Timur,,,B,30,495,45,307,802,75
2026-03-25,T1,BUS,B1344,Sungai Kunjang,Kalimantan Timur,,,B,37,704,41,258,962,78
2026-03-26,T1,BUS,B1344,Sungai Kunjang,Kalimantan Timur,,,B,10,147,43,287,434,53
2026-03-27,T1,BUS,B1344,Sungai Kunjang,Kalimantan Timur,,,B,31,492,50,262,754,81
2026-03-28,T1,BUS,B1344,Sungai Kunjang,Kalimantan Timur,,,B,15,248,38,308,556,53
2026-03-29,T1,BUS,B1344,Sungai Kunjang,Kalimantan Timur,,,B,40,717,39,255,972,79
2026-03-30,T1,BUS,B1344,Sungai Kunjang,Kalimantan Timur,,,B,23,299,38,238,537,61
2026-03-31,T1,BUS,B1344,Sungai Kunjang,Kalimantan Timur,,,B,23,291,33,197,488,56
2026-04-01,T1,BUS,B1344,Sungai Kunjang,Kalimantan Timur,,,B,0,0,32,179,179,32
2026-04-02,T1,BUS,B1344,Sungai Kunjang,Kalimantan Timur,,,B,27,339,34,196,535,61
2026-04-03,T1,BUS,B1344,Sungai Kunjang,Kalimantan Timur,,,B,0,0,42,226,226,42
2026-04-04,T1,BUS,B1344,Sungai Kunjang,Kalimantan Timur,,,B,28,361,36,168,529,64
2026-04-05,T1,BUS,B1344,Sungai Kunjang,Kalimantan Timur,,,B,16,221,42,249,470,58
2026-04-06,T1,BUS,B1344,Sungai Kunjang,Kalimantan Timur,,,B,25,406,34,150,556,59
2026-04-07,T1,BUS,B1344,Sungai Kunjang,Kalimantan Timur,,,B,17,225,33,193,418,50
2026-04-08,T1,BUS,B1344,Sungai Kunjang,Kalimantan Timur,,,B,22,291,33,158,449,55
2026-04-09,T1,BUS,B1344,Sungai Kunjang,Kalimantan Timur,,,B,0,0,41,196,196,41
2026-04-10,T1,BUS,B1344,Sungai Kunjang,Kalimantan Timur,,,B,22,331,33,140,471,55
2026-04-11,T1,BUS,B1344,Sungai Kunjang,Kalimantan Timur,,,B,0,0,36,162,162,36
2026-04-12,T1,BUS,B1344,Sungai Kunjang,Kalimantan Timur,,,B,28,363,38,187,550,66
2026-04-13,T1,BUS,B1344,Sungai Kunjang,Kalimantan Timur,,,B,19,257,35,162,419,54
2026-04-14,T1,BUS,B1344,Sungai Kunjang,Kalimantan Timur,,,B,26,343,35,170,513,61
2026-04-15,T1,BUS,B1344,Sungai Kunjang,Kalimantan Timur,,,B,19,245,42,166,411,61
2026-04-16,T1,BUS,B1344,Sungai Kunjang,Kalimantan Timur,,,B,21,249,35,164,413,56
2026-04-17,T1,BUS,B1344,Sungai Kunjang,Kalimantan Timur,,,B,14,166,37,164,330,51
2026-04-18,T1,BUS,B1344,Sungai Kunjang,Kalimantan Timur,,,B,21,272,34,146,418,55
2026-04-19,T1,BUS,B1344,Sungai Kunjang,Kalimantan Timur,,,B,0,0,39,192,192,39
2026-04-20,T1,BUS,B1344,Sungai Kunjang,Kalimantan Timur,,,B,22,278,31,137,415,53
2026-04-21,T1,BUS,B1344,Sungai Kunjang,Kalimantan Timur,,,B,11,159,32,157,316,43
2026-04-22,T1,BUS,B1344,Sungai Kunjang,Kalimantan Timur,,,B,25,321,37,189,510,62
2026-04-23,T1,BUS,B1344,Sungai Kunjang,Kalimantan Timur,,,B,10,115,34,164,279,44
2026-04-24,T1,BUS,B1344,Sungai Kunjang,Kalimantan Timur,,,B,23,293,38,165,458,61
2026-04-25,T1,BUS,B1344,Sungai Kunjang,Kalimantan Timur,,,B,20,254,38,140,394,58
2026-04-26,T1,BUS,B1344,Sungai Kunjang,Kalimantan Timur,,,B,22,284,35,166,450,57
2026-04-27,T1,BUS,B1344,Sungai Kunjang,Kalimantan Timur,,,B,0,0,26,152,152,26
2026-04-28,T1,BUS,B1344,Sungai Kunjang,Kalimantan Timur,,,B,21,298,27,167,465,48
2026-04-29,T1,BUS,B1344,Sungai Kunjang,Kalimantan Timur,,,B,0,0,36,155,155,36
2026-04-30,T1,BUS,B1344,Sungai Kunjang,Kalimantan Timur,,,B,22,275,32,181,456,54
2026-05-01,T2,BUS,B1344,Sungai Kunjang,Kalimantan Timur,,,B,0,0,35,173,173,35
2026-05-02,T2,BUS,B1344,Sungai Kunjang,Kalimantan Timur,,,B,20,267,30,125,392,50
2026-05-03,T2,BUS,B1344,Sungai Kunjang,Kalimantan Timur,,,B,17,203,39,208,411,56
2026-05-04,T2,BUS,B1344,Sungai Kunjang,Kalimantan Timur,,,B,27,344,34,141,485,61
2026-05-05,T2,BUS,B1344,Sungai Kunjang,Kalimantan Timur,,,B,12,131,30,144,275,42
2026-05-06,T2,BUS,B1344,Sungai Kunjang,Kalimantan Timur,,,B,22,285,35,168,453,57
2026-05-07,T2,BUS,B1344,Sungai Kunjang,Kalimantan Timur,,,B,13,162,35,150,312,48
2026-05-08,T2,BUS,B1344,Sungai Kunjang,Kalimantan Timur,,,B,22,269,33,162,431,55
2026-05-09,T2,BUS,B1344,Sungai Kunjang,Kalimantan Timur,,,B,0,0,36,162,162,36
2026-05-10,T2,BUS,B1344,Sungai Kunjang,Kalimantan Timur,,,B,24,317,38,194,511,62
2026-05-11,T2,BUS,B1344,Sungai Kunjang,Kalimantan Timur,,,B,14,213,33,174,387,47
2026-05-12,T2,BUS,B1344,Sungai Kunjang,Kalimantan Timur,,,B,21,282,33,138,420,54
2026-05-13,T2,BUS,B1344,Sungai Kunjang,Kalimantan Timur,,,B,7,84,30,144,228,37
2026-05-14,T2,BUS,B1344,Sungai Kunjang,Kalimantan Timur,,,B,26,398,39,181,579,65
2026-05-15,T2,BUS,B1344,Sungai Kunjang,Kalimantan Timur,,,B,0,0,34,120,120,34
2026-05-16,T2,BUS,B1344,Sungai Kunjang,Kalimantan Timur,,,B,28,405,27,117,522,55
2026-05-17,T2,BUS,B1344,Sungai Kunjang,Kalimantan Timur,,,B,2,26,35,181,207,37
2026-05-18,T2,BUS,B1344,Sungai Kunjang,Kalimantan Timur,,,B,33,461,35,159,620,68
2026-05-19,T2,BUS,B1344,Sungai Kunjang,Kalimantan Timur,,,B,12,157,28,119,276,40
2026-05-20,T2,BUS,B1344,Sungai Kunjang,Kalimantan Timur,,,B,31,377,30,137,514,61
2026-05-21,T2,BUS,B1344,Sungai Kunjang,Kalimantan Timur,,,B,0,0,29,129,129,29
2026-05-22,T2,BUS,B1344,Sungai Kunjang,Kalimantan Timur,,,B,21,269,33,137,406,54
2026-05-23,T2,BUS,B1344,Sungai Kunjang,Kalimantan Timur,,,B,0,0,29,142,142,29
2026-05-24,T2,BUS,B1344,Sungai Kunjang,Kalimantan Timur,,,B,23,358,38,196,554,61
2026-05-25,T2,BUS,B1344,Sungai Kunjang,Kalimantan Timur,,,B,0,0,38,188,188,38
2026-05-26,T2,BUS,B1344,Sungai Kunjang,Kalimantan Timur,,,B,24,331,37,248,579,61
2026-05-27,T2,BUS,B1344,Sungai Kunjang,Kalimantan Timur,,,B,19,274,20,85,359,39
2026-05-28,T2,BUS,B1344,Sungai Kunjang,Kalimantan Timur,,,B,14,163,37,161,324,51
2026-05-29,T2,BUS,B1344,Sungai Kunjang,Kalimantan Timur,,,B,13,162,38,181,343,51
2026-05-30,T2,BUS,B1344,Sungai Kunjang,Kalimantan Timur,,,B,29,424,32,147,571,61
2026-05-31,T2,BUS,B1344,Sungai Kunjang,Kalimantan Timur,,,B,18,235,35,164,399,53
2026-06-01,T2,BUS,B1344,Sungai Kunjang,Kalimantan Timur,,,B,35,514,44,186,700,79
2026-06-02,T2,BUS,B1344,Sungai Kunjang,Kalimantan Timur,,,B,18,237,38,174,411,56
2026-06-03,T2,BUS,B1344,Sungai Kunjang,Kalimantan Timur,,,B,19,309,28,129,438,47
2026-06-04,T2,BUS,B1344,Sungai Kunjang,Kalimantan Timur,,,B,0,0,33,166,166,33
2026-06-05,T2,BUS,B1344,Sungai Kunjang,Kalimantan Timur,,,B,28,371,37,176,547,65
2026-06-06,T2,BUS,B1344,Sungai Kunjang,Kalimantan Timur,,,B,7,94,36,138,232,43
2026-06-07,T2,BUS,B1344,Sungai Kunjang,Kalimantan Timur,,,B,20,253,37,157,410,57
2026-06-08,T2,BUS,B1344,Sungai Kunjang,Kalimantan Timur,,,B,13,153,34,168,321,47
2026-06-09,T2,BUS,B1344,Sungai Kunjang,Kalimantan Timur,,,B,19,248,28,144,392,47
2026-06-10,T2,BUS,B1344,Sungai Kunjang,Kalimantan Timur,,,B,0,0,30,164,164,30
2026-06-11,T2,BUS,B1344,Sungai Kunjang,Kalimantan Timur,,,B,20,259,34,189,448,54
2026-06-12,T2,BUS,B1344,Sungai Kunjang,Kalimantan Timur,,,B,8,99,37,189,288,45
2026-06-13,T2,BUS,B1344,Sungai Kunjang,Kalimantan Timur,,,B,20,284,33,183,467,53
2026-06-14,T2,BUS,B1344,Sungai Kunjang,Kalimantan Timur,,,B,12,150,34,184,334,46
2026-06-15,T2,BUS,B1344,Sungai Kunjang,Kalimantan Timur,,,B,22,282,30,160,442,52
2026-06-16,T2,BUS,B1344,Sungai Kunjang,Kalimantan Timur,,,B,0,0,33,197,197,33
2026-06-17,T2,BUS,B1344,Sungai Kunjang,Kalimantan Timur,,,B,21,263,29,157,420,50
2026-06-18,T2,BUS,B1344,Sungai Kunjang,Kalimantan Timur,,,B,11,122,29,165,287,40
2026-06-19,T2,BUS,B1344,Sungai Kunjang,Kalimantan Timur,,,B,17,223,34,148,371,51
2026-06-20,T2,BUS,B1344,Sungai Kunjang,Kalimantan Timur,,,B,14,194,31,181,375,45
2026-06-21,T2,BUS,B1344,Sungai Kunjang,Kalimantan Timur,,,B,24,299,28,181,480,52
2026-06-22,T2,BUS,B1344,Sungai Kunjang,Kalimantan Timur,,,B,14,147,30,192,339,44
2026-06-23,T2,BUS,B1344,Sungai Kunjang,Kalimantan Timur,,,B,25,317,30,181,498,55
2026-06-24,T2,BUS,B1344,Sungai Kunjang,Kalimantan Timur,,,B,8,108,32,180,288,40
2026-06-25,T2,BUS,B1344,Sungai Kunjang,Kalimantan Timur,,,B,26,320,31,194,514,57
2026-06-26,T2,BUS,B1344,Sungai Kunjang,Kalimantan Timur,,,B,9,108,35,162,270,44
2026-06-27,T2,BUS,B1344,Sungai Kunjang,Kalimantan Timur,,,B,27,343,42,209,552,69
2026-06-28,T2,BUS,B1344,Sungai Kunjang,Kalimantan Timur,,,B,0,0,33,188,188,33
2026-06-29,T2,BUS,B1344,Sungai Kunjang,Kalimantan Timur,,,B,22,329,30,189,518,52
2026-06-30,T2,BUS,B1344,Sungai Kunjang,Kalimantan Timur,,,B,20,231,37,171,402,57
2026-07-01,T2,BUS,B1344,Sungai Kunjang,Kalimantan Timur,,,B,26,349,33,189,538,59
2026-07-02,T2,BUS,B1344,Sungai Kunjang,Kalimantan Timur,,,B,14,205,33,170,375,47
2026-07-03,T2,BUS,B1344,Sungai Kunjang,Kalimantan Timur,,,B,20,307,35,193,500,55
2026-07-04,T2,BUS,B1344,Sungai Kunjang,Kalimantan Timur,,,B,19,310,35,160,470,54
2026-07-05,T2,BUS,B1344,Sungai Kunjang,Kalimantan Timur,,,B,21,351,33,189,540,54
2026-07-06,T2,BUS,B1344,Sungai Kunjang,Kalimantan Timur,,,B,21,286,39,200,486,60
2026-07-07,T2,BUS,B1344,Sungai Kunjang,Kalimantan Timur,,,B,30,417,35,195,612,65
2026-07-08,T2,BUS,B1344,Sungai Kunjang,Kalimantan Timur,,,B,16,231,34,162,393,50
2026-07-09,T2,BUS,B1344,Sungai Kunjang,Kalimantan Timur,,,B,31,822,35,217,1039,66
2026-07-10,T2,BUS,B1344,Sungai Kunjang,Kalimantan Timur,,,B,16,228,37,178,406,53
2026-07-11,T2,BUS,B1344,Sungai Kunjang,Kalimantan Timur,,,B,36,526,39,218,744,75
2026-07-12,T2,BUS,B1344,Sungai Kunjang,Kalimantan Timur,,,B,0,0,38,221,221,38
2026-07-13,T2,BUS,B1344,Sungai Kunjang,Kalimantan Timur,,,B,26,367,29,176,543,55
2026-07-14,T2,BUS,B1344,Sungai Kunjang,Kalimantan Timur,,,B,17,264,26,154,418,43
2026-07-15,T2,BUS,B1344,Sungai Kunjang,Kalimantan Timur,,,B,25,330,31,158,488,56
2026-07-16,T2,BUS,B1344,Sungai Kunjang,Kalimantan Timur,,,B,24,376,31,137,513,55
2026-07-17,T2,BUS,B1344,Sungai Kunjang,Kalimantan Timur,,,B,23,316,36,174,490,59
2026-07-18,T2,BUS,B1344,Sungai Kunjang,Kalimantan Timur,,,B,26,370,38,126,496,64
2026-07-19,T2,BUS,B1344,Sungai Kunjang,Kalimantan Timur,,,B,27,337,40,212,549,67
2026-07-20,T2,BUS,B1344,Sungai Kunjang,Kalimantan Timur,,,B,20,288,32,130,418,52
2026-07-21,T2,BUS,B1344,Sungai Kunjang,Kalimantan Timur,,,B,21,245,29,168,413,50
2026-07-22,T2,BUS,B1344,Sungai Kunjang,Kalimantan Timur,,,B,20,292,30,133,425,50
2026-07-23,T2,BUS,B1344,Sungai Kunjang,Kalimantan Timur,,,B,30,376,33,150,526,63
2026-07-24,T2,BUS,B1344,Sungai Kunjang,Kalimantan Timur,,,B,21,312,31,122,434,52
2026-07-25,T2,BUS,B1344,Sungai Kunjang,Kalimantan Timur,,,B,34,454,38,177,631,72
2026-07-26,T2,BUS,B1344,Sungai Kunjang,Kalimantan Timur,,,B,26,347,40,152,499,66
2026-07-27,T2,BUS,B1344,Sungai Kunjang,Kalimantan Timur,,,B,28,358,37,165,523,65
2026-07-28,T2,BUS,B1344,Sungai Kunjang,Kalimantan Timur,,,B,24,307,35,145,452,59
2026-07-29,T2,BUS,B1344,Sungai Kunjang,Kalimantan Timur,,,B,18,243,29,140,383,47
2026-07-30,T2,BUS,B1344,Sungai Kunjang,Kalimantan Timur,,,B,20,249,37,132,381,57
2026-07-31,T2,BUS,B1344,Sungai Kunjang,Kalimantan Timur,,,B,15,178,33,139,317,48
2026-08-01,T2,BUS,B1344,Sungai Kunjang,Kalimantan Timur,,,B,24,342,40,154,496,64
2026-08-02,T2,BUS,B1344,Sungai Kunjang,Kalimantan Timur,,,B,32,414,37,181,595,69
2026-08-03,T2,BUS,B1344,Sungai Kunjang,Kalimantan Timur,,,B,21,265,38,145,410,59
2026-08-04,T2,BUS,B1344,Sungai Kunjang,Kalimantan Timur,,,B,25,297,34,160,457,59
2026-08-05,T2,BUS,B1344,Sungai Kunjang,Kalimantan Timur,,,B,0,0,29,124,124,29
2026-08-06,T2,BUS,B1344,Sungai Kunjang,Kalimantan Timur,,,B,25,310,32,170,480,57
2026-08-07,T2,BUS,B1344,Sungai Kunjang,Kalimantan Timur,,,B,21,281,39,114,395,60
2026-08-08,T2,BUS,B1344,Sungai Kunjang,Kalimantan Timur,,,B,30,393,43,182,575,73
2026-08-09,T2,BUS,B1344,Sungai Kunjang,Kalimantan Timur,,,B,24,326,40,156,482,64
2026-08-10,T2,BUS,B1344,Sungai Kunjang,Kalimantan Timur,,,B,31,464,37,186,650,68
2026-08-11,T2,BUS,B1344,Sungai Kunjang,Kalimantan Timur,,,B,21,262,36,136,398,57
2026-08-12,T2,BUS,B1344,Sungai Kunjang,Kalimantan Timur,,,B,22,253,32,159,412,54
2026-08-13,T2,BUS,B1344,Sungai Kunjang,Kalimantan Timur,,,B,21,306,30,111,417,51
2026-08-14,T2,BUS,B1344,Sungai Kunjang,Kalimantan Timur,,,B,18,209,31,155,364,49
2026-08-15,T2,BUS,B1344,Sungai Kunjang,Kalimantan Timur,,,B,24,339,37,148,487,61
2026-08-16,T2,BUS,B1344,Sungai Kunjang,Kalimantan Timur,,,B,22,275,37,182,457,59
2026-08-17,T2,BUS,B1344,Sungai Kunjang,Kalimantan Timur,,,B,24,297,40,148,445,64
2026-08-18,T2,BUS,B1344,Sungai Kunjang,Kalimantan Timur,,,B,25,290,32,148,438,57
2026-08-19,T2,BUS,B1344,Sungai Kunjang,Kalimantan Timur,,,B,20,248,30,120,368,50
2026-08-20,T2,BUS,B1344,Sungai Kunjang,Kalimantan Timur,,,B,20,240,32,151,391,52
2026-08-21,T2,BUS,B1344,Sungai Kunjang,Kalimantan Timur,,,B,13,158,35,132,290,48
2026-08-22,T2,BUS,B1344,Sungai Kunjang,Kalimantan Timur,,,B,33,470,35,172,642,68
2026-08-23,T2,BUS,B1344,Sungai Kunjang,Kalimantan Timur,,,B,15,188,33,149,337,48
2026-08-24,T2,BUS,B1344,Sungai Kunjang,Kalimantan Timur,,,B,23,295,34,159,454,57
2026-08-25,T2,BUS,B1344,Sungai Kunjang,Kalimantan Timur,,,B,15,201,37,147,348,52
2026-08-26,T2,BUS,B1344,Sungai Kunjang,Kalimantan Timur,,,B,25,341,32,154,495,57
2026-08-27,T2,BUS,B1344,Sungai Kunjang,Kalimantan Timur,,,B,16,208,32,122,330,48
2026-08-28,T2,BUS,B1344,Sungai Kunjang,Kalimantan Timur,,,B,18,232,32,127,359,50
2026-08-29,T2,BUS,B1344,Sungai Kunjang,Kalimantan Timur,,,B,28,371,36,134,505,64
2026-08-30,T2,BUS,B1344,Sungai Kunjang,Kalimantan Timur,,,B,31,391,37,192,583,68
2026-08-31,T2,BUS,B1344,Sungai Kunjang,Kalimantan Timur,,,B,25,330,33,135,465,58
2026-09-01,T3,BUS,B1344,Sungai Kunjang,Kalimantan Timur,,,B,25,321,34,149,470,59
2026-09-02,T3,BUS,B1344,Sungai Kunjang,Kalimantan Timur,,,B,20,287,27,117,404,47
2026-09-03,T3,BUS,B1344,Sungai Kunjang,Kalimantan Timur,,,B,23,287,33,156,443,56
2026-09-04,T3,BUS,B1344,Sungai Kunjang,Kalimantan Timur,,,B,17,248,36,143,391,53
2026-09-05,T3,BUS,B1344,Sungai Kunjang,Kalimantan Timur,,,B,34,426,38,155,581,72
2026-09-06,T3,BUS,B1344,Sungai Kunjang,Kalimantan Timur,,,B,25,350,39,155,505,64
2026-09-07,T3,BUS,B1344,Sungai Kunjang,Kalimantan Timur,,,B,30,369,36,150,519,66
2026-09-08,T3,BUS,B1344,Sungai Kunjang,Kalimantan Timur,,,B,7,83,32,166,249,39
2026-09-09,T3,BUS,B1344,Sungai Kunjang,Kalimantan Timur,,,B,24,306,27,137,443,51
2026-09-10,T3,BUS,B1344,Sungai Kunjang,Kalimantan Timur,,,B,26,353,36,127,480,62
2026-09-11,T3,BUS,B1344,Sungai Kunjang,Kalimantan Timur,,,B,24,351,33,142,493,57
2026-09-12,T3,BUS,B1344,Sungai Kunjang,Kalimantan Timur,,,B,21,287,36,146,433,57
2026-09-13,T3,BUS,B1344,Sungai Kunjang,Kalimantan Timur,,,B,23,281,38,209,490,61
2026-09-14,T3,BUS,B1344,Sungai Kunjang,Kalimantan Timur,,,B,24,283,39,151,434,63
2026-09-15,T3,BUS,B1344,Sungai Kunjang,Kalimantan Timur,,,B,24,269,36,192,461,60
2026-09-16,T3,BUS,B1344,Sungai Kunjang,Kalimantan Timur,,,B,0,0,33,119,119,33
2026-09-17,T3,BUS,B1344,Sungai Kunjang,Kalimantan Timur,,,B,28,376,31,177,553,59
2026-09-18,T3,BUS,B1344,Sungai Kunjang,Kalimantan Timur,,,B,21,248,36,137,385,57
2026-09-19,T3,BUS,B1344,Sungai Kunjang,Kalimantan Timur,,,B,28,379,37,162,541,65
2026-09-20,T3,BUS,B1344,Sungai Kunjang,Kalimantan Timur,,,B,31,435,36,200,635,67
2026-09-21,T3,BUS,B1344,Sungai Kunjang,Kalimantan Timur,,,B,24,360,38,231,591,62
2026-09-22,T3,BUS,B1344,Sungai Kunjang,Kalimantan Timur,,,B,14,186,33,125,311,47
2026-09-23,T3,BUS,B1344,Sungai Kunjang,Kalimantan Timur,,,B,22,293,31,147,440,53
2026-09-24,T3,BUS,B1344,Sungai Kunjang,Kalimantan Timur,,,B,19,280,35,119,399,54
2026-09-25,T3,BUS,B1344,Sungai Kunjang,Kalimantan Timur,,,B,28,328,35,157,485,63
2026-09-26,T3,BUS,B1344,Sungai Kunjang,Kalimantan Timur,,,B,19,250,38,147,397,57
2026-09-27,T3,BUS,B1344,Sungai Kunjang,Kalimantan Timur,,,B,23,266,37,161,427,60
2026-09-28,T3,BUS,B1344,Sungai Kunjang,Kalimantan Timur,,,B,20,252,29,129,381,49
2026-09-29,T3,BUS,B1344,Sungai Kunjang,Kalimantan Timur,,,B,7,89,0,0,89,7
2026-01-01,T1,BUS,B1349,Tegalgede,Jawa Tengah,,,B,0,0,13,170,170,13
2026-01-02,T1,BUS,B1349,Tegalgede,Jawa Tengah,,,B,0,0,13,202,202,13
2026-01-03,T1,BUS,B1349,Tegalgede,Jawa Tengah,,,B,0,0,19,347,347,19
2026-01-04,T1,BUS,B1349,Tegalgede,Jawa Tengah,,,B,0,0,12,147,147,12
2026-01-05,T1,BUS,B1349,Tegalgede,Jawa Tengah,,,B,0,0,14,224,224,14
2026-01-06,T1,BUS,B1349,Tegalgede,Jawa Tengah,,,B,0,0,12,175,175,12
2026-01-07,T1,BUS,B1349,Tegalgede,Jawa Tengah,,,B,0,0,10,186,186,10
2026-01-08,T1,BUS,B1349,Tegalgede,Jawa Tengah,,,B,0,0,12,186,186,12
2026-01-09,T1,BUS,B1349,Tegalgede,Jawa Tengah,,,B,0,0,10,204,204,10
2026-01-10,T1,BUS,B1349,Tegalgede,Jawa Tengah,,,B,0,0,11,163,163,11
2026-01-11,T1,BUS,B1349,Tegalgede,Jawa Tengah,,,B,0,0,12,160,160,12
2026-03-11,T1,BUS,B1349,Tegalgede,Jawa Tengah,,,B,0,0,10,197,197,10
2026-03-12,T1,BUS,B1349,Tegalgede,Jawa Tengah,,,B,0,0,10,190,190,10
2026-03-13,T1,BUS,B1349,Tegalgede,Jawa Tengah,,,B,0,0,14,234,234,14
2026-03-14,T1,BUS,B1349,Tegalgede,Jawa Tengah,,,B,0,0,13,171,171,13
2026-03-15,T1,BUS,B1349,Tegalgede,Jawa Tengah,,,B,0,0,7,95,95,7
2026-03-16,T1,BUS,B1349,Tegalgede,Jawa Tengah,,,B,0,0,10,163,163,10
2026-03-17,T1,BUS,B1349,Tegalgede,Jawa Tengah,,,B,0,0,10,176,176,10
2026-03-18,T1,BUS,B1349,Tegalgede,Jawa Tengah,,,B,0,0,8,152,152,8
2026-03-19,T1,BUS,B1349,Tegalgede,Jawa Tengah,,,B,0,0,10,124,124,10
2026-03-20,T1,BUS,B1349,Tegalgede,Jawa Tengah,,,B,0,0,5,30,30,5
2026-03-21,T1,BUS,B1349,Tegalgede,Jawa Tengah,,,B,0,0,4,28,28,4
2026-03-22,T1,BUS,B1349,Tegalgede,Jawa Tengah,,,B,0,0,3,25,25,3
2026-03-23,T1,BUS,B1349,Tegalgede,Jawa Tengah,,,B,0,0,15,227,227,15
2026-03-24,T1,BUS,B1349,Tegalgede,Jawa Tengah,,,B,0,0,21,415,415,21
2026-03-25,T1,BUS,B1349,Tegalgede,Jawa Tengah,,,B,0,0,19,249,249,19
2026-03-26,T1,BUS,B1349,Tegalgede,Jawa Tengah,,,B,0,0,21,310,310,21
2026-03-27,T1,BUS,B1349,Tegalgede,Jawa Tengah,,,B,0,0,18,240,240,18
2026-03-28,T1,BUS,B1349,Tegalgede,Jawa Tengah,,,B,0,0,17,197,197,17
2026-03-29,T1,BUS,B1349,Tegalgede,Jawa Tengah,,,B,0,0,19,161,161,19
2026-03-30,T1,BUS,B1349,Tegalgede,Jawa Tengah,,,B,0,0,17,322,322,17
2026-03-31,T1,BUS,B1349,Tegalgede,Jawa Tengah,,,B,0,0,14,257,257,14
2026-04-01,T1,BUS,B1349,Tegalgede,Jawa Tengah,,,B,0,0,13,261,261,13
2026-04-02,T1,BUS,B1349,Tegalgede,Jawa Tengah,,,B,0,0,12,182,182,12
2026-04-03,T1,BUS,B1349,Tegalgede,Jawa Tengah,,,B,0,0,9,114,114,9
2026-04-04,T1,BUS,B1349,Tegalgede,Jawa Tengah,,,B,0,0,11,147,147,11
2026-04-06,T1,BUS,B1349,Tegalgede,Jawa Tengah,,,B,0,0,11,229,229,11
2026-04-08,T1,BUS,B1349,Tegalgede,Jawa Tengah,,,B,0,0,11,182,182,11
2026-03-13,T1,BUS,B1350,Temayang,Jawa Timur,,,B,2,38,2,33,71,4
2026-03-14,T1,BUS,B1350,Temayang,Jawa Timur,,,B,4,76,4,70,146,8
2026-03-15,T1,BUS,B1350,Temayang,Jawa Timur,,,B,4,81,4,80,161,8
2026-03-16,T1,BUS,B1350,Temayang,Jawa Timur,,,B,4,80,4,77,157,8
2026-03-17,T1,BUS,B1350,Temayang,Jawa Timur,,,B,4,69,4,64,133,8
2026-03-18,T1,BUS,B1350,Temayang,Jawa Timur,,,B,4,78,4,72,150,8
2026-03-19,T1,BUS,B1350,Temayang,Jawa Timur,,,B,4,92,4,84,176,8
2026-03-20,T1,BUS,B1350,Temayang,Jawa Timur,,,B,4,87,4,86,173,8
2026-03-21,T1,BUS,B1350,Temayang,Jawa Timur,,,B,4,79,4,79,158,8
2026-03-22,T1,BUS,B1350,Temayang,Jawa Timur,,,B,4,97,4,87,184,8
2026-03-23,T1,BUS,B1350,Temayang,Jawa Timur,,,B,4,117,4,116,233,8
2026-03-24,T1,BUS,B1350,Temayang,Jawa Timur,,,B,4,100,4,98,198,8
2026-03-25,T1,BUS,B1350,Temayang,Jawa Timur,,,B,4,99,4,93,192,8
2026-03-26,T1,BUS,B1350,Temayang,Jawa Timur,,,B,4,78,4,79,157,8
2026-03-27,T1,BUS,B1350,Temayang,Jawa Timur,,,B,4,71,4,71,142,8
2026-03-28,T1,BUS,B1350,Temayang,Jawa Timur,,,B,4,94,4,93,187,8
2026-03-29,T1,BUS,B1350,Temayang,Jawa Timur,,,B,4,100,4,103,203,8
2026-01-05,T1,BUS,B1354,Untung Suropati,Jawa Timur,,,B,74,212,66,698,910,140
2026-01-06,T1,BUS,B1354,Untung Suropati,Jawa Timur,,,B,56,159,65,678,837,121
2026-01-07,T1,BUS,B1354,Untung Suropati,Jawa Timur,,,B,64,157,67,806,963,131
2026-01-08,T1,BUS,B1354,Untung Suropati,Jawa Timur,,,B,69,91,69,659,750,138
2026-01-09,T1,BUS,B1354,Untung Suropati,Jawa Timur,,,B,70,97,70,656,753,140
2026-01-10,T1,BUS,B1354,Untung Suropati,Jawa Timur,,,B,66,164,64,644,808,130
2026-01-11,T1,BUS,B1354,Untung Suropati,Jawa Timur,,,B,63,114,62,578,692,125
2026-01-12,T1,BUS,B1354,Untung Suropati,Jawa Timur,,,B,73,152,73,952,1104,146
2026-01-13,T1,BUS,B1354,Untung Suropati,Jawa Timur,,,B,63,127,66,691,818,129
2026-01-14,T1,BUS,B1354,Untung Suropati,Jawa Timur,,,B,68,126,68,652,778,136
2026-01-19,T1,BUS,B1354,Untung Suropati,Jawa Timur,,,B,70,154,70,767,921,140
2026-01-20,T1,BUS,B1354,Untung Suropati,Jawa Timur,,,B,71,88,68,636,724,139
2026-01-21,T1,BUS,B1354,Untung Suropati,Jawa Timur,,,B,68,127,68,670,797,136
2026-01-22,T1,BUS,B1354,Untung Suropati,Jawa Timur,,,B,61,115,60,552,667,121
2026-01-23,T1,BUS,B1354,Untung Suropati,Jawa Timur,,,B,70,130,70,654,784,140
2026-01-24,T1,BUS,B1354,Untung Suropati,Jawa Timur,,,B,63,116,67,729,845,130
2026-01-25,T1,BUS,B1354,Untung Suropati,Jawa Timur,,,B,58,134,58,534,668,116
2026-01-06,T1,BUS,B1496,Wonosari,D.I Yogyakarta,,,C,1,4,0,0,4,1
2026-01-01,T1,BUS,B1450,st. Hall,Jawa Barat,,,B,66,111,72,141,252,138
2026-01-02,T1,BUS,B1450,st. Hall,Jawa Barat,,,B,90,226,89,186,412,179
2026-01-03,T1,BUS,B1450,st. Hall,Jawa Barat,,,B,69,158,95,175,333,164
2026-01-04,T1,BUS,B1450,st. Hall,Jawa Barat,,,B,60,198,79,192,390,139
2026-01-05,T1,BUS,B1450,st. Hall,Jawa Barat,,,B,78,345,74,174,519,152
2026-01-06,T1,BUS,B1450,st. Hall,Jawa Barat,,,B,24,72,34,58,130,58
2026-01-07,T1,BUS,B1450,st. Hall,Jawa Barat,,,B,96,249,95,196,445,191
2026-01-08,T1,BUS,B1450,st. Hall,Jawa Barat,,,B,91,295,82,139,434,173
2026-01-09,T1,BUS,B1450,st. Hall,Jawa Barat,,,B,47,101,64,135,236,111
2026-01-11,T1,BUS,B1450,st. Hall,Jawa Barat,,,B,61,132,56,154,286,117
2026-01-12,T1,BUS,B1450,st. Hall,Jawa Barat,,,B,97,284,93,157,441,190
2026-01-13,T1,BUS,B1450,st. Hall,Jawa Barat,,,B,34,106,108,152,258,142
2026-01-14,T1,BUS,B1450,st. Hall,Jawa Barat,,,B,84,215,84,123,338,168
2026-01-15,T1,BUS,B1450,st. Hall,Jawa Barat,,,B,42,116,25,42,158,67
2026-01-16,T1,BUS,B1450,st. Hall,Jawa Barat,,,B,55,86,57,78,164,112
2026-01-17,T1,BUS,B1450,st. Hall,Jawa Barat,,,B,66,127,63,86,213,129
2026-01-18,T1,BUS,B1450,st. Hall,Jawa Barat,,,B,49,112,50,79,191,99
2026-01-19,T1,BUS,B1450,st. Hall,Jawa Barat,,,B,83,323,86,138,461,169
2026-01-20,T1,BUS,B1450,st. Hall,Jawa Barat,,,B,52,128,46,70,198,98
2026-01-21,T1,BUS,B1450,st. Hall,Jawa Barat,,,B,17,38,83,123,161,100
2026-01-22,T1,BUS,B1450,st. Hall,Jawa Barat,,,B,60,158,62,79,237,122
2026-01-23,T1,BUS,B1450,st. Hall,Jawa Barat,,,B,57,136,44,62,198,101
2026-01-24,T1,BUS,B1450,st. Hall,Jawa Barat,,,B,63,165,61,98,263,124
2026-01-25,T1,BUS,B1450,st. Hall,Jawa Barat,,,B,51,123,51,74,197,102
2026-01-26,T1,BUS,B1450,st. Hall,Jawa Barat,,,B,69,213,68,142,355,137
2026-01-27,T1,BUS,B1450,st. Hall,Jawa Barat,,,B,78,170,79,108,278,157
2026-01-28,T1,BUS,B1450,st. Hall,Jawa Barat,,,B,58,142,58,97,239,116
2026-01-29,T1,BUS,B1450,st. Hall,Jawa Barat,,,B,76,182,76,113,295,152
2026-01-30,T1,BUS,B1450,st. Hall,Jawa Barat,,,B,76,159,69,101,260,145
2026-01-31,T1,BUS,B1450,st. Hall,Jawa Barat,,,B,37,83,3,5,88,40
2026-02-01,T1,BUS,B1450,st. Hall,Jawa Barat,,,B,37,64,40,56,120,77
2026-02-02,T1,BUS,B1450,st. Hall,Jawa Barat,,,B,45,194,2,2,196,47
2026-02-11,T1,BUS,B1450,st. Hall,Jawa Barat,,,B,61,229,52,94,323,113
2026-02-12,T1,BUS,B1450,st. Hall,Jawa Barat,,,B,60,157,36,60,217,96
2026-02-13,T1,BUS,B1450,st. Hall,Jawa Barat,,,B,48,147,17,30,177,65
2026-02-14,T1,BUS,B1450,st. Hall,Jawa Barat,,,B,26,91,26,52,143,52
2026-02-19,T1,BUS,B1450,st. Hall,Jawa Barat,,,B,7,16,0,0,16,7
2026-02-20,T1,BUS,B1450,st. Hall,Jawa Barat,,,B,40,139,0,0,139,40
2026-02-23,T1,BUS,B1450,st. Hall,Jawa Barat,,,B,14,42,13,12,54,27
2026-02-24,T1,BUS,B1450,st. Hall,Jawa Barat,,,B,34,110,10,12,122,44
2026-02-25,T1,BUS,B1450,st. Hall,Jawa Barat,,,B,53,166,20,33,199,73
2026-02-26,T1,BUS,B1450,st. Hall,Jawa Barat,,,B,4,11,0,0,11,4
2026-02-27,T1,BUS,B1450,st. Hall,Jawa Barat,,,B,20,57,8,12,69,28
2026-03-01,T1,BUS,B1450,st. Hall,Jawa Barat,,,B,5,15,5,10,25,10
2026-03-02,T1,BUS,B1450,st. Hall,Jawa Barat,,,B,4,10,2,3,13,6
2026-03-03,T1,BUS,B1450,st. Hall,Jawa Barat,,,B,29,74,19,34,108,48
2026-03-04,T1,BUS,B1450,st. Hall,Jawa Barat,,,B,56,110,23,50,160,79
2026-03-05,T1,BUS,B1450,st. Hall,Jawa Barat,,,B,55,128,53,79,207,108
2026-03-06,T1,BUS,B1450,st. Hall,Jawa Barat,,,B,15,39,10,16,55,25
2026-03-07,T1,BUS,B1450,st. Hall,Jawa Barat,,,B,33,41,0,0,41,33
2026-03-09,T1,BUS,B1450,st. Hall,Jawa Barat,,,B,18,107,0,0,107,18
2026-03-10,T1,BUS,B1450,st. Hall,Jawa Barat,,,B,0,0,1,3,3,1
2026-03-12,T1,BUS,B1450,st. Hall,Jawa Barat,,,B,6,16,0,0,16,6
2026-03-13,T1,BUS,B1450,st. Hall,Jawa Barat,,,B,5,14,0,0,14,5
2026-03-14,T1,BUS,B1450,st. Hall,Jawa Barat,,,B,39,79,0,0,79,39
2026-03-15,T1,BUS,B1450,st. Hall,Jawa Barat,,,B,60,176,26,66,242,86
2026-03-16,T1,BUS,B1450,st. Hall,Jawa Barat,,,B,46,81,41,132,213,87
2026-03-17,T1,BUS,B1450,st. Hall,Jawa Barat,,,B,82,120,59,182,302,141
2026-03-18,T1,BUS,B1450,st. Hall,Jawa Barat,,,B,80,127,53,194,321,133
2026-03-19,T1,BUS,B1450,st. Hall,Jawa Barat,,,B,62,116,24,97,213,86
2026-03-20,T1,BUS,B1450,st. Hall,Jawa Barat,,,B,47,70,24,55,125,71
2026-03-21,T1,BUS,B1450,st. Hall,Jawa Barat,,,B,12,3,7,10,13,19
2026-03-22,T1,BUS,B1450,st. Hall,Jawa Barat,,,B,52,70,42,117,187,94
2026-03-23,T1,BUS,B1450,st. Hall,Jawa Barat,,,B,64,152,55,111,263,119
2026-03-24,T1,BUS,B1450,st. Hall,Jawa Barat,,,B,55,154,54,116,270,109
2026-03-25,T1,BUS,B1450,st. Hall,Jawa Barat,,,B,70,425,64,122,547,134
2026-03-26,T1,BUS,B1450,st. Hall,Jawa Barat,,,B,63,238,54,77,315,117
2026-03-27,T1,BUS,B1450,st. Hall,Jawa Barat,,,B,55,201,43,61,262,98
2026-03-28,T1,BUS,B1450,st. Hall,Jawa Barat,,,B,14,32,18,28,60,32
2026-03-29,T1,BUS,B1450,st. Hall,Jawa Barat,,,B,56,198,35,49,247,91
2026-03-30,T1,BUS,B1450,st. Hall,Jawa Barat,,,B,17,79,0,0,79,17
2026-03-31,T1,BUS,B1450,st. Hall,Jawa Barat,,,B,45,137,40,95,232,85
2026-04-01,T1,BUS,B1450,st. Hall,Jawa Barat,,,B,38,79,0,0,79,38
2026-04-02,T1,BUS,B1450,st. Hall,Jawa Barat,,,B,39,121,25,45,166,64
2026-04-03,T1,BUS,B1450,st. Hall,Jawa Barat,,,B,44,124,0,0,124,44
2026-04-04,T1,BUS,B1450,st. Hall,Jawa Barat,,,B,22,48,0,0,48,22
2026-04-06,T1,BUS,B1450,st. Hall,Jawa Barat,,,B,45,164,23,45,209,68
2026-04-07,T1,BUS,B1450,st. Hall,Jawa Barat,,,B,56,137,43,60,197,99
2026-04-08,T1,BUS,B1450,st. Hall,Jawa Barat,,,B,62,131,53,75,206,115
2026-04-09,T1,BUS,B1450,st. Hall,Jawa Barat,,,B,70,169,5,6,175,75
2026-04-10,T1,BUS,B1450,st. Hall,Jawa Barat,,,B,43,103,35,84,187,78
2026-04-13,T1,BUS,B1450,st. Hall,Jawa Barat,,,B,71,232,27,49,281,98
2026-04-14,T1,BUS,B1450,st. Hall,Jawa Barat,,,B,76,207,57,92,299,133
2026-04-16,T1,BUS,B1450,st. Hall,Jawa Barat,,,B,70,153,38,74,227,108
2026-04-17,T1,BUS,B1450,st. Hall,Jawa Barat,,,B,61,139,6,11,150,67
2026-04-20,T1,BUS,B1450,st. Hall,Jawa Barat,,,B,78,278,47,90,368,125
2026-04-21,T1,BUS,B1450,st. Hall,Jawa Barat,,,B,63,146,22,30,176,85
2026-04-22,T1,BUS,B1450,st. Hall,Jawa Barat,,,B,47,117,41,73,190,88
2026-04-23,T1,BUS,B1450,st. Hall,Jawa Barat,,,B,34,100,0,0,100,34
2026-04-24,T1,BUS,B1450,st. Hall,Jawa Barat,,,B,57,117,18,34,151,75
2026-04-27,T1,BUS,B1450,st. Hall,Jawa Barat,,,B,36,101,0,0,101,36
2026-04-28,T1,BUS,B1450,st. Hall,Jawa Barat,,,B,59,159,0,0,159,59
2026-05-01,T2,BUS,B1450,st. Hall,Jawa Barat,,,B,18,31,0,0,31,18
2026-05-02,T2,BUS,B1450,st. Hall,Jawa Barat,,,B,44,80,66,112,192,110
2026-05-04,T2,BUS,B1450,st. Hall,Jawa Barat,,,B,66,157,1,1,158,67
2026-05-05,T2,BUS,B1450,st. Hall,Jawa Barat,,,B,1,0,0,0,0,1
2026-05-06,T2,BUS,B1450,st. Hall,Jawa Barat,,,B,0,0,6,3,3,6
2026-05-07,T2,BUS,B1450,st. Hall,Jawa Barat,,,B,66,148,3,4,152,69
2026-05-08,T2,BUS,B1450,st. Hall,Jawa Barat,,,B,50,100,0,0,100,50
2026-05-11,T2,BUS,B1450,st. Hall,Jawa Barat,,,B,76,239,10,14,253,86
2026-05-12,T2,BUS,B1450,st. Hall,Jawa Barat,,,B,74,150,0,0,150,74
2026-05-13,T2,BUS,B1450,st. Hall,Jawa Barat,,,B,59,139,45,88,227,104
2026-05-14,T2,BUS,B1450,st. Hall,Jawa Barat,,,B,6,9,0,0,9,6
2026-05-15,T2,BUS,B1450,st. Hall,Jawa Barat,,,B,49,73,18,22,95,67
2026-05-18,T2,BUS,B1450,st. Hall,Jawa Barat,,,B,17,67,47,88,155,64
2026-05-19,T2,BUS,B1450,st. Hall,Jawa Barat,,,B,48,107,16,32,139,64
2026-05-20,T2,BUS,B1450,st. Hall,Jawa Barat,,,B,50,108,0,0,108,50
2026-05-26,T2,BUS,B1450,st. Hall,Jawa Barat,,,B,30,68,32,56,124,62
2026-05-29,T2,BUS,B1450,st. Hall,Jawa Barat,,,B,56,144,36,64,208,92
2026-06-03,T2,BUS,B1450,st. Hall,Jawa Barat,,,B,58,132,45,74,206,103
2026-06-04,T2,BUS,B1450,st. Hall,Jawa Barat,,,B,77,213,51,101,314,128
2026-06-05,T2,BUS,B1450,st. Hall,Jawa Barat,,,B,55,95,32,43,138,87
2026-06-06,T2,BUS,B1450,st. Hall,Jawa Barat,,,B,33,65,19,26,91,52
2026-06-08,T2,BUS,B1450,st. Hall,Jawa Barat,,,B,71,206,29,47,253,100
2026-06-12,T2,BUS,B1450,st. Hall,Jawa Barat,,,B,49,98,16,16,114,65
2026-06-15,T2,BUS,B1450,st. Hall,Jawa Barat,,,B,42,137,20,25,162,62
2026-06-16,T2,BUS,B1450,st. Hall,Jawa Barat,,,B,61,134,31,40,174,92
2026-06-17,T2,BUS,B1450,st. Hall,Jawa Barat,,,B,66,160,13,19,179,79
2026-06-19,T2,BUS,B1450,st. Hall,Jawa Barat,,,B,60,152,0,0,152,60
2026-06-22,T2,BUS,B1450,st. Hall,Jawa Barat,,,B,58,204,52,120,324,110
2026-06-23,T2,BUS,B1450,st. Hall,Jawa Barat,,,B,58,148,9,14,162,67
2026-06-24,T2,BUS,B1450,st. Hall,Jawa Barat,,,B,74,191,28,45,236,102
2026-06-25,T2,BUS,B1450,st. Hall,Jawa Barat,,,B,43,112,59,98,210,102
2026-06-26,T2,BUS,B1450,st. Hall,Jawa Barat,,,B,14,32,0,0,32,14
2026-06-30,T2,BUS,B1450,st. Hall,Jawa Barat,,,B,56,146,50,113,259,106
2026-07-02,T2,BUS,B1450,st. Hall,Jawa Barat,,,B,49,122,39,80,202,88
2026-07-06,T2,BUS,B1450,st. Hall,Jawa Barat,,,B,69,233,25,66,299,94
2026-07-07,T2,BUS,B1450,st. Hall,Jawa Barat,,,B,74,202,38,84,286,112
2026-07-08,T2,BUS,B1450,st. Hall,Jawa Barat,,,B,73,218,49,118,336,122
2026-07-09,T2,BUS,B1450,st. Hall,Jawa Barat,,,B,72,153,49,97,250,121
2026-07-10,T2,BUS,B1450,st. Hall,Jawa Barat,,,B,47,110,25,56,166,72
2026-07-13,T2,BUS,B1450,st. Hall,Jawa Barat,,,B,73,328,40,93,421,113
2026-07-14,T2,BUS,B1450,st. Hall,Jawa Barat,,,B,69,174,43,108,282,112
2026-07-15,T2,BUS,B1450,st. Hall,Jawa Barat,,,B,16,40,6,8,48,22
2026-07-16,T2,BUS,B1450,st. Hall,Jawa Barat,,,B,77,164,51,90,254,128
2026-07-17,T2,BUS,B1450,st. Hall,Jawa Barat,,,B,38,95,38,85,180,76
2026-07-20,T2,BUS,B1450,st. Hall,Jawa Barat,,,B,41,156,2,1,157,43
2026-07-21,T2,BUS,B1450,st. Hall,Jawa Barat,,,B,19,51,18,23,74,37
2026-07-22,T2,BUS,B1450,st. Hall,Jawa Barat,,,B,38,82,41,90,172,79
2026-07-23,T2,BUS,B1450,st. Hall,Jawa Barat,,,B,74,182,27,59,241,101
2026-07-24,T2,BUS,B1450,st. Hall,Jawa Barat,,,B,62,142,36,97,239,98
2026-07-27,T2,BUS,B1450,st. Hall,Jawa Barat,,,B,66,201,20,40,241,86
2026-07-28,T2,BUS,B1450,st. Hall,Jawa Barat,,,B,75,197,56,114,311,131
2026-07-29,T2,BUS,B1450,st. Hall,Jawa Barat,,,B,55,121,23,46,167,78
2026-07-30,T2,BUS,B1450,st. Hall,Jawa Barat,,,B,65,154,47,110,264,112
2026-08-03,T2,BUS,B1450,st. Hall,Jawa Barat,,,B,81,251,48,104,355,129
2026-08-04,T2,BUS,B1450,st. Hall,Jawa Barat,,,B,54,113,26,46,159,80
2026-08-11,T2,BUS,B1450,st. Hall,Jawa Barat,,,B,72,174,38,99,273,110
2026-08-12,T2,BUS,B1450,st. Hall,Jawa Barat,,,B,62,138,30,40,178,92
2026-08-13,T2,BUS,B1450,st. Hall,Jawa Barat,,,B,68,137,47,91,228,115
2026-08-14,T2,BUS,B1450,st. Hall,Jawa Barat,,,B,65,127,26,40,167,91
2026-08-15,T2,BUS,B1450,st. Hall,Jawa Barat,,,B,34,66,13,20,86,47
2026-08-16,T2,BUS,B1450,st. Hall,Jawa Barat,,,B,50,82,50,67,149,100
2026-08-17,T2,BUS,B1450,st. Hall,Jawa Barat,,,B,30,69,20,33,102,50
2026-08-18,T2,BUS,B1450,st. Hall,Jawa Barat,,,B,42,208,23,32,240,65
2026-08-19,T2,BUS,B1450,st. Hall,Jawa Barat,,,B,60,156,45,74,230,105
2026-08-20,T2,BUS,B1450,st. Hall,Jawa Barat,,,B,69,173,32,55,228,101
2026-08-21,T2,BUS,B1450,st. Hall,Jawa Barat,,,B,60,141,46,83,224,106
2026-08-22,T2,BUS,B1450,st. Hall,Jawa Barat,,,B,36,92,18,31,123,54
2026-08-23,T2,BUS,B1450,st. Hall,Jawa Barat,,,B,13,38,24,35,73,37
2026-08-24,T2,BUS,B1450,st. Hall,Jawa Barat,,,B,58,161,56,102,263,114
2026-08-25,T2,BUS,B1450,st. Hall,Jawa Barat,,,B,56,115,56,100,215,112
2026-08-26,T2,BUS,B1450,st. Hall,Jawa Barat,,,B,71,154,53,105,259,124
2026-08-27,T2,BUS,B1450,st. Hall,Jawa Barat,,,B,50,109,49,93,202,99
2026-08-28,T2,BUS,B1450,st. Hall,Jawa Barat,,,B,64,126,66,136,262,130
2026-08-29,T2,BUS,B1450,st. Hall,Jawa Barat,,,B,61,105,38,52,157,99
2026-08-30,T2,BUS,B1450,st. Hall,Jawa Barat,,,B,23,47,30,57,104,53
2026-08-31,T2,BUS,B1450,st. Hall,Jawa Barat,,,B,36,132,24,41,173,60
2026-09-01,T3,BUS,B1450,st. Hall,Jawa Barat,,,B,70,165,47,79,244,117
2026-09-02,T3,BUS,B1450,st. Hall,Jawa Barat,,,B,60,135,50,74,209,110
2026-09-03,T3,BUS,B1450,st. Hall,Jawa Barat,,,B,31,42,29,32,74,60
2026-09-04,T3,BUS,B1450,st. Hall,Jawa Barat,,,B,66,117,32,36,153,98
2026-09-05,T3,BUS,B1450,st. Hall,Jawa Barat,,,B,34,42,34,47,89,68
2026-09-06,T3,BUS,B1450,st. Hall,Jawa Barat,,,B,43,93,31,64,157,74
2026-09-07,T3,BUS,B1450,st. Hall,Jawa Barat,,,B,68,221,40,82,303,108
2026-09-08,T3,BUS,B1450,st. Hall,Jawa Barat,,,B,73,187,73,110,297,146
2026-09-09,T3,BUS,B1450,st. Hall,Jawa Barat,,,B,76,180,75,110,290,151
2026-09-10,T3,BUS,B1450,st. Hall,Jawa Barat,,,B,73,157,41,72,229,114
2026-09-11,T3,BUS,B1450,st. Hall,Jawa Barat,,,B,71,165,53,91,256,124
2026-09-14,T3,BUS,B1450,st. Hall,Jawa Barat,,,B,41,150,42,78,228,83
2026-09-15,T3,BUS,B1450,st. Hall,Jawa Barat,,,B,75,164,77,119,283,152
2026-09-16,T3,BUS,B1450,st. Hall,Jawa Barat,,,B,88,215,41,71,286,129
2026-09-17,T3,BUS,B1450,st. Hall,Jawa Barat,,,B,72,155,60,122,277,132
2026-09-18,T3,BUS,B1450,st. Hall,Jawa Barat,,,B,60,127,48,74,201,108
2026-09-19,T3,BUS,B1450,st. Hall,Jawa Barat,,,B,59,119,29,57,176,88
2026-09-20,T3,BUS,B1450,st. Hall,Jawa Barat,,,B,22,51,23,29,80,45
2026-09-21,T3,BUS,B1450,st. Hall,Jawa Barat,,,B,61,219,56,94,313,117
2026-09-22,T3,BUS,B1450,st. Hall,Jawa Barat,,,B,78,178,58,110,288,136
2026-09-23,T3,BUS,B1450,st. Hall,Jawa Barat,,,B,78,188,75,146,334,153
2026-09-24,T3,BUS,B1450,st. Hall,Jawa Barat,,,B,70,154,69,139,293,139
2026-09-25,T3,BUS,B1450,st. Hall,Jawa Barat,,,B,73,166,54,99,265,127
2026-09-26,T3,BUS,B1450,st. Hall,Jawa Barat,,,B,50,115,40,80,195,90
2026-09-27,T3,BUS,B1450,st. Hall,Jawa Barat,,,B,58,118,56,86,204,114
2026-09-28,T3,BUS,B1450,st. Hall,Jawa Barat,,,B,42,146,49,73,219,91
2026-09-29,T3,BUS,B1450,st. Hall,Jawa Barat,,,B,41,91,12,22,113,53
